priority,why,src,tgt,bucket,src_zipf,tgt_zipf,cosine,gender_evidence,verdict,note
1,"gender inferred from the lemma, not stated",forfaitaire,relative,adj.f.s.consonant.c0,3.28,4.33,0.4812,lemma_backfill,,
1,"gender inferred from the lemma, not stated",salariale,cyclable,adj.f.s.consonant.c0,3.62,3.38,0.3727,lemma_backfill,,
1,"gender inferred from the lemma, not stated",fortuite,lombaire,adj.f.s.consonant.c1,3.02,3.0,0.2098,lemma_backfill,,
1,"gender inferred from the lemma, not stated",distante,majoritaire,adj.f.s.consonant.c11,3.29,4.03,0.3895,lemma_backfill,,
1,"gender inferred from the lemma, not stated",sabbatique,bovine,adj.f.s.consonant.c11,3.0,3.11,0.2535,lemma_backfill,,
1,"gender inferred from the lemma, not stated",réversible,grise,adj.f.s.consonant.c2,3.2,3.94,0.3854,lemma_backfill,,
1,"gender inferred from the lemma, not stated",drastique,directe,adj.f.s.consonant.c3,3.21,4.41,0.5156,lemma_backfill,,
1,"gender inferred from the lemma, not stated",pragmatique,différente,adj.f.s.consonant.c3,3.59,4.5,0.5982,lemma_backfill,,
1,"gender inferred from the lemma, not stated",baltique,victorieuse,adj.f.s.consonant.c4,3.24,3.43,0.2458,lemma_backfill,,
1,"gender inferred from the lemma, not stated",bibliographique,germaine,adj.f.s.consonant.c6,3.07,3.26,0.3694,lemma_backfill,,
1,"gender inferred from the lemma, not stated",sociologique,romande,adj.f.s.consonant.c6,3.51,3.22,0.3921,lemma_backfill,,
1,"gender inferred from the lemma, not stated",matinale,loufoque,adj.f.s.consonant.c9,3.51,3.01,0.0541,lemma_backfill,,
1,"gender inferred from the lemma, not stated",impensable,évolutive,adj.f.s.elides.c0,3.42,3.12,0.4918,lemma_backfill,,
1,"gender inferred from the lemma, not stated",épaisse,endémique,adj.f.s.elides.c0,3.77,3.16,0.2562,lemma_backfill,,
1,"gender inferred from the lemma, not stated",abusive,anthropologique,adj.f.s.elides.c2,3.33,3.0,0.1835,lemma_backfill,,
1,"gender inferred from the lemma, not stated",effective,utopique,adj.f.s.elides.c2,3.77,3.21,0.5648,lemma_backfill,,
1,"gender inferred from the lemma, not stated",exhaustive,apostolique,adj.f.s.elides.c2,3.56,3.59,0.1895,lemma_backfill,,
1,"gender inferred from the lemma, not stated",identitaire,immédiate,adj.f.s.elides.c2,3.7,4.12,0.3797,lemma_backfill,,
1,"gender inferred from the lemma, not stated",illégale,élitiste,adj.f.s.elides.c2,3.92,3.01,0.0214,lemma_backfill,,
1,"gender inferred from the lemma, not stated",immobilière,homophobe,adj.f.s.elides.c2,3.8,3.58,0.0578,lemma_backfill,,
1,"gender inferred from the lemma, not stated",potentiels,connexes,adj.m.p.consonant.c3,3.94,3.36,0.5227,lemma_backfill,,
1,"gender inferred from the lemma, not stated",malgache,florentin,adj.m.s.consonant.c0,3.5,3.23,0.1018,lemma_backfill,,
1,"gender inferred from the lemma, not stated",compétitif,cyclique,adj.m.s.consonant.c1,3.59,3.13,0.3384,lemma_backfill,,
1,"gender inferred from the lemma, not stated",bienveillant,zoologique,adj.m.s.consonant.c2,3.43,3.05,0.2307,lemma_backfill,,
1,"gender inferred from the lemma, not stated",boréal,symphonique,adj.m.s.consonant.c2,3.03,3.43,0.3734,lemma_backfill,,
1,"gender inferred from the lemma, not stated",fatal,parodique,adj.m.s.consonant.c2,3.67,3.16,0.1386,lemma_backfill,,
1,"gender inferred from the lemma, not stated",littéral,carbonique,adj.m.s.consonant.c2,3.07,3.03,0.5872,lemma_backfill,,
1,"gender inferred from the lemma, not stated",magistral,pathologique,adj.m.s.consonant.c2,3.12,3.28,0.5688,lemma_backfill,,
1,"gender inferred from the lemma, not stated",passionnant,libertaire,adj.m.s.consonant.c2,3.74,3.39,0.4398,lemma_backfill,,
1,"gender inferred from the lemma, not stated",vraisemblable,sexuel,adj.m.s.consonant.c3,3.24,4.2,0.2071,lemma_backfill,,
1,"gender inferred from the lemma, not stated",dégueu,floral,adj.m.s.consonant.c5,3.45,3.02,-0.0591,lemma_backfill,,
1,"gender inferred from the lemma, not stated",minier,francophone,adj.m.s.consonant.c7,3.5,4.26,0.2627,lemma_backfill,,
1,"gender inferred from the lemma, not stated",populiste,constructif,adj.m.s.consonant.c7,3.33,3.33,0.4767,lemma_backfill,,
1,"gender inferred from the lemma, not stated",tertiaire,constitutionnel,adj.m.s.consonant.c7,3.52,4.13,0.4399,lemma_backfill,,
1,"gender inferred from the lemma, not stated",annuel,impopulaire,adj.m.s.elides.c0,4.32,3.19,0.1605,lemma_backfill,,
1,"gender inferred from the lemma, not stated",honoraire,actuel,adj.m.s.elides.c0,3.51,4.78,0.3382,lemma_backfill,,
1,"gender inferred from the lemma, not stated",océanique,hospitalier,adj.m.s.elides.c0,3.08,3.85,0.2917,lemma_backfill,,
1,"gender inferred from the lemma, not stated",étroit,emblématique,adj.m.s.elides.c0,3.81,3.75,0.3102,lemma_backfill,,
1,"gender inferred from the lemma, not stated",appréciable,informatif,adj.m.s.elides.c2,3.43,3.01,0.437,lemma_backfill,,
1,"gender inferred from the lemma, not stated",imputable,émotionnel,adj.m.s.elides.c2,3.16,3.59,0.3765,lemma_backfill,,
1,"gender inferred from the lemma, not stated",indissociable,hypothécaire,adj.m.s.elides.c2,3.06,3.07,0.28,lemma_backfill,,
1,"gender inferred from the lemma, not stated",irrationnel,imbattable,adj.m.s.elides.c2,3.14,3.13,0.3902,lemma_backfill,,
1,"gender inferred from the lemma, not stated",éventuel,imposable,adj.m.s.elides.c2,3.8,3.35,0.4058,lemma_backfill,,
1,"gender inferred from the lemma, not stated",gueules,fringues,nom.f.p.consonant.c0,3.81,3.72,0.3391,lemma_backfill,,
1,"gender inferred from the lemma, not stated",sourate,gloire,nom.f.s.consonant.c12,3.08,4.31,0.173,lemma_backfill,,
1,"gender inferred from the lemma, not stated",voiture,toilette,nom.f.s.consonant.c13,5.19,3.91,0.4545,lemma_backfill,,
1,"gender inferred from the lemma, not stated",toiture,maison,nom.f.s.consonant.c16,3.58,5.53,0.5461,lemma_backfill,,
1,"gender inferred from the lemma, not stated",méthodologie,géographe,nom.f.s.consonant.c20,3.66,3.17,0.6251,lemma_backfill,,
1,"gender inferred from the lemma, not stated",mèche,gorge,nom.f.s.consonant.c22,3.56,4.33,0.4175,lemma_backfill,,
1,"gender inferred from the lemma, not stated",pendule,cabine,nom.f.s.consonant.c23,3.33,3.93,0.2213,lemma_backfill,,
1,"gender inferred from the lemma, not stated",crête,garenne,nom.f.s.consonant.c24,3.66,3.03,0.467,lemma_backfill,,
1,"gender inferred from the lemma, not stated",historiens,amours,nom.m.p.elides.c6,4.02,3.95,0.2729,lemma_backfill,,
1,"gender inferred from the lemma, not stated",couple,dévouement,nom.m.s.consonant.c10,4.9,3.54,0.3341,lemma_backfill,,
1,"gender inferred from the lemma, not stated",gîte,barman,nom.m.s.consonant.c14,3.36,3.28,0.3244,lemma_backfill,,
1,"gender inferred from the lemma, not stated",greffier,ministre,nom.m.s.consonant.c6,3.27,5.27,0.4134,lemma_backfill,,
1,"gender inferred from the lemma, not stated",aria,océan,nom.m.s.elides.c6,3.21,4.41,0.1472,lemma_backfill,,
2,h-initial: elision class comes from a hand list,habituelles,universelles,adj.f.p.elides.c0,3.6,3.26,0.6705,lexique,,
2,h-initial: elision class comes from a hand list,humaines,étonnantes,adj.f.p.elides.c0,4.42,3.16,0.5914,lexique,,
2,h-initial: elision class comes from a hand list,agressives,heureuses,adj.f.p.elides.c1,3.12,3.46,0.4916,lexique,,
2,h-initial: elision class comes from a hand list,infectieuses,homophobes,adj.f.p.elides.c1,3.2,3.5,0.3427,lexique,,
2,h-initial: elision class comes from a hand list,hospitalières,urbaines,adj.f.p.elides.c2,3.0,3.81,0.543,lexique,,
2,h-initial: elision class comes from a hand list,halal,boréale,adj.f.s.consonant.c2,3.46,3.0,0.2309,lexique,,
2,h-initial: elision class comes from a hand list,habituelle,influente,adj.f.s.elides.c0,3.85,3.07,0.3262,lexique,,
2,h-initial: elision class comes from a hand list,harmonieuse,intégrante,adj.f.s.elides.c0,3.15,3.6,0.5076,lexique,,
2,h-initial: elision class comes from a hand list,écrasante,humaine,adj.f.s.elides.c0,3.47,4.69,0.5986,lexique,,
2,h-initial: elision class comes from a hand list,orale,hollandaise,adj.f.s.elides.c2,3.74,3.31,0.2304,lexique,,
2,h-initial: elision class comes from a hand list,exclusifs,hypothécaires,adj.m.p.elides.c2,3.35,3.03,0.4276,lexique,,
2,h-initial: elision class comes from a hand list,hétérosexuels,existants,adj.m.p.elides.c2,3.01,3.79,0.3383,lexique,,
2,h-initial: elision class comes from a hand list,issus,habituels,adj.m.p.elides.c2,4.29,3.71,0.4274,lexique,,
2,h-initial: elision class comes from a hand list,génial,hautain,adj.m.s.consonant.c5,4.51,3.02,0.2403,lexique,,
2,h-initial: elision class comes from a hand list,hallucinant,habituel,adj.m.s.elides.c1,3.48,3.97,0.4294,lexique,,
2,h-initial: elision class comes from a hand list,inquiet,hilarant,adj.m.s.elides.c1,3.9,3.38,0.3438,lexique,,
2,h-initial: elision class comes from a hand list,horizontal,intestinal,adj.m.s.elides.c2,3.48,3.0,0.2597,lexique,,
2,h-initial: elision class comes from a hand list,hétérogène,anal,adj.m.s.elides.c2,3.14,3.56,0.1335,lexique,,
2,h-initial: elision class comes from a hand list,hautement,logiquement,adv.ment.consonant.c2,3.96,3.86,0.7722,lexique,,
2,h-initial: elision class comes from a hand list,abondamment,habilement,adv.ment.elides.c0,3.49,3.32,0.7082,lexique,,
2,h-initial: elision class comes from a hand list,heureusement,autrement,adv.ment.elides.c0,4.66,4.67,0.7587,lexique,,
2,h-initial: elision class comes from a hand list,humblement,équitablement,adv.ment.elides.c0,3.07,3.09,0.7472,lexique,,
2,h-initial: elision class comes from a hand list,instantanément,honnêtement,adv.ment.elides.c0,3.63,4.08,0.6882,lexique,,
2,h-initial: elision class comes from a hand list,impunément,historiquement,adv.ment.elides.c2,3.04,3.87,0.7902,lexique,,
2,h-initial: elision class comes from a hand list,hanches,culottes,nom.f.p.consonant.c0,3.57,3.48,0.6003,lexique,,
2,h-initial: elision class comes from a hand list,haines,manières,nom.f.p.consonant.c11,3.2,4.13,0.6171,lexique,,
2,h-initial: elision class comes from a hand list,halles,voûtes,nom.f.p.consonant.c23,3.54,3.34,0.4734,lexique,,
2,h-initial: elision class comes from a hand list,haies,falaises,nom.f.p.consonant.c4,3.49,3.43,0.4569,lexique,,
2,h-initial: elision class comes from a hand list,hauteurs,neiges,nom.f.p.consonant.c4,3.77,3.78,0.3271,lexique,,
2,h-initial: elision class comes from a hand list,entrailles,hypothèses,nom.f.p.elides.c0,3.36,3.92,0.4411,lexique,,
2,h-initial: elision class comes from a hand list,harmonies,aptitudes,nom.f.p.elides.c0,3.07,3.56,0.461,lexique,,
2,h-initial: elision class comes from a hand list,inégalités,hésitations,nom.f.p.elides.c0,4.06,3.13,0.6648,lexique,,
2,h-initial: elision class comes from a hand list,applications,hormones,nom.f.p.elides.c3,4.34,3.65,0.4074,lexique,,
2,h-initial: elision class comes from a hand list,hôtesses,écluses,nom.f.p.elides.c5,3.05,3.03,0.2921,lexique,,
2,h-initial: elision class comes from a hand list,arches,horloges,nom.f.p.elides.c6,3.08,3.12,0.1381,lexique,,
2,h-initial: elision class comes from a hand list,huiles,épaules,nom.f.p.elides.c6,3.75,4.15,0.2565,lexique,,
2,h-initial: elision class comes from a hand list,huîtres,étagères,nom.f.p.elides.c6,3.41,3.14,0.436,lexique,,
2,h-initial: elision class comes from a hand list,hélices,araignées,nom.f.p.elides.c6,3.0,3.61,0.5383,lexique,,
2,h-initial: elision class comes from a hand list,hostilités,expéditions,nom.f.p.elides.c7,3.61,3.64,0.6018,lexique,,
2,h-initial: elision class comes from a hand list,houlette,catalogne,nom.f.s.consonant.c19,3.19,3.87,0.218,lexique,,
2,h-initial: elision class comes from a hand list,haie,piste,nom.f.s.consonant.c24,3.46,4.63,0.3113,lexique,,
2,h-initial: elision class comes from a hand list,haine,joie,nom.f.s.consonant.c34,4.58,4.66,0.4144,lexique,,
2,h-initial: elision class comes from a hand list,probabilité,hauteur,nom.f.s.consonant.c38,3.96,4.79,0.4225,lexique,,
2,h-initial: elision class comes from a hand list,houle,cascade,nom.f.s.consonant.c39,3.19,3.65,0.3759,lexique,,
2,h-initial: elision class comes from a hand list,course,hâte,nom.f.s.consonant.c40,4.9,4.4,0.0297,lexique,,
2,h-initial: elision class comes from a hand list,humiliation,échéance,nom.f.s.elides.c1,3.72,3.81,0.4536,lexique,,
2,h-initial: elision class comes from a hand list,hésitation,incitation,nom.f.s.elides.c1,3.66,3.62,0.6989,lexique,,
2,h-initial: elision class comes from a hand list,utilité,hypothèse,nom.f.s.elides.c1,4.23,4.39,0.5038,lexique,,
2,h-initial: elision class comes from a hand list,apparence,honnêteté,nom.f.s.elides.c10,4.32,3.83,0.3505,lexique,,
2,h-initial: elision class comes from a hand list,habileté,impro,nom.f.s.elides.c10,3.41,3.05,0.3903,lexique,,
2,h-initial: elision class comes from a hand list,homogénéité,hospitalité,nom.f.s.elides.c10,3.15,3.5,0.4838,lexique,,
2,h-initial: elision class comes from a hand list,intelligence,harmonie,nom.f.s.elides.c10,4.47,4.05,0.5378,lexique,,
2,h-initial: elision class comes from a hand list,abeille,habitude,nom.f.s.elides.c11,3.6,4.83,0.3695,lexique,,
2,h-initial: elision class comes from a hand list,astuce,herbe,nom.f.s.elides.c11,3.81,4.18,0.2431,lexique,,
2,h-initial: elision class comes from a hand list,omelette,haleine,nom.f.s.elides.c11,3.37,3.68,0.1806,lexique,,
2,h-initial: elision class comes from a hand list,arête,hélice,nom.f.s.elides.c12,3.4,3.32,0.2696,lexique,,
2,h-initial: elision class comes from a hand list,once,horloge,nom.f.s.elides.c12,3.67,3.91,0.1586,lexique,,
2,h-initial: elision class comes from a hand list,errance,hypocrisie,nom.f.s.elides.c13,3.13,3.83,0.4214,lexique,,
2,h-initial: elision class comes from a hand list,horreur,impunité,nom.f.s.elides.c13,4.41,3.69,0.3667,lexique,,
2,h-initial: elision class comes from a hand list,hostilité,illusion,nom.f.s.elides.c13,3.68,4.05,0.5648,lexique,,
2,h-initial: elision class comes from a hand list,humanité,intolérance,nom.f.s.elides.c13,4.63,3.53,0.5622,lexique,,
2,h-initial: elision class comes from a hand list,utopie,homosexualité,nom.f.s.elides.c13,3.58,3.9,0.3684,lexique,,
2,h-initial: elision class comes from a hand list,accessibilité,habitation,nom.f.s.elides.c14,3.71,4.2,0.7016,lexique,,
2,h-initial: elision class comes from a hand list,homologation,allocation,nom.f.s.elides.c14,3.22,3.87,0.6867,lexique,,
2,h-initial: elision class comes from a hand list,hospitalisation,unification,nom.f.s.elides.c14,3.6,3.4,0.7482,lexique,,
2,h-initial: elision class comes from a hand list,implantation,horticulture,nom.f.s.elides.c14,3.95,3.08,0.685,lexique,,
2,h-initial: elision class comes from a hand list,enquête,hart,nom.f.s.elides.c15,4.86,3.53,0.1333,lexique,,
2,h-initial: elision class comes from a hand list,amplitude,hémorragie,nom.f.s.elides.c16,3.46,3.49,0.5176,lexique,,
2,h-initial: elision class comes from a hand list,hypertension,inflation,nom.f.s.elides.c16,3.28,4.07,0.6584,lexique,,
2,h-initial: elision class comes from a hand list,intoxication,humidité,nom.f.s.elides.c16,3.42,3.95,0.5585,lexique,,
2,h-initial: elision class comes from a hand list,agence,hygiène,nom.f.s.elides.c17,4.74,4.09,0.1978,lexique,,
2,h-initial: elision class comes from a hand list,hôtellerie,équipe,nom.f.s.elides.c17,3.52,5.48,0.358,lexique,,
2,h-initial: elision class comes from a hand list,université,horlogerie,nom.f.s.elides.c17,5.04,3.27,0.3608,lexique,,
2,h-initial: elision class comes from a hand list,humeur,angine,nom.f.s.elides.c18,4.38,3.02,0.304,lexique,,
2,h-initial: elision class comes from a hand list,hépatite,agonie,nom.f.s.elides.c18,3.34,3.47,0.2864,lexique,,
2,h-initial: elision class comes from a hand list,hérésie,enclave,nom.f.s.elides.c19,3.39,3.28,0.2791,lexique,,
2,h-initial: elision class comes from a hand list,allégorie,historienne,nom.f.s.elides.c4,3.35,3.12,0.2762,lexique,,
2,h-initial: elision class comes from a hand list,estampe,histoire,nom.f.s.elides.c4,3.01,5.64,0.2825,lexique,,
2,h-initial: elision class comes from a hand list,escapade,heure,nom.f.s.elides.c5,3.24,5.39,0.2619,lexique,,
2,h-initial: elision class comes from a hand list,hallucination,érudition,nom.f.s.elides.c6,3.07,3.06,0.7116,lexique,,
2,h-initial: elision class comes from a hand list,halloween,aya,nom.f.s.elides.c8,3.81,3.08,-0.0921,lexique,,
2,h-initial: elision class comes from a hand list,hackers,neveux,nom.m.p.consonant.c18,3.29,3.34,0.3666,lexique,,
2,h-initial: elision class comes from a hand list,handicaps,mécanismes,nom.m.p.consonant.c20,3.14,4.03,0.2948,lexique,,
2,h-initial: elision class comes from a hand list,remparts,hameaux,nom.m.p.consonant.c31,3.79,3.12,0.5338,lexique,,
2,h-initial: elision class comes from a hand list,haricots,burgers,nom.m.p.consonant.c7,3.59,3.22,0.5192,lexique,,
2,h-initial: elision class comes from a hand list,pingouins,haras,nom.m.p.consonant.c8,3.04,3.11,0.4824,lexique,,
2,h-initial: elision class comes from a hand list,hommages,oreillers,nom.m.p.elides.c4,3.57,3.08,0.0887,lexique,,
2,h-initial: elision class comes from a hand list,éléments,hydrocarbures,nom.m.p.elides.c5,4.96,3.62,0.459,lexique,,
2,h-initial: elision class comes from a hand list,exploits,héritiers,nom.m.p.elides.c6,3.65,3.78,0.4383,lexique,,
2,h-initial: elision class comes from a hand list,heurts,oncles,nom.m.p.elides.c6,3.21,3.29,0.2549,lexique,,
2,h-initial: elision class comes from a hand list,hommes,aïeux,nom.m.p.elides.c6,5.46,3.1,0.5124,lexique,,
2,h-initial: elision class comes from a hand list,huguenots,êtres,nom.m.p.elides.c6,3.04,4.34,0.3809,lexique,,
2,h-initial: elision class comes from a hand list,hurlements,empereurs,nom.m.p.elides.c6,3.15,3.4,0.4158,lexique,,
2,h-initial: elision class comes from a hand list,agneaux,hôtels,nom.m.p.elides.c7,3.15,4.09,0.1819,lexique,,
2,h-initial: elision class comes from a hand list,environs,habits,nom.m.p.elides.c7,4.27,3.92,0.316,lexique,,
2,h-initial: elision class comes from a hand list,éclats,hivers,nom.m.p.elides.c7,3.71,3.44,0.2942,lexique,,
2,h-initial: elision class comes from a hand list,employés,huissiers,nom.m.p.elides.c8,4.69,3.18,0.5626,lexique,,
2,h-initial: elision class comes from a hand list,habitants,entraîneurs,nom.m.p.elides.c8,4.93,3.64,0.3921,lexique,,
2,h-initial: elision class comes from a hand list,hôpitaux,experts,nom.m.p.elides.c8,4.2,4.47,0.3989,lexique,,
2,h-initial: elision class comes from a hand list,buffet,havre,nom.m.s.consonant.c14,3.69,4.06,0.1996,lexique,,
2,h-initial: elision class comes from a hand list,hamster,bélier,nom.m.s.consonant.c15,3.17,3.47,0.3642,lexique,,
2,h-initial: elision class comes from a hand list,hacker,sortilège,nom.m.s.consonant.c24,3.5,3.04,0.471,lexique,,
2,h-initial: elision class comes from a hand list,flanc,hameau,nom.m.s.consonant.c25,3.86,3.6,0.36,lexique,,
2,h-initial: elision class comes from a hand list,himalaya,fleuve,nom.m.s.consonant.c25,3.18,4.32,0.4972,lexique,,
2,h-initial: elision class comes from a hand list,haricot,porc,nom.m.s.consonant.c29,3.13,4.14,0.4936,lexique,,
2,h-initial: elision class comes from a hand list,harcèlement,caractère,nom.m.s.consonant.c33,4.13,4.8,0.5424,lexique,,
2,h-initial: elision class comes from a hand list,populisme,hidalgo,nom.m.s.consonant.c39,3.22,3.66,0.2639,lexique,,
2,h-initial: elision class comes from a hand list,cobaye,hérisson,nom.m.s.consonant.c47,3.03,3.16,0.6881,lexique,,
2,h-initial: elision class comes from a hand list,hall,cirque,nom.m.s.consonant.c5,4.2,4.17,0.3291,lexique,,
2,h-initial: elision class comes from a hand list,dimanche,hadj,nom.m.s.consonant.c54,5.03,3.12,0.103,lexique,,
2,h-initial: elision class comes from a hand list,hit,reggae,nom.m.s.consonant.c56,3.53,3.33,0.3846,lexique,,
2,h-initial: elision class comes from a hand list,vaisseau,hangar,nom.m.s.consonant.c62,4.27,3.5,0.5022,lexique,,
2,h-initial: elision class comes from a hand list,triathlon,hockey,nom.m.s.consonant.c64,3.29,4.32,0.4107,lexique,,
2,h-initial: elision class comes from a hand list,abbé,héritier,nom.m.s.elides.c10,4.28,4.06,0.352,lexique,,
2,h-initial: elision class comes from a hand list,archevêché,habit,nom.m.s.elides.c10,3.09,3.64,0.3149,lexique,,
2,h-initial: elision class comes from a hand list,optimum,hydrogène,nom.m.s.elides.c12,3.05,3.86,0.325,lexique,,
2,h-initial: elision class comes from a hand list,avantage,habillement,nom.m.s.elides.c2,4.7,3.46,0.552,lexique,,
2,h-initial: elision class comes from a hand list,escient,hémisphère,nom.m.s.elides.c2,3.11,3.47,0.3502,lexique,,
2,h-initial: elision class comes from a hand list,alibi,humanisme,nom.m.s.elides.c3,3.23,3.52,0.3537,lexique,,
2,h-initial: elision class comes from a hand list,archétype,harmattan,nom.m.s.elides.c3,3.15,3.22,0.2967,lexique,,
2,h-initial: elision class comes from a hand list,horoscope,idéalisme,nom.m.s.elides.c3,3.13,3.07,0.2771,lexique,,
2,h-initial: elision class comes from a hand list,habitat,angle,nom.m.s.elides.c5,4.11,4.46,0.2398,lexique,,
2,h-initial: elision class comes from a hand list,horizon,escalier,nom.m.s.elides.c5,4.3,4.21,0.3045,lexique,,
2,h-initial: elision class comes from a hand list,hélicoptère,habitacle,nom.m.s.elides.c5,3.94,3.23,0.371,lexique,,
2,h-initial: elision class comes from a hand list,hôpital,appart,nom.m.s.elides.c5,4.85,4.15,0.2757,lexique,,
2,h-initial: elision class comes from a hand list,hôte,arrêt,nom.m.s.elides.c5,4.06,4.8,0.156,lexique,,
2,h-initial: elision class comes from a hand list,hôtel,axe,nom.m.s.elides.c5,4.97,4.37,0.1916,lexique,,
2,h-initial: elision class comes from a hand list,holocauste,hale,nom.m.s.elides.c6,3.37,3.15,0.109,lexique,,
2,h-initial: elision class comes from a hand list,écho,héroïsme,nom.m.s.elides.c6,4.13,3.15,0.2517,lexique,,
2,h-initial: elision class comes from a hand list,émoi,humour,nom.m.s.elides.c6,3.18,4.58,0.2614,lexique,,
2,h-initial: elision class comes from a hand list,hectare,arbre,nom.m.s.elides.c7,3.35,4.57,0.15,lexique,,
2,h-initial: elision class comes from a hand list,étalon,hiver,nom.m.s.elides.c7,3.52,4.85,0.1931,lexique,,
2,h-initial: elision class comes from a hand list,handball,accordéon,nom.m.s.elides.c8,3.67,3.25,0.1357,lexique,,
2,h-initial: elision class comes from a hand list,hommage,historien,nom.m.s.elides.c8,4.63,4.11,0.3497,lexique,,
2,h-initial: elision class comes from a hand list,assainissement,hexagone,nom.m.s.elides.c9,3.74,3.54,0.2232,lexique,,
2,h-initial: elision class comes from a hand list,entretien,hémicycle,nom.m.s.elides.c9,4.72,3.25,0.3029,lexique,,
2,h-initial: elision class comes from a hand list,item,hébergement,nom.m.s.elides.c9,3.36,3.96,0.425,lexique,,
2,h-initial: elision class comes from a hand list,trois,huit,special.number_word,5.72,4.94,,special,,
2,h-initial: elision class comes from a hand list,habitez,observez,verb.imp:pre:2p_ind:pre:2p.elides.c0,3.33,3.16,0.3687,lexique,,
2,h-initial: elision class comes from a hand list,hoche,boite,verb.imp:pre:2s_ind:pre:1s_ind:pre:3s.consonant.c2,3.16,4.37,0.1229,lexique,,
2,h-initial: elision class comes from a hand list,hurle,fâche,verb.imp:pre:2s_ind:pre:1s_ind:pre:3s.consonant.c2,3.55,3.21,0.4761,lexique,,
2,h-initial: elision class comes from a hand list,pare,harcèle,verb.imp:pre:2s_ind:pre:1s_ind:pre:3s.consonant.c2,3.93,3.13,0.2965,lexique,,
2,h-initial: elision class comes from a hand list,hante,recule,verb.imp:pre:2s_ind:pre:1s_ind:pre:3s.consonant.c5,3.28,3.81,0.2198,lexique,,
2,h-initial: elision class comes from a hand list,héberge,alimente,verb.imp:pre:2s_ind:pre:1s_ind:pre:3s.elides.c0,3.3,3.55,0.3387,lexique,,
2,h-initial: elision class comes from a hand list,hume,allume,verb.imp:pre:2s_ind:pre:1s_ind:pre:3s.elides.c1,3.03,3.81,0.3674,lexique,,
2,h-initial: elision class comes from a hand list,hérite,admire,verb.imp:pre:2s_ind:pre:1s_ind:pre:3s.elides.c1,3.27,3.81,0.3159,lexique,,
2,h-initial: elision class comes from a hand list,exige,hésite,verb.imp:pre:2s_ind:pre:1s_ind:pre:3s.elides.c3,4.18,4.3,0.2147,lexique,,
2,h-initial: elision class comes from a hand list,explose,habite,verb.imp:pre:2s_ind:pre:1s_ind:pre:3s_sub:pre:3s.elides.c1,3.88,4.42,0.2597,lexique,,
2,h-initial: elision class comes from a hand list,hésitait,expliquait,verb.ind:imp:3s.elides.c1,3.02,3.66,0.4495,lexique,,
2,h-initial: elision class comes from a hand list,écrivait,habitait,verb.ind:imp:3s.elides.c1,3.77,3.59,0.6032,lexique,,
2,h-initial: elision class comes from a hand list,heurtent,prient,verb.ind:pre:3p.consonant.c1,3.04,3.11,0.7487,lexique,,
2,h-initial: elision class comes from a hand list,plongent,hurlent,verb.ind:pre:3p.consonant.c8,3.08,3.13,0.3124,lexique,,
2,h-initial: elision class comes from a hand list,haïssent,pénètrent,verb.ind:pre:3p.consonant.c9,3.1,3.2,0.6791,lexique,,
2,h-initial: elision class comes from a hand list,exploitent,hésitent,verb.ind:pre:3p.elides.c0,3.28,3.57,0.5954,lexique,,
2,h-initial: elision class comes from a hand list,interprètent,habitent,verb.ind:pre:3p.elides.c4,3.01,3.85,0.6389,lexique,,
2,h-initial: elision class comes from a hand list,blanchir,hanter,verb.inf.consonant.c10,3.32,3.13,0.6117,lexique,,
2,h-initial: elision class comes from a hand list,heurter,trancher,verb.inf.consonant.c14,3.37,3.71,0.7249,lexique,,
2,h-initial: elision class comes from a hand list,progresser,hausser,verb.inf.consonant.c16,3.97,3.11,0.6565,lexique,,
2,h-initial: elision class comes from a hand list,haïr,crever,verb.inf.consonant.c18,3.56,3.99,0.4589,lexique,,
2,h-initial: elision class comes from a hand list,hisser,traîner,verb.inf.consonant.c26,3.24,3.83,0.6326,lexique,,
2,h-initial: elision class comes from a hand list,emprunter,héberger,verb.inf.elides.c0,4.01,3.45,0.4875,lexique,,
2,h-initial: elision class comes from a hand list,accommoder,habiller,verb.inf.elides.c2,3.25,3.97,0.5997,lexique,,
2,h-initial: elision class comes from a hand list,habiter,allonger,verb.inf.elides.c2,3.9,3.63,0.4578,lexique,,
2,h-initial: elision class comes from a hand list,habituer,aménager,verb.inf.elides.c2,3.7,3.49,0.4517,lexique,,
2,h-initial: elision class comes from a hand list,harmoniser,offrir,verb.inf.elides.c3,3.14,4.73,0.4762,lexique,,
2,h-initial: elision class comes from a hand list,hésiter,espérer,verb.inf.elides.c5,3.85,4.38,0.4558,lexique,,
2,h-initial: elision class comes from a hand list,enquêter,hériter,verb.inf.elides.c7,3.77,3.18,0.4245,lexique,,
2,h-initial: elision class comes from a hand list,achever,humilier,verb.inf.elides.c9,3.83,3.55,0.4835,lexique,,
2,h-initial: elision class comes from a hand list,intitulée,hospitalisée,verb.part.f.s.elides.c1,3.9,3.04,0.0536,lexique,,
2,h-initial: elision class comes from a hand list,hospitalisés,attribués,verb.part.m.p.elides.c0,3.06,3.65,0.3982,lexique,,
2,h-initial: elision class comes from a hand list,brillé,heurté,verb.part.m.s.consonant.c4,3.02,3.38,0.3136,lexique,,
2,h-initial: elision class comes from a hand list,hospitalisé,entré,verb.part.m.s.elides.c2,3.38,4.28,0.2434,lexique,,
2,h-initial: elision class comes from a hand list,investi,hébergé,verb.part.m.s.elides.c2,4.03,3.33,0.3764,lexique,,
2,h-initial: elision class comes from a hand list,hésité,épuré,verb.part.m.s.elides.c3,3.83,3.01,-0.0458,lexique,,
3,hand-written special pair,0,5,special.digit,0.0,0.0,,special,,
3,hand-written special pair,3,8,special.digit,0.0,0.0,,special,,
3,hand-written special pair,4,9,special.digit,0.0,0.0,,special,,
3,hand-written special pair,6,7,special.digit,0.0,0.0,,special,,
3,hand-written special pair,avril,octobre,special.month,5.18,5.19,,special,,
3,hand-written special pair,janvier,juillet,special.month,5.18,5.21,,special,,
3,hand-written special pair,juin,décembre,special.month,5.24,5.15,,special,,
3,hand-written special pair,mai,novembre,special.month,5.24,5.15,,special,,
3,hand-written special pair,mars,septembre,special.month,5.28,5.24,,special,,
3,hand-written special pair,cent,mille,special.number_word,4.65,4.64,,special,,
3,hand-written special pair,dix,vingt,special.number_word,5.15,4.82,,special,,
3,hand-written special pair,six,sept,special.number_word,5.15,5.0,,special,,
3,hand-written special pair,trente,quarante,special.number_word,4.59,4.26,,special,,
3,hand-written special pair,deuxième,neuvième,special.ordinal,5.24,3.91,,special,,
3,hand-written special pair,premier,septième,special.ordinal,5.74,4.15,,special,,
3,hand-written special pair,première,douzième,special.ordinal,5.68,3.47,,special,,
3,hand-written special pair,quatrième,sixième,special.ordinal,4.68,4.24,,special,,
3,hand-written special pair,troisième,dixième,special.ordinal,5.1,3.88,,special,,
4,close in meaning — may read as a synonym,françaises,cantonales,adj.f.p.consonant.c4,4.7,3.1,0.6535,lexique,,
4,close in meaning — may read as a synonym,confidentielles,croissantes,adj.f.p.consonant.c5,3.23,3.12,0.6579,lexique,,
4,close in meaning — may read as a synonym,courantes,visuelles,adj.f.p.consonant.c5,3.7,3.18,0.6667,lexique,,
4,close in meaning — may read as a synonym,différentes,claires,adj.f.p.consonant.c5,5.03,3.95,0.7242,lexique,,
4,close in meaning — may read as a synonym,matérielles,fondamentales,adj.f.p.consonant.c5,3.53,3.78,0.752,lexique,,
4,close in meaning — may read as a synonym,mentales,potentielles,adj.f.p.consonant.c5,3.54,3.42,0.7214,lexique,,
4,close in meaning — may read as a synonym,postérieures,corporelles,adj.f.p.consonant.c5,3.2,3.24,0.6619,lexique,,
4,close in meaning — may read as a synonym,surprenantes,significatives,adj.f.p.consonant.c5,3.06,3.4,0.7379,lexique,,
4,close in meaning — may read as a synonym,artificielles,évidentes,adj.f.p.elides.c0,3.29,3.47,0.6871,lexique,,
4,close in meaning — may read as a synonym,corporelle,prépondérante,adj.f.s.consonant.c3,3.54,3.11,0.6554,lexique,,
4,close in meaning — may read as a synonym,potentielle,pertinente,adj.f.s.consonant.c3,3.65,3.58,0.6787,lexique,,
4,close in meaning — may read as a synonym,représentative,dépendante,adj.f.s.consonant.c3,3.49,3.45,0.6854,lexique,,
4,close in meaning — may read as a synonym,réelle,superficielle,adj.f.s.consonant.c3,4.48,3.39,0.6999,lexique,,
4,close in meaning — may read as a synonym,discrète,convaincante,adj.f.s.consonant.c9,3.82,3.34,0.6686,lexique,,
4,close in meaning — may read as a synonym,savoureuse,gente,adj.f.s.consonant.c9,3.03,3.1,0.6834,lexique,,
4,close in meaning — may read as a synonym,souriante,pétillante,adj.f.s.consonant.c9,3.25,3.0,0.6834,lexique,,
4,close in meaning — may read as a synonym,séduisante,sensuelle,adj.f.s.consonant.c9,3.39,3.24,0.6763,lexique,,
4,close in meaning — may read as a synonym,bizarrement,décidément,adv.ment.consonant.c0,3.87,3.94,0.7693,lexique,,
4,close in meaning — may read as a synonym,carrément,probablement,adv.ment.consonant.c0,4.36,4.91,0.7018,lexique,,
4,close in meaning — may read as a synonym,durement,tristement,adv.ment.consonant.c0,3.64,3.44,0.7691,lexique,,
4,close in meaning — may read as a synonym,franchement,grièvement,adv.ment.consonant.c0,4.71,3.53,0.6641,lexique,,
4,close in meaning — may read as a synonym,furieusement,malheureusement,adv.ment.consonant.c0,3.03,4.73,0.7504,lexique,,
4,close in meaning — may read as a synonym,littéralement,dernièrement,adv.ment.consonant.c0,4.25,3.95,0.705,lexique,,
4,close in meaning — may read as a synonym,lourdement,sauvagement,adv.ment.consonant.c0,3.7,3.2,0.7652,lexique,,
4,close in meaning — may read as a synonym,quasiment,cruellement,adv.ment.consonant.c0,4.35,3.52,0.7434,lexique,,
4,close in meaning — may read as a synonym,sacrément,finalement,adv.ment.consonant.c0,3.54,5.02,0.7423,lexique,,
4,close in meaning — may read as a synonym,sévèrement,tendrement,adv.ment.consonant.c0,3.74,3.09,0.798,lexique,,
4,close in meaning — may read as a synonym,sûrement,naïvement,adv.ment.consonant.c0,4.7,3.1,0.7985,lexique,,
4,close in meaning — may read as a synonym,vaguement,mortellement,adv.ment.consonant.c0,3.55,3.29,0.7439,lexique,,
4,close in meaning — may read as a synonym,consciemment,résolument,adv.ment.consonant.c1,3.19,3.61,0.6943,lexique,,
4,close in meaning — may read as a synonym,militairement,délibérément,adv.ment.consonant.c1,3.29,3.64,0.7824,lexique,,
4,close in meaning — may read as a synonym,profondément,volontairement,adv.ment.consonant.c1,4.39,4.05,0.7537,lexique,,
4,close in meaning — may read as a synonym,remarquablement,démocratiquement,adv.ment.consonant.c1,3.25,3.19,0.7732,lexique,,
4,close in meaning — may read as a synonym,totalement,sciemment,adv.ment.consonant.c1,4.83,3.3,0.794,lexique,,
4,close in meaning — may read as a synonym,cordialement,mondialement,adv.ment.consonant.c2,3.69,3.38,0.6519,lexique,,
4,close in meaning — may read as a synonym,couramment,faiblement,adv.ment.consonant.c2,3.75,3.46,0.7427,lexique,,
4,close in meaning — may read as a synonym,durablement,contrairement,adv.ment.consonant.c2,3.59,4.63,0.7382,lexique,,
4,close in meaning — may read as a synonym,financièrement,progressivement,adv.ment.consonant.c2,3.83,4.27,0.6752,lexique,,
4,close in meaning — may read as a synonym,fréquemment,fortement,adv.ment.consonant.c2,4.13,4.68,0.7393,lexique,,
4,close in meaning — may read as a synonym,génétiquement,proprement,adv.ment.consonant.c2,3.42,4.04,0.7694,lexique,,
4,close in meaning — may read as a synonym,localement,nettement,adv.ment.consonant.c2,3.75,4.33,0.7868,lexique,,
4,close in meaning — may read as a synonym,moyennement,techniquement,adv.ment.consonant.c2,3.32,3.93,0.7865,lexique,,
4,close in meaning — may read as a synonym,notamment,potentiellement,adv.ment.consonant.c2,5.38,3.94,0.6962,lexique,,
4,close in meaning — may read as a synonym,pacifiquement,sensiblement,adv.ment.consonant.c2,3.14,3.83,0.753,lexique,,
4,close in meaning — may read as a synonym,particulièrement,médicalement,adv.ment.consonant.c2,4.99,3.12,0.7651,lexique,,
4,close in meaning — may read as a synonym,précisément,culturellement,adv.ment.consonant.c2,4.49,3.18,0.6959,lexique,,
4,close in meaning — may read as a synonym,relativement,largement,adv.ment.consonant.c2,4.59,4.76,0.7781,lexique,,
4,close in meaning — may read as a synonym,seulement,socialement,adv.ment.consonant.c2,5.47,3.61,0.6999,lexique,,
4,close in meaning — may read as a synonym,typiquement,comparativement,adv.ment.consonant.c2,3.74,3.57,0.717,lexique,,
4,close in meaning — may read as a synonym,publiquement,précédemment,adv.ment.consonant.c3,4.07,4.28,0.6785,lexique,,
4,close in meaning — may read as a synonym,bêtement,différemment,adv.ment.consonant.c4,3.58,3.95,0.7974,lexique,,
4,close in meaning — may read as a synonym,concrètement,visuellement,adv.ment.consonant.c4,3.98,3.29,0.7714,lexique,,
4,close in meaning — may read as a synonym,correctement,verbalement,adv.ment.consonant.c4,4.25,3.08,0.7684,lexique,,
4,close in meaning — may read as a synonym,fidèlement,suffisamment,adv.ment.consonant.c4,3.27,4.53,0.7401,lexique,,
4,close in meaning — may read as a synonym,musicalement,continuellement,adv.ment.consonant.c4,3.13,3.63,0.7979,lexique,,
4,close in meaning — may read as a synonym,mutuellement,spontanément,adv.ment.consonant.c4,3.69,3.67,0.7789,lexique,,
4,close in meaning — may read as a synonym,pareillement,bonnement,adv.ment.consonant.c4,3.18,3.28,0.7806,lexique,,
4,close in meaning — may read as a synonym,passionnément,normalement,adv.ment.consonant.c4,3.14,4.52,0.758,lexique,,
4,close in meaning — may read as a synonym,positivement,pleinement,adv.ment.consonant.c4,3.57,4.18,0.7602,lexique,,
4,close in meaning — may read as a synonym,scrupuleusement,certainement,adv.ment.consonant.c4,3.14,4.74,0.7942,lexique,,
4,close in meaning — may read as a synonym,sereinement,sincèrement,adv.ment.consonant.c4,3.37,4.13,0.7125,lexique,,
4,close in meaning — may read as a synonym,verticalement,sexuellement,adv.ment.consonant.c4,3.15,3.74,0.7069,lexique,,
4,close in meaning — may read as a synonym,fièrement,minutieusement,adv.ment.consonant.c5,3.59,3.2,0.6537,lexique,,
4,close in meaning — may read as a synonym,joliment,confortablement,adv.ment.consonant.c5,3.28,3.32,0.687,lexique,,
4,close in meaning — may read as a synonym,merveilleusement,légèrement,adv.ment.consonant.c5,3.28,4.55,0.67,lexique,,
4,close in meaning — may read as a synonym,bénévolement,simultanément,adv.ment.consonant.c6,3.06,3.91,0.7347,lexique,,
4,close in meaning — may read as a synonym,bruyamment,chaudement,adv.ment.consonant.c7,3.0,3.15,0.7543,lexique,,
4,close in meaning — may read as a synonym,calmement,secrètement,adv.ment.consonant.c7,3.56,3.63,0.7045,lexique,,
4,close in meaning — may read as a synonym,désespérément,brutalement,adv.ment.consonant.c7,3.56,3.7,0.7132,lexique,,
4,close in meaning — may read as a synonym,fermement,paisiblement,adv.ment.consonant.c7,3.79,3.3,0.6913,lexique,,
4,close in meaning — may read as a synonym,maladroitement,solidement,adv.ment.consonant.c7,3.08,3.41,0.7888,lexique,,
4,close in meaning — may read as a synonym,miraculeusement,doucement,adv.ment.consonant.c7,3.22,4.32,0.761,lexique,,
4,close in meaning — may read as a synonym,patiemment,sagement,adv.ment.consonant.c7,3.32,3.33,0.6913,lexique,,
4,close in meaning — may read as a synonym,péniblement,violemment,adv.ment.consonant.c7,3.13,3.91,0.6903,lexique,,
4,close in meaning — may read as a synonym,soudainement,gentiment,adv.ment.consonant.c7,3.84,3.81,0.67,lexique,,
4,close in meaning — may read as a synonym,tranquillement,froidement,adv.ment.consonant.c7,4.14,3.18,0.7334,lexique,,
4,close in meaning — may read as a synonym,vigoureusement,brusquement,adv.ment.consonant.c7,3.27,3.61,0.7449,lexique,,
4,close in meaning — may read as a synonym,vivement,mystérieusement,adv.ment.consonant.c7,4.34,3.21,0.6925,lexique,,
4,close in meaning — may read as a synonym,admirablement,occasionnellement,adv.ment.elides.c0,3.0,3.32,0.6626,lexique,,
4,close in meaning — may read as a synonym,agréablement,absolument,adv.ment.elides.c0,3.47,4.89,0.7009,lexique,,
4,close in meaning — may read as a synonym,aisément,insuffisamment,adv.ment.elides.c0,3.93,3.12,0.7132,lexique,,
4,close in meaning — may read as a synonym,amplement,anormalement,adv.ment.elides.c0,3.61,3.16,0.787,lexique,,
4,close in meaning — may read as a synonym,attentivement,assurément,adv.ment.elides.c0,3.73,3.79,0.6986,lexique,,
4,close in meaning — may read as a synonym,intelligemment,amicalement,adv.ment.elides.c0,3.26,3.04,0.6906,lexique,,
4,close in meaning — may read as a synonym,accidentellement,incroyablement,adv.ment.elides.c1,3.56,3.73,0.6689,lexique,,
4,close in meaning — may read as a synonym,intimement,extraordinairement,adv.ment.elides.c1,3.43,3.06,0.7361,lexique,,
4,close in meaning — may read as a synonym,irrémédiablement,extrêmement,adv.ment.elides.c1,3.07,4.6,0.7495,lexique,,
4,close in meaning — may read as a synonym,émotionnellement,infiniment,adv.ment.elides.c1,3.32,3.84,0.7178,lexique,,
4,close in meaning — may read as a synonym,annuellement,involontairement,adv.ment.elides.c2,3.74,3.28,0.6816,lexique,,
4,close in meaning — may read as a synonym,anonymement,initialement,adv.ment.elides.c2,3.04,4.09,0.7719,lexique,,
4,close in meaning — may read as a synonym,arbitrairement,officiellement,adv.ment.elides.c2,3.18,4.5,0.7136,lexique,,
4,close in meaning — may read as a synonym,aucunement,inversement,adv.ment.elides.c2,3.69,3.72,0.7923,lexique,,
4,close in meaning — may read as a synonym,aveuglément,individuellement,adv.ment.elides.c2,3.17,3.69,0.7981,lexique,,
4,close in meaning — may read as a synonym,entièrement,anciennement,adv.ment.elides.c2,4.73,3.67,0.6763,lexique,,
4,close in meaning — may read as a synonym,exclusivement,objectivement,adv.ment.elides.c2,4.3,3.32,0.7559,lexique,,
4,close in meaning — may read as a synonym,implicitement,immédiatement,adv.ment.elides.c2,3.37,4.72,0.7853,lexique,,
4,close in meaning — may read as a synonym,impérativement,unilatéralement,adv.ment.elides.c2,3.33,3.14,0.7715,lexique,,
4,close in meaning — may read as a synonym,indirectement,unanimement,adv.ment.elides.c2,3.83,3.33,0.8,lexique,,
4,close in meaning — may read as a synonym,internationalement,intentionnellement,adv.ment.elides.c2,3.05,3.18,0.6531,lexique,,
4,close in meaning — may read as a synonym,obligatoirement,économiquement,adv.ment.elides.c2,3.73,3.61,0.6747,lexique,,
4,close in meaning — may read as a synonym,ouvertement,expressément,adv.ment.elides.c2,4.0,3.51,0.6729,lexique,,
4,close in meaning — may read as a synonym,étroitement,approximativement,adv.ment.elides.c2,3.74,3.61,0.6813,lexique,,
4,close in meaning — may read as a synonym,éventuellement,alternativement,adv.ment.elides.c2,4.24,3.25,0.7704,lexique,,
4,close in meaning — may read as a synonym,béquilles,capotes,nom.f.p.consonant.c0,3.09,3.13,0.6865,lexique,,
4,close in meaning — may read as a synonym,gaules,chaussettes,nom.f.p.consonant.c0,3.12,3.85,0.6865,lexique,,
4,close in meaning — may read as a synonym,mèches,mailles,nom.f.p.consonant.c0,3.31,3.4,0.6733,lexique,,
4,close in meaning — may read as a synonym,tresses,bretelles,nom.f.p.consonant.c0,3.09,3.18,0.6756,lexique,,
4,close in meaning — may read as a synonym,betteraves,prunes,nom.f.p.consonant.c10,3.07,3.04,0.7172,lexique,,
4,close in meaning — may read as a synonym,cacahuètes,poires,nom.f.p.consonant.c10,3.25,3.21,0.6915,lexique,,
4,close in meaning — may read as a synonym,coquilles,fèves,nom.f.p.consonant.c10,3.35,3.14,0.7208,lexique,,
4,close in meaning — may read as a synonym,fraises,patates,nom.f.p.consonant.c10,3.63,3.57,0.7316,lexique,,
4,close in meaning — may read as a synonym,sardines,figues,nom.f.p.consonant.c10,3.21,3.07,0.6921,lexique,,
4,close in meaning — may read as a synonym,directions,modifications,nom.f.p.consonant.c12,3.91,4.22,0.7224,lexique,,
4,close in meaning — may read as a synonym,directives,contraventions,nom.f.p.consonant.c12,3.74,3.24,0.6769,lexique,,
4,close in meaning — may read as a synonym,décisions,conditions,nom.f.p.consonant.c12,4.57,5.13,0.71,lexique,,
4,close in meaning — may read as a synonym,dérogations,sanctions,nom.f.p.consonant.c12,3.13,4.07,0.7539,lexique,,
4,close in meaning — may read as a synonym,fonctions,licences,nom.f.p.consonant.c12,4.73,3.7,0.656,lexique,,
4,close in meaning — may read as a synonym,mentions,pénalités,nom.f.p.consonant.c12,3.91,3.48,0.6561,lexique,,
4,close in meaning — may read as a synonym,mesures,chartes,nom.f.p.consonant.c12,4.9,3.42,0.7009,lexique,,
4,close in meaning — may read as a synonym,prescriptions,punitions,nom.f.p.consonant.c12,3.46,3.16,0.7376,lexique,,
4,close in meaning — may read as a synonym,priorités,réformes,nom.f.p.consonant.c12,3.99,4.26,0.6815,lexique,,
4,close in meaning — may read as a synonym,prérogatives,professions,nom.f.p.consonant.c12,3.43,3.94,0.6699,lexique,,
4,close in meaning — may read as a synonym,prévisions,prestations,nom.f.p.consonant.c12,3.97,4.17,0.6852,lexique,,
4,close in meaning — may read as a synonym,responsabilités,vérifications,nom.f.p.consonant.c12,4.24,3.41,0.7141,lexique,,
4,close in meaning — may read as a synonym,révisions,résolutions,nom.f.p.consonant.c12,3.33,3.66,0.7507,lexique,,
4,close in meaning — may read as a synonym,certitudes,mentalités,nom.f.p.consonant.c15,3.34,3.49,0.7082,lexique,,
4,close in meaning — may read as a synonym,coalitions,velléités,nom.f.p.consonant.c15,3.05,3.02,0.7128,lexique,,
4,close in meaning — may read as a synonym,confessions,démocraties,nom.f.p.consonant.c15,3.55,3.34,0.6868,lexique,,
4,close in meaning — may read as a synonym,prémices,factions,nom.f.p.consonant.c15,3.2,3.5,0.763,lexique,,
4,close in meaning — may read as a synonym,religions,sensibilités,nom.f.p.consonant.c15,4.17,3.19,0.6723,lexique,,
4,close in meaning — may read as a synonym,révolutions,congrégations,nom.f.p.consonant.c15,3.53,3.08,0.7404,lexique,,
4,close in meaning — may read as a synonym,sectes,convictions,nom.f.p.consonant.c15,3.31,3.91,0.7186,lexique,,
4,close in meaning — may read as a synonym,sphères,générations,nom.f.p.consonant.c15,3.58,4.32,0.6632,lexique,,
4,close in meaning — may read as a synonym,galettes,sucreries,nom.f.p.consonant.c18,3.18,3.04,0.7004,lexique,,
4,close in meaning — may read as a synonym,complications,vibrations,nom.f.p.consonant.c22,3.72,3.61,0.7618,lexique,,
4,close in meaning — may read as a synonym,connaissances,convulsions,nom.f.p.consonant.c22,4.45,3.1,0.7596,lexique,,
4,close in meaning — may read as a synonym,connexions,significations,nom.f.p.consonant.c22,3.56,3.41,0.6945,lexique,,
4,close in meaning — may read as a synonym,consonnes,migrations,nom.f.p.consonant.c22,3.08,3.62,0.7222,lexique,,
4,close in meaning — may read as a synonym,constructions,dépressions,nom.f.p.consonant.c22,4.06,3.12,0.7089,lexique,,
4,close in meaning — may read as a synonym,contractions,définitions,nom.f.p.consonant.c22,3.18,3.76,0.7685,lexique,,
4,close in meaning — may read as a synonym,distances,possibilités,nom.f.p.consonant.c22,4.02,4.26,0.6735,lexique,,
4,close in meaning — may read as a synonym,distinctions,perspectives,nom.f.p.consonant.c22,3.52,4.1,0.6679,lexique,,
4,close in meaning — may read as a synonym,déclinaisons,distributions,nom.f.p.consonant.c22,3.09,3.33,0.7186,lexique,,
4,close in meaning — may read as a synonym,dénominations,canalisations,nom.f.p.consonant.c22,3.16,3.23,0.6565,lexique,,
4,close in meaning — may read as a synonym,dépendances,perceptions,nom.f.p.consonant.c22,3.52,3.38,0.7302,lexique,,
4,close in meaning — may read as a synonym,facilités,simulations,nom.f.p.consonant.c22,3.39,3.29,0.7249,lexique,,
4,close in meaning — may read as a synonym,fractures,structures,nom.f.p.consonant.c22,3.48,4.39,0.6736,lexique,,
4,close in meaning — may read as a synonym,grandeurs,séquelles,nom.f.p.consonant.c22,3.23,3.43,0.7688,lexique,,
4,close in meaning — may read as a synonym,limitations,séquences,nom.f.p.consonant.c22,3.43,3.76,0.6585,lexique,,
4,close in meaning — may read as a synonym,manipulations,représentations,nom.f.p.consonant.c22,3.52,4.13,0.7613,lexique,,
4,close in meaning — may read as a synonym,notations,ressemblances,nom.f.p.consonant.c22,3.03,3.0,0.78,lexique,,
4,close in meaning — may read as a synonym,notions,solutions,nom.f.p.consonant.c22,3.97,4.6,0.6831,lexique,,
4,close in meaning — may read as a synonym,particularités,carences,nom.f.p.consonant.c22,3.68,3.27,0.772,lexique,,
4,close in meaning — may read as a synonym,pressions,lésions,nom.f.p.consonant.c22,3.98,3.7,0.6803,lexique,,
4,close in meaning — may read as a synonym,proportions,spécificités,nom.f.p.consonant.c22,3.83,3.47,0.7238,lexique,,
4,close in meaning — may read as a synonym,protections,corrections,nom.f.p.consonant.c22,3.53,3.61,0.7157,lexique,,
4,close in meaning — may read as a synonym,retouches,nécessités,nom.f.p.consonant.c22,3.19,3.13,0.7275,lexique,,
4,close in meaning — may read as a synonym,réalisations,répercussions,nom.f.p.consonant.c22,3.95,3.61,0.6793,lexique,,
4,close in meaning — may read as a synonym,sentences,matrices,nom.f.p.consonant.c22,3.03,3.07,0.7708,lexique,,
4,close in meaning — may read as a synonym,similitudes,précipitations,nom.f.p.consonant.c22,3.34,3.67,0.6531,lexique,,
4,close in meaning — may read as a synonym,situations,fluctuations,nom.f.p.consonant.c22,4.43,3.4,0.7303,lexique,,
4,close in meaning — may read as a synonym,subtilités,tendances,nom.f.p.consonant.c22,3.22,4.26,0.7074,lexique,,
4,close in meaning — may read as a synonym,variantes,mutations,nom.f.p.consonant.c22,3.72,3.69,0.6571,lexique,,
4,close in meaning — may read as a synonym,voyelles,présences,nom.f.p.consonant.c22,3.3,3.29,0.672,lexique,,
4,close in meaning — may read as a synonym,pastilles,cages,nom.f.p.consonant.c25,3.0,3.45,0.6687,lexique,,
4,close in meaning — may read as a synonym,candidatures,motivations,nom.f.p.consonant.c28,3.74,3.75,0.6517,lexique,,
4,close in meaning — may read as a synonym,conclusions,négociations,nom.f.p.consonant.c28,4.23,4.3,0.7135,lexique,,
4,close in meaning — may read as a synonym,condamnations,doléances,nom.f.p.consonant.c28,3.64,3.21,0.7884,lexique,,
4,close in meaning — may read as a synonym,considérations,révélations,nom.f.p.consonant.c28,3.74,3.88,0.791,lexique,,
4,close in meaning — may read as a synonym,consultations,relations,nom.f.p.consonant.c28,3.75,4.92,0.7423,lexique,,
4,close in meaning — may read as a synonym,discussions,rations,nom.f.p.consonant.c28,4.36,3.13,0.7323,lexique,,
4,close in meaning — may read as a synonym,justifications,confidences,nom.f.p.consonant.c28,3.11,3.4,0.7753,lexique,,
4,close in meaning — may read as a synonym,motions,discriminations,nom.f.p.consonant.c28,3.05,3.61,0.7512,lexique,,
4,close in meaning — may read as a synonym,précisions,questions,nom.f.p.consonant.c28,3.82,5.18,0.7225,lexique,,
4,close in meaning — may read as a synonym,préoccupations,querelles,nom.f.p.consonant.c28,3.95,3.47,0.7018,lexique,,
4,close in meaning — may read as a synonym,recherches,généralités,nom.f.p.consonant.c28,4.79,3.57,0.6898,lexique,,
4,close in meaning — may read as a synonym,rédactions,déceptions,nom.f.p.consonant.c28,3.19,3.34,0.7723,lexique,,
4,close in meaning — may read as a synonym,salutations,spéculations,nom.f.p.consonant.c28,3.26,3.43,0.6597,lexique,,
4,close in meaning — may read as a synonym,soumissions,constatations,nom.f.p.consonant.c28,3.08,3.18,0.774,lexique,,
4,close in meaning — may read as a synonym,violations,communications,nom.f.p.consonant.c28,3.42,4.3,0.7265,lexique,,
4,close in meaning — may read as a synonym,vocations,publications,nom.f.p.consonant.c28,3.15,4.24,0.7723,lexique,,
4,close in meaning — may read as a synonym,compagnies,municipalités,nom.f.p.consonant.c6,4.44,4.05,0.6598,lexique,,
4,close in meaning — may read as a synonym,fortifications,populations,nom.f.p.consonant.c6,3.46,4.5,0.7075,lexique,,
4,close in meaning — may read as a synonym,allusions,identités,nom.f.p.elides.c0,3.23,3.62,0.6834,lexique,,
4,close in meaning — may read as a synonym,implications,écritures,nom.f.p.elides.c0,3.5,3.59,0.6568,lexique,,
4,close in meaning — may read as a synonym,incertitudes,ambitions,nom.f.p.elides.c0,3.45,3.89,0.7117,lexique,,
4,close in meaning — may read as a synonym,influences,oppositions,nom.f.p.elides.c0,3.9,3.42,0.7432,lexique,,
4,close in meaning — may read as a synonym,entreprises,autorisations,nom.f.p.elides.c1,5.11,3.57,0.686,lexique,,
4,close in meaning — may read as a synonym,exportations,orientations,nom.f.p.elides.c1,3.96,3.76,0.6922,lexique,,
4,close in meaning — may read as a synonym,interceptions,attributions,nom.f.p.elides.c1,3.08,3.43,0.7625,lexique,,
4,close in meaning — may read as a synonym,intersections,augmentations,nom.f.p.elides.c1,3.04,3.54,0.6648,lexique,,
4,close in meaning — may read as a synonym,extensions,équations,nom.f.p.elides.c3,3.57,3.56,0.7003,lexique,,
4,close in meaning — may read as a synonym,impulsions,interfaces,nom.f.p.elides.c3,3.24,3.18,0.6659,lexique,,
4,close in meaning — may read as a synonym,interactions,affections,nom.f.p.elides.c3,3.81,3.33,0.7483,lexique,,
4,close in meaning — may read as a synonym,échelles,adaptations,nom.f.p.elides.c3,3.57,3.41,0.6758,lexique,,
4,close in meaning — may read as a synonym,affirmations,arrestations,nom.f.p.elides.c7,3.58,3.61,0.7349,lexique,,
4,close in meaning — may read as a synonym,atrocités,interruptions,nom.f.p.elides.c7,3.39,3.12,0.662,lexique,,
4,close in meaning — may read as a synonym,autorités,infractions,nom.f.p.elides.c7,4.65,3.81,0.6542,lexique,,
4,close in meaning — may read as a synonym,interpellations,incidences,nom.f.p.elides.c7,3.18,3.02,0.6554,lexique,,
4,close in meaning — may read as a synonym,objections,expulsions,nom.f.p.elides.c7,3.26,3.18,0.7349,lexique,,
4,close in meaning — may read as a synonym,banalisation,matière,nom.f.s.consonant.c14,3.04,5.0,0.6868,lexique,,
4,close in meaning — may read as a synonym,captation,visibilité,nom.f.s.consonant.c14,3.09,4.06,0.7001,lexique,,
4,close in meaning — may read as a synonym,caractérisation,complémentarité,nom.f.s.consonant.c14,3.15,3.26,0.7563,lexique,,
4,close in meaning — may read as a synonym,classification,redistribution,nom.f.s.consonant.c14,3.91,3.39,0.7284,lexique,,
4,close in meaning — may read as a synonym,collation,mondialisation,nom.f.s.consonant.c14,3.14,3.82,0.7159,lexique,,
4,close in meaning — may read as a synonym,confection,contrebande,nom.f.s.consonant.c14,3.52,3.5,0.6803,lexique,,
4,close in meaning — may read as a synonym,connectivité,formulation,nom.f.s.consonant.c14,3.0,3.63,0.6556,lexique,,
4,close in meaning — may read as a synonym,conservation,réintégration,nom.f.s.consonant.c14,4.26,3.16,0.7898,lexique,,
4,close in meaning — may read as a synonym,conso,préservation,nom.f.s.consonant.c14,3.29,3.75,0.7312,lexique,,
4,close in meaning — may read as a synonym,continuation,sociabilité,nom.f.s.consonant.c14,3.71,3.01,0.66,lexique,,
4,close in meaning — may read as a synonym,dilution,revalorisation,nom.f.s.consonant.c14,3.16,3.23,0.7909,lexique,,
4,close in meaning — may read as a synonym,diversion,multiplication,nom.f.s.consonant.c14,3.45,3.86,0.75,lexique,,
4,close in meaning — may read as a synonym,démonstration,motorisation,nom.f.s.consonant.c14,4.16,3.27,0.7109,lexique,,
4,close in meaning — may read as a synonym,déstabilisation,visualisation,nom.f.s.consonant.c14,3.08,3.11,0.7981,lexique,,
4,close in meaning — may read as a synonym,faisabilité,saturation,nom.f.s.consonant.c14,3.34,3.49,0.654,lexique,,
4,close in meaning — may read as a synonym,fragmentation,production,nom.f.s.consonant.c14,3.21,5.11,0.7824,lexique,,
4,close in meaning — may read as a synonym,gestion,solvabilité,nom.f.s.consonant.c14,4.9,3.06,0.6802,lexique,,
4,close in meaning — may read as a synonym,limitation,fonctionnalité,nom.f.s.consonant.c14,3.84,3.43,0.7155,lexique,,
4,close in meaning — may read as a synonym,localisation,prédication,nom.f.s.consonant.c14,4.02,3.1,0.7881,lexique,,
4,close in meaning — may read as a synonym,légalisation,reproduction,nom.f.s.consonant.c14,3.49,4.17,0.742,lexique,,
4,close in meaning — may read as a synonym,modélisation,canalisation,nom.f.s.consonant.c14,3.44,3.27,0.724,lexique,,
4,close in meaning — may read as a synonym,multiplicité,mutation,nom.f.s.consonant.c14,3.17,3.92,0.7657,lexique,,
4,close in meaning — may read as a synonym,numérotation,délimitation,nom.f.s.consonant.c14,3.01,3.22,0.7408,lexique,,
4,close in meaning — may read as a synonym,planification,terminologie,nom.f.s.consonant.c14,3.89,3.42,0.7484,lexique,,
4,close in meaning — may read as a synonym,productivité,synchronisation,nom.f.s.consonant.c14,4.01,3.24,0.6569,lexique,,
4,close in meaning — may read as a synonym,programmation,généralisation,nom.f.s.consonant.c14,4.24,3.65,0.7713,lexique,,
4,close in meaning — may read as a synonym,protection,subsistance,nom.f.s.consonant.c14,4.89,3.33,0.6992,lexique,,
4,close in meaning — may read as a synonym,pépinière,migration,nom.f.s.consonant.c14,3.23,3.8,0.7213,lexique,,
4,close in meaning — may read as a synonym,reconstruction,médiatisation,nom.f.s.consonant.c14,3.98,3.18,0.7675,lexique,,
4,close in meaning — may read as a synonym,rentabilité,sécurisation,nom.f.s.consonant.c14,3.84,3.38,0.7256,lexique,,
4,close in meaning — may read as a synonym,représentation,normalisation,nom.f.s.consonant.c14,4.5,3.47,0.7988,lexique,,
4,close in meaning — may read as a synonym,restauration,distribution,nom.f.s.consonant.c14,4.38,4.62,0.7147,lexique,,
4,close in meaning — may read as a synonym,réalisation,spécification,nom.f.s.consonant.c14,4.59,3.02,0.7038,lexique,,
4,close in meaning — may read as a synonym,récupération,reconversion,nom.f.s.consonant.c14,3.96,3.52,0.6913,lexique,,
4,close in meaning — may read as a synonym,réglementation,génération,nom.f.s.consonant.c14,4.14,4.71,0.6661,lexique,,
4,close in meaning — may read as a synonym,régularisation,concurrence,nom.f.s.consonant.c14,3.31,4.58,0.6866,lexique,,
4,close in meaning — may read as a synonym,réhabilitation,stabilisation,nom.f.s.consonant.c14,3.72,3.5,0.7884,lexique,,
4,close in meaning — may read as a synonym,rénovation,conception,nom.f.s.consonant.c14,4.09,4.57,0.7128,lexique,,
4,close in meaning — may read as a synonym,réutilisation,vidéosurveillance,nom.f.s.consonant.c14,3.0,3.28,0.6782,lexique,,
4,close in meaning — may read as a synonym,signalisation,réouverture,nom.f.s.consonant.c14,3.61,3.43,0.6674,lexique,,
4,close in meaning — may read as a synonym,simulation,sensibilisation,nom.f.s.consonant.c14,3.81,3.76,0.7383,lexique,,
4,close in meaning — may read as a synonym,socialisation,cotation,nom.f.s.consonant.c14,3.27,3.09,0.7993,lexique,,
4,close in meaning — may read as a synonym,solution,simplification,nom.f.s.consonant.c14,4.97,3.6,0.6894,lexique,,
4,close in meaning — may read as a synonym,spécificité,démarcation,nom.f.s.consonant.c14,3.67,3.05,0.7479,lexique,,
4,close in meaning — may read as a synonym,tarification,commercialisation,nom.f.s.consonant.c14,3.36,3.82,0.7989,lexique,,
4,close in meaning — may read as a synonym,transformation,radiodiffusion,nom.f.s.consonant.c14,4.38,3.11,0.7045,lexique,,
4,close in meaning — may read as a synonym,transmission,mobilisation,nom.f.s.consonant.c14,4.3,4.15,0.7203,lexique,,
4,close in meaning — may read as a synonym,transplantation,navigation,nom.f.s.consonant.c14,3.17,4.25,0.6726,lexique,,
4,close in meaning — may read as a synonym,transposition,retransmission,nom.f.s.consonant.c14,3.23,3.06,0.7825,lexique,,
4,close in meaning — may read as a synonym,vulgarisation,déconstruction,nom.f.s.consonant.c14,3.44,3.05,0.7961,lexique,,
4,close in meaning — may read as a synonym,vérification,privatisation,nom.f.s.consonant.c14,4.01,3.6,0.6861,lexique,,
4,close in meaning — may read as a synonym,carence,désintoxication,nom.f.s.consonant.c17,3.47,3.02,0.653,lexique,,
4,close in meaning — may read as a synonym,conséquence,dégénérescence,nom.f.s.consonant.c17,4.55,3.09,0.7669,lexique,,
4,close in meaning — may read as a synonym,dangerosité,prévalence,nom.f.s.consonant.c17,3.19,3.2,0.6783,lexique,,
4,close in meaning — may read as a synonym,manipulation,prolifération,nom.f.s.consonant.c17,3.99,3.52,0.776,lexique,,
4,close in meaning — may read as a synonym,perturbation,progression,nom.f.s.consonant.c17,3.43,4.22,0.7461,lexique,,
4,close in meaning — may read as a synonym,pollution,défection,nom.f.s.consonant.c17,4.24,3.21,0.7507,lexique,,
4,close in meaning — may read as a synonym,propagation,déficience,nom.f.s.consonant.c17,3.81,3.22,0.7963,lexique,,
4,close in meaning — may read as a synonym,préoccupation,démographie,nom.f.s.consonant.c17,3.82,3.61,0.6656,lexique,,
4,close in meaning — may read as a synonym,réaction,diminution,nom.f.s.consonant.c17,4.68,4.17,0.6899,lexique,,
4,close in meaning — may read as a synonym,situation,présence,nom.f.s.consonant.c17,5.31,5.05,0.6635,lexique,,
4,close in meaning — may read as a synonym,spéculation,disparition,nom.f.s.consonant.c17,3.66,4.4,0.658,lexique,,
4,close in meaning — may read as a synonym,volatilité,vulnérabilité,nom.f.s.consonant.c17,3.12,3.48,0.6612,lexique,,
4,close in meaning — may read as a synonym,cicatrisation,migraine,nom.f.s.consonant.c2,3.0,3.34,0.6509,lexique,,
4,close in meaning — may read as a synonym,congélation,sensation,nom.f.s.consonant.c2,3.07,4.32,0.6669,lexique,,
4,close in meaning — may read as a synonym,convalescence,dépression,nom.f.s.consonant.c2,3.36,4.22,0.6597,lexique,,
4,close in meaning — may read as a synonym,distillation,relaxation,nom.f.s.consonant.c2,3.06,3.18,0.6665,lexique,,
4,close in meaning — may read as a synonym,maturation,frustration,nom.f.s.consonant.c2,3.21,3.76,0.6994,lexique,,
4,close in meaning — may read as a synonym,pulsion,concentration,nom.f.s.consonant.c2,3.16,4.32,0.7221,lexique,,
4,close in meaning — may read as a synonym,rechute,translation,nom.f.s.consonant.c2,3.18,3.5,0.7183,lexique,,
4,close in meaning — may read as a synonym,régénération,potion,nom.f.s.consonant.c2,3.33,3.32,0.7014,lexique,,
4,close in meaning — may read as a synonym,décence,compassion,nom.f.s.consonant.c21,3.37,3.86,0.6604,lexique,,
4,close in meaning — may read as a synonym,surpopulation,délégation,nom.f.s.consonant.c25,3.11,4.21,0.6623,lexique,,
4,close in meaning — may read as a synonym,qualité,perfection,nom.f.s.consonant.c27,5.12,3.92,0.6554,lexique,,
4,close in meaning — may read as a synonym,configuration,fraction,nom.f.s.consonant.c38,3.9,3.78,0.6784,lexique,,
4,close in meaning — may read as a synonym,jonction,dispersion,nom.f.s.consonant.c38,3.59,3.61,0.6886,lexique,,
4,close in meaning — may read as a synonym,particularité,déviation,nom.f.s.consonant.c38,3.9,3.37,0.7067,lexique,,
4,close in meaning — may read as a synonym,proportionnalité,fixation,nom.f.s.consonant.c38,3.03,3.85,0.668,lexique,,
4,close in meaning — may read as a synonym,rotation,torsion,nom.f.s.consonant.c38,3.96,3.05,0.7977,lexique,,
4,close in meaning — may read as a synonym,teinture,proportion,nom.f.s.consonant.c38,3.39,4.22,0.6854,lexique,,
4,close in meaning — may read as a synonym,civilisation,transe,nom.f.s.consonant.c48,4.22,3.15,0.7374,lexique,,
4,close in meaning — may read as a synonym,compréhension,banalité,nom.f.s.consonant.c48,4.23,3.12,0.7091,lexique,,
4,close in meaning — may read as a synonym,confrontation,renaissance,nom.f.s.consonant.c48,3.88,4.08,0.6761,lexique,,
4,close in meaning — may read as a synonym,mentalité,fascination,nom.f.s.consonant.c48,3.93,3.46,0.7109,lexique,,
4,close in meaning — may read as a synonym,nativité,spiritualité,nom.f.s.consonant.c48,3.02,3.57,0.6671,lexique,,
4,close in meaning — may read as a synonym,pensée,modalité,nom.f.s.consonant.c48,4.74,3.04,0.6952,lexique,,
4,close in meaning — may read as a synonym,perception,vraisemblance,nom.f.s.consonant.c48,4.16,3.14,0.6741,lexique,,
4,close in meaning — may read as a synonym,personnalité,contemplation,nom.f.s.consonant.c48,4.53,3.17,0.682,lexique,,
4,close in meaning — may read as a synonym,perversion,subjectivité,nom.f.s.consonant.c48,3.1,3.19,0.6561,lexique,,
4,close in meaning — may read as a synonym,relativité,révélation,nom.f.s.consonant.c48,3.26,4.11,0.6798,lexique,,
4,close in meaning — may read as a synonym,superstition,réincarnation,nom.f.s.consonant.c48,3.15,3.09,0.6942,lexique,,
4,close in meaning — may read as a synonym,tradition,connotation,nom.f.s.consonant.c48,4.58,3.34,0.6636,lexique,,
4,close in meaning — may read as a synonym,consultation,collaboration,nom.f.s.consonant.c50,4.2,4.5,0.6991,lexique,,
4,close in meaning — may read as a synonym,dotation,compétence,nom.f.s.consonant.c50,3.57,4.27,0.7103,lexique,,
4,close in meaning — may read as a synonym,participation,réinsertion,nom.f.s.consonant.c50,4.69,3.29,0.6811,lexique,,
4,close in meaning — may read as a synonym,préparation,prestation,nom.f.s.consonant.c50,4.57,4.19,0.7156,lexique,,
4,close in meaning — may read as a synonym,sollicitation,vocation,nom.f.s.consonant.c50,3.13,4.23,0.7318,lexique,,
4,close in meaning — may read as a synonym,titularisation,médication,nom.f.s.consonant.c50,3.07,3.04,0.695,lexique,,
4,close in meaning — may read as a synonym,circoncision,clémence,nom.f.s.consonant.c53,3.21,3.62,0.6618,lexique,,
4,close in meaning — may read as a synonym,circonstance,réclusion,nom.f.s.consonant.c53,3.71,3.29,0.6968,lexique,,
4,close in meaning — may read as a synonym,confession,transgression,nom.f.s.consonant.c53,3.84,3.01,0.7353,lexique,,
4,close in meaning — may read as a synonym,contradiction,réticence,nom.f.s.consonant.c53,3.91,3.24,0.7043,lexique,,
4,close in meaning — may read as a synonym,corruption,concordance,nom.f.s.consonant.c53,4.39,3.08,0.7196,lexique,,
4,close in meaning — may read as a synonym,diffamation,diligence,nom.f.s.consonant.c53,3.62,3.33,0.6895,lexique,,
4,close in meaning — may read as a synonym,dissidence,disparité,nom.f.s.consonant.c53,3.09,3.02,0.6508,lexique,,
4,close in meaning — may read as a synonym,maladresse,persécution,nom.f.s.consonant.c53,3.32,3.54,0.6551,lexique,,
4,close in meaning — may read as a synonym,négation,criminalité,nom.f.s.consonant.c53,3.45,3.73,0.7231,lexique,,
4,close in meaning — may read as a synonym,perpétuité,violence,nom.f.s.consonant.c53,3.6,4.76,0.6692,lexique,,
4,close in meaning — may read as a synonym,rationalité,négligence,nom.f.s.consonant.c53,3.24,3.68,0.7077,lexique,,
4,close in meaning — may read as a synonym,tentation,passivité,nom.f.s.consonant.c53,3.79,3.18,0.6544,lexique,,
4,close in meaning — may read as a synonym,cessation,taxation,nom.f.s.consonant.c7,3.44,3.51,0.7433,lexique,,
4,close in meaning — may read as a synonym,concession,proposition,nom.f.s.consonant.c7,3.97,4.65,0.7273,lexique,,
4,close in meaning — may read as a synonym,conciliation,convenance,nom.f.s.consonant.c7,3.44,3.17,0.7026,lexique,,
4,close in meaning — may read as a synonym,confidentialité,constatation,nom.f.s.consonant.c7,3.58,3.25,0.6568,lexique,,
4,close in meaning — may read as a synonym,considération,filiation,nom.f.s.consonant.c7,3.99,3.58,0.7386,lexique,,
4,close in meaning — may read as a synonym,consécration,conspiration,nom.f.s.consonant.c7,3.55,3.68,0.6913,lexique,,
4,close in meaning — may read as a synonym,contraception,finalité,nom.f.s.consonant.c7,3.47,3.59,0.6693,lexique,,
4,close in meaning — may read as a synonym,convocation,détention,nom.f.s.consonant.c7,3.75,4.11,0.7042,lexique,,
4,close in meaning — may read as a synonym,divulgation,consolation,nom.f.s.consonant.c7,3.21,3.42,0.6933,lexique,,
4,close in meaning — may read as a synonym,donation,majoration,nom.f.s.consonant.c7,3.64,3.31,0.7402,lexique,,
4,close in meaning — may read as a synonym,décapitation,détermination,nom.f.s.consonant.c7,3.08,4.11,0.6932,lexique,,
4,close in meaning — may read as a synonym,déclaration,résiliation,nom.f.s.consonant.c7,4.66,3.44,0.7476,lexique,,
4,close in meaning — may read as a synonym,déduction,restitution,nom.f.s.consonant.c7,3.51,3.6,0.7251,lexique,,
4,close in meaning — may read as a synonym,démolition,promulgation,nom.f.s.consonant.c7,3.66,3.19,0.6582,lexique,,
4,close in meaning — may read as a synonym,dénomination,réquisition,nom.f.s.consonant.c7,3.78,3.05,0.7127,lexique,,
4,close in meaning — may read as a synonym,déportation,révocation,nom.f.s.consonant.c7,3.43,3.26,0.7128,lexique,,
4,close in meaning — may read as a synonym,dérogation,confiscation,nom.f.s.consonant.c7,3.47,3.24,0.7935,lexique,,
4,close in meaning — may read as a synonym,justification,délibération,nom.f.s.consonant.c7,3.81,3.55,0.7977,lexique,,
4,close in meaning — may read as a synonym,nomination,violation,nom.f.s.consonant.c7,4.29,4.02,0.6672,lexique,,
4,close in meaning — may read as a synonym,passation,constance,nom.f.s.consonant.c7,3.19,3.82,0.7914,lexique,,
4,close in meaning — may read as a synonym,pondération,prohibition,nom.f.s.consonant.c7,3.02,3.36,0.717,lexique,,
4,close in meaning — may read as a synonym,procession,déposition,nom.f.s.consonant.c7,3.49,3.46,0.6956,lexique,,
4,close in meaning — may read as a synonym,proclamation,cession,nom.f.s.consonant.c7,3.49,3.89,0.6907,lexique,,
4,close in meaning — may read as a synonym,procréation,confirmation,nom.f.s.consonant.c7,3.22,4.07,0.7091,lexique,,
4,close in meaning — may read as a synonym,protestation,probation,nom.f.s.consonant.c7,3.76,3.14,0.7541,lexique,,
4,close in meaning — may read as a synonym,reconstitution,distinction,nom.f.s.consonant.c7,3.64,4.25,0.7234,lexique,,
4,close in meaning — may read as a synonym,rectification,législation,nom.f.s.consonant.c7,3.33,4.19,0.6537,lexique,,
4,close in meaning — may read as a synonym,renonciation,magistrature,nom.f.s.consonant.c7,3.06,3.54,0.6585,lexique,,
4,close in meaning — may read as a synonym,responsabilité,transaction,nom.f.s.consonant.c7,4.76,3.97,0.6772,lexique,,
4,close in meaning — may read as a synonym,résignation,légalité,nom.f.s.consonant.c7,3.06,3.67,0.7237,lexique,,
4,close in meaning — may read as a synonym,sanction,condition,nom.f.s.consonant.c7,4.03,4.65,0.7104,lexique,,
4,close in meaning — may read as a synonym,souscription,conscription,nom.f.s.consonant.c7,3.66,3.09,0.6507,lexique,,
4,close in meaning — may read as a synonym,supposition,prescription,nom.f.s.consonant.c7,3.23,3.85,0.6598,lexique,,
4,close in meaning — may read as a synonym,annulation,aberration,nom.f.s.elides.c1,3.97,3.23,0.7126,lexique,,
4,close in meaning — may read as a synonym,exemplarité,interdiction,nom.f.s.elides.c1,3.01,4.37,0.6592,lexique,,
4,close in meaning — may read as a synonym,imposition,illégalité,nom.f.s.elides.c1,3.97,3.23,0.7058,lexique,,
4,close in meaning — may read as a synonym,insistance,éviction,nom.f.s.elides.c1,3.49,3.24,0.7062,lexique,,
4,close in meaning — may read as a synonym,instance,intimidation,nom.f.s.elides.c1,4.2,3.51,0.6628,lexique,,
4,close in meaning — may read as a synonym,intention,opposition,nom.f.s.elides.c1,4.67,4.79,0.73,lexique,,
4,close in meaning — may read as a synonym,usurpation,obligation,nom.f.s.elides.c1,3.2,4.48,0.7337,lexique,,
4,close in meaning — may read as a synonym,activité,utilisation,nom.f.s.elides.c14,5.06,4.84,0.685,lexique,,
4,close in meaning — may read as a synonym,actualisation,intervention,nom.f.s.elides.c14,3.06,4.7,0.7743,lexique,,
4,close in meaning — may read as a synonym,adjonction,atténuation,nom.f.s.elides.c14,3.0,3.11,0.703,lexique,,
4,close in meaning — may read as a synonym,admission,amplification,nom.f.s.elides.c14,3.86,3.07,0.6623,lexique,,
4,close in meaning — may read as a synonym,agglomération,édification,nom.f.s.elides.c14,4.01,3.33,0.6897,lexique,,
4,close in meaning — may read as a synonym,anticipation,exécution,nom.f.s.elides.c14,3.59,4.43,0.7364,lexique,,
4,close in meaning — may read as a synonym,assomption,installation,nom.f.s.elides.c14,3.44,4.4,0.6543,lexique,,
4,close in meaning — may read as a synonym,attestation,appropriation,nom.f.s.elides.c14,3.39,3.53,0.6666,lexique,,
4,close in meaning — may read as a synonym,audition,action,nom.f.s.elides.c14,3.93,5.17,0.6947,lexique,,
4,close in meaning — may read as a synonym,autodétermination,intersection,nom.f.s.elides.c14,3.2,3.7,0.6994,lexique,,
4,close in meaning — may read as a synonym,exonération,exploitation,nom.f.s.elides.c14,3.35,4.73,0.7318,lexique,,
4,close in meaning — may read as a synonym,identification,exemption,nom.f.s.elides.c14,4.11,3.21,0.702,lexique,,
4,close in meaning — may read as a synonym,implication,authentification,nom.f.s.elides.c14,3.96,3.12,0.7509,lexique,,
4,close in meaning — may read as a synonym,incompatibilité,intensification,nom.f.s.elides.c14,3.15,3.13,0.7174,lexique,,
4,close in meaning — may read as a synonym,indemnisation,administration,nom.f.s.elides.c14,3.65,5.0,0.7473,lexique,,
4,close in meaning — may read as a synonym,indexation,innovation,nom.f.s.elides.c14,3.31,4.38,0.6589,lexique,,
4,close in meaning — may read as a synonym,insertion,indication,nom.f.s.elides.c14,3.89,3.91,0.6832,lexique,,
4,close in meaning — may read as a synonym,inspection,attribution,nom.f.s.elides.c14,4.05,4.03,0.6748,lexique,,
4,close in meaning — may read as a synonym,ordination,interception,nom.f.s.elides.c14,3.04,3.23,0.7302,lexique,,
4,close in meaning — may read as a synonym,urbanisation,évaluation,nom.f.s.elides.c14,3.43,4.38,0.6996,lexique,,
4,close in meaning — may read as a synonym,élaboration,instruction,nom.f.s.elides.c14,4.03,4.31,0.7517,lexique,,
4,close in meaning — may read as a synonym,éligibilité,investigation,nom.f.s.elides.c14,3.13,3.79,0.6615,lexique,,
4,close in meaning — may read as a synonym,épuration,adéquation,nom.f.s.elides.c14,3.5,3.29,0.6826,lexique,,
4,close in meaning — may read as a synonym,absorption,agitation,nom.f.s.elides.c16,3.65,3.67,0.6831,lexique,,
4,close in meaning — may read as a synonym,affection,effervescence,nom.f.s.elides.c16,4.03,3.33,0.6996,lexique,,
4,close in meaning — may read as a synonym,extinction,augmentation,nom.f.s.elides.c16,3.84,4.71,0.6939,lexique,,
4,close in meaning — may read as a synonym,infection,instabilité,nom.f.s.elides.c16,4.05,3.67,0.6562,lexique,,
4,close in meaning — may read as a synonym,inflammation,incorporation,nom.f.s.elides.c16,3.49,3.18,0.7477,lexique,,
4,close in meaning — may read as a synonym,interruption,irritation,nom.f.s.elides.c16,3.86,3.17,0.7087,lexique,,
4,close in meaning — may read as a synonym,oxydation,inhibition,nom.f.s.elides.c16,3.31,3.0,0.7329,lexique,,
4,close in meaning — may read as a synonym,échappatoire,omniprésence,nom.f.s.elides.c16,3.05,3.04,0.6848,lexique,,
4,close in meaning — may read as a synonym,éjaculation,amputation,nom.f.s.elides.c16,3.04,3.04,0.6945,lexique,,
4,close in meaning — may read as a synonym,élévation,excitation,nom.f.s.elides.c16,3.67,3.67,0.6701,lexique,,
4,close in meaning — may read as a synonym,éruption,altération,nom.f.s.elides.c16,3.68,3.39,0.6766,lexique,,
4,close in meaning — may read as a synonym,amnistie,insurrection,nom.f.s.elides.c3,3.48,3.83,0.6947,lexique,,
4,close in meaning — may read as a synonym,incarcération,abolition,nom.f.s.elides.c3,3.27,3.9,0.6981,lexique,,
4,close in meaning — may read as a synonym,appréhension,inspiration,nom.f.s.elides.c6,3.32,4.26,0.6945,lexique,,
4,close in meaning — may read as a synonym,articulation,invention,nom.f.s.elides.c6,3.52,4.09,0.7277,lexique,,
4,close in meaning — may read as a synonym,exploration,improvisation,nom.f.s.elides.c6,4.06,3.51,0.7602,lexique,,
4,close in meaning — may read as a synonym,interaction,acception,nom.f.s.elides.c6,3.82,3.02,0.7513,lexique,,
4,close in meaning — may read as a synonym,introspection,approximation,nom.f.s.elides.c6,3.08,3.26,0.6675,lexique,,
4,close in meaning — may read as a synonym,raisonnements,débordements,nom.m.p.consonant.c20,3.24,3.33,0.7091,lexique,,
4,close in meaning — may read as a synonym,coiffeurs,diffuseurs,nom.m.p.consonant.c29,3.06,3.05,0.6522,lexique,,
4,close in meaning — may read as a synonym,concepteurs,cartels,nom.m.p.consonant.c29,3.29,3.08,0.7101,lexique,,
4,close in meaning — may read as a synonym,constructeurs,bailleurs,nom.m.p.consonant.c29,3.95,3.34,0.6607,lexique,,
4,close in meaning — may read as a synonym,dessinateurs,donateurs,nom.m.p.consonant.c29,3.22,3.51,0.6661,lexique,,
4,close in meaning — may read as a synonym,répondants,parrains,nom.m.p.consonant.c29,3.14,3.07,0.6708,lexique,,
4,close in meaning — may read as a synonym,cheminement,dépouillement,nom.m.s.consonant.c33,3.48,3.35,0.6865,lexique,,
4,close in meaning — may read as a synonym,claquement,confinement,nom.m.s.consonant.c33,3.13,3.42,0.7083,lexique,,
4,close in meaning — may read as a synonym,contraire,relâchement,nom.m.s.consonant.c33,4.98,3.17,0.6813,lexique,,
4,close in meaning — may read as a synonym,croisement,démembrement,nom.m.s.consonant.c33,3.63,3.02,0.7065,lexique,,
4,close in meaning — may read as a synonym,divertissement,prolongement,nom.m.s.consonant.c33,3.87,3.78,0.6616,lexique,,
4,close in meaning — may read as a synonym,dépassement,changement,nom.m.s.consonant.c33,3.63,4.92,0.7623,lexique,,
4,close in meaning — may read as a synonym,dérèglement,mécontentement,nom.m.s.consonant.c33,3.1,3.66,0.6701,lexique,,
4,close in meaning — may read as a synonym,nivellement,déploiement,nom.m.s.consonant.c33,3.11,3.86,0.7079,lexique,,
4,close in meaning — may read as a synonym,prélèvement,rattachement,nom.m.s.consonant.c33,3.85,3.52,0.7074,lexique,,
4,close in meaning — may read as a synonym,questionnement,rétablissement,nom.m.s.consonant.c33,3.35,3.84,0.6732,lexique,,
4,close in meaning — may read as a synonym,rapprochement,ralentissement,nom.m.s.consonant.c33,4.02,3.55,0.743,lexique,,
4,close in meaning — may read as a synonym,relèvement,fondement,nom.m.s.consonant.c33,3.31,3.88,0.7115,lexique,,
4,close in meaning — may read as a synonym,renseignement,forcement,nom.m.s.consonant.c33,4.16,3.47,0.6562,lexique,,
4,close in meaning — may read as a synonym,retardement,manquement,nom.m.s.consonant.c33,3.17,3.32,0.7149,lexique,,
4,close in meaning — may read as a synonym,retournement,rassemblement,nom.m.s.consonant.c33,3.5,4.25,0.6752,lexique,,
4,close in meaning — may read as a synonym,réquisitoire,peuplement,nom.m.s.consonant.c33,3.13,3.25,0.6577,lexique,,
4,close in meaning — may read as a synonym,racisme,communisme,nom.m.s.consonant.c39,4.29,3.77,0.7088,lexique,,
4,close in meaning — may read as a synonym,surréalisme,conservatisme,nom.m.s.consonant.c39,3.07,3.15,0.6543,lexique,,
4,close in meaning — may read as a synonym,maniement,chargement,nom.m.s.consonant.c58,3.16,3.81,0.7061,lexique,,
4,close in meaning — may read as a synonym,raccordement,financement,nom.m.s.consonant.c58,3.27,4.56,0.6568,lexique,,
4,close in meaning — may read as a synonym,cargo,voilier,nom.m.s.consonant.c62,3.58,3.41,0.6897,lexique,,
4,close in meaning — may read as a synonym,abaissement,emprisonnement,nom.m.s.elides.c2,3.25,3.87,0.6552,lexique,,
4,close in meaning — may read as a synonym,accouplement,enfouissement,nom.m.s.elides.c2,3.08,3.06,0.6574,lexique,,
4,close in meaning — may read as a synonym,allaitement,enchantement,nom.m.s.elides.c2,3.28,3.09,0.6567,lexique,,
4,close in meaning — may read as a synonym,effondrement,empoisonnement,nom.m.s.elides.c2,3.92,3.39,0.6868,lexique,,
4,close in meaning — may read as a synonym,entêtement,accomplissement,nom.m.s.elides.c2,3.02,3.57,0.7758,lexique,,
4,close in meaning — may read as a synonym,interrogatoire,apaisement,nom.m.s.elides.c2,3.65,3.38,0.6519,lexique,,
4,close in meaning — may read as a synonym,isolement,armement,nom.m.s.elides.c2,3.94,3.88,0.7034,lexique,,
4,close in meaning — may read as a synonym,échauffement,épuisement,nom.m.s.elides.c2,3.36,3.6,0.7231,lexique,,
4,close in meaning — may read as a synonym,épanouissement,accouchement,nom.m.s.elides.c2,3.46,3.82,0.6811,lexique,,
4,close in meaning — may read as a synonym,étalement,attachement,nom.m.s.elides.c2,3.19,3.86,0.7386,lexique,,
4,close in meaning — may read as a synonym,anarchisme,occident,nom.m.s.elides.c3,3.26,4.25,0.6571,lexique,,
4,close in meaning — may read as a synonym,aménagement,échangeur,nom.m.s.elides.c9,4.34,3.23,0.7054,lexique,,
4,close in meaning — may read as a synonym,gardez,retenez,verb.imp:pre:2p_ind:pre:2p.consonant.c2,3.82,3.36,0.705,lexique,,
4,close in meaning — may read as a synonym,prenez,sortez,verb.imp:pre:2p_ind:pre:2p.consonant.c2,4.51,3.91,0.6856,lexique,,
4,close in meaning — may read as a synonym,reprenez,ramenez,verb.imp:pre:2p_ind:pre:2p.consonant.c2,3.03,3.26,0.6856,lexique,,
4,close in meaning — may read as a synonym,parlez,croyez,verb.imp:pre:2p_ind:pre:2p.consonant.c3,4.31,4.41,0.6652,lexique,,
4,close in meaning — may read as a synonym,pensez,méfiez,verb.imp:pre:2p_ind:pre:2p.consonant.c3,4.67,3.17,0.6957,lexique,,
4,close in meaning — may read as a synonym,voyez,songez,verb.imp:pre:2p_ind:pre:2p.consonant.c3,4.63,3.0,0.6957,lexique,,
4,close in meaning — may read as a synonym,trouveront,sortiront,verb.ind:fut:3p.consonant.c1,3.76,3.28,0.6773,lexique,,
4,close in meaning — may read as a synonym,constituaient,criaient,verb.ind:imp:3p.consonant.c0,3.25,3.02,0.7179,lexique,,
4,close in meaning — may read as a synonym,disaient,considéraient,verb.ind:imp:3p.consonant.c0,3.99,3.25,0.7078,lexique,,
4,close in meaning — may read as a synonym,cherchaient,soutenaient,verb.ind:imp:3p.consonant.c1,3.49,3.03,0.743,lexique,,
4,close in meaning — may read as a synonym,manquaient,voulaient,verb.ind:imp:3p.consonant.c1,3.22,4.29,0.7256,lexique,,
4,close in meaning — may read as a synonym,permettaient,ressemblaient,verb.ind:imp:3p.consonant.c1,3.44,3.08,0.7252,lexique,,
4,close in meaning — may read as a synonym,pouvaient,commençaient,verb.ind:imp:3p.consonant.c1,4.41,3.31,0.7226,lexique,,
4,close in meaning — may read as a synonym,prenaient,provenaient,verb.ind:imp:3p.consonant.c1,3.65,3.14,0.7992,lexique,,
4,close in meaning — may read as a synonym,refusaient,proposaient,verb.ind:imp:3p.consonant.c1,3.21,3.05,0.7256,lexique,,
4,close in meaning — may read as a synonym,revenaient,devaient,verb.ind:imp:3p.consonant.c1,3.11,4.38,0.7388,lexique,,
4,close in meaning — may read as a synonym,souhaitaient,vendaient,verb.ind:imp:3p.consonant.c1,3.26,3.04,0.7613,lexique,,
4,close in meaning — may read as a synonym,tenaient,continuaient,verb.ind:imp:3p.consonant.c1,3.53,3.21,0.7947,lexique,,
4,close in meaning — may read as a synonym,tentaient,trouvaient,verb.ind:imp:3p.consonant.c1,3.08,4.02,0.7482,lexique,,
4,close in meaning — may read as a synonym,visaient,partaient,verb.ind:imp:3p.consonant.c1,3.01,3.14,0.7755,lexique,,
4,close in meaning — may read as a synonym,allaient,existaient,verb.ind:imp:3p.elides,4.24,3.59,0.7203,lexique,,
4,close in meaning — may read as a synonym,commençait,devait,verb.ind:imp:3s.consonant.c0,3.86,4.98,0.7315,lexique,,
4,close in meaning — may read as a synonym,quittait,recherchait,verb.ind:imp:3s.consonant.c0,3.34,3.05,0.6807,lexique,,
4,close in meaning — may read as a synonym,refusait,revenait,verb.ind:imp:3s.consonant.c0,3.62,3.74,0.7367,lexique,,
4,close in meaning — may read as a synonym,remontait,parvenait,verb.ind:imp:3s.consonant.c0,3.16,3.18,0.7444,lexique,,
4,close in meaning — may read as a synonym,souhaitait,fallait,verb.ind:imp:3s.consonant.c0,3.77,4.89,0.7175,lexique,,
4,close in meaning — may read as a synonym,tentait,gardait,verb.ind:imp:3s.consonant.c0,3.53,3.46,0.7053,lexique,,
4,close in meaning — may read as a synonym,visait,demandait,verb.ind:imp:3s.consonant.c0,3.56,4.08,0.655,lexique,,
4,close in meaning — may read as a synonym,connaissait,gênait,verb.ind:imp:3s.consonant.c1,4.18,3.0,0.7055,lexique,,
4,close in meaning — may read as a synonym,doutait,disait,verb.ind:imp:3s.consonant.c1,3.35,4.79,0.74,lexique,,
4,close in meaning — may read as a synonym,plaignait,riait,verb.ind:imp:3s.consonant.c1,3.19,3.1,0.7617,lexique,,
4,close in meaning — may read as a synonym,posait,paraissait,verb.ind:imp:3s.consonant.c1,3.58,3.67,0.671,lexique,,
4,close in meaning — may read as a synonym,reposait,discutait,verb.ind:imp:3s.consonant.c1,3.27,3.06,0.7313,lexique,,
4,close in meaning — may read as a synonym,ressentait,respectait,verb.ind:imp:3s.consonant.c1,3.14,3.06,0.6859,lexique,,
4,close in meaning — may read as a synonym,répétait,faisait,verb.ind:imp:3s.consonant.c1,3.13,5.09,0.6577,lexique,,
4,close in meaning — may read as a synonym,savait,sentait,verb.ind:imp:3s.consonant.c1,4.57,3.95,0.7733,lexique,,
4,close in meaning — may read as a synonym,souvenait,pleurait,verb.ind:imp:3s.consonant.c1,3.0,3.35,0.6605,lexique,,
4,close in meaning — may read as a synonym,touchait,mettait,verb.ind:imp:3s.consonant.c1,3.41,4.01,0.7133,lexique,,
4,close in meaning — may read as a synonym,trompait,regrettait,verb.ind:imp:3s.consonant.c1,3.14,3.04,0.777,lexique,,
4,close in meaning — may read as a synonym,tuait,détestait,verb.ind:imp:3s.consonant.c1,3.02,3.17,0.7546,lexique,,
4,close in meaning — may read as a synonym,voyait,lisait,verb.ind:imp:3s.consonant.c1,4.21,3.36,0.7617,lexique,,
4,close in meaning — may read as a synonym,coulait,résidait,verb.ind:imp:3s.consonant.c4,3.05,3.17,0.6635,lexique,,
4,close in meaning — may read as a synonym,fréquentait,volait,verb.ind:imp:3s.consonant.c4,3.05,3.05,0.6635,lexique,,
4,close in meaning — may read as a synonym,tournait,tenait,verb.ind:imp:3s.consonant.c4,3.54,4.17,0.7286,lexique,,
4,close in meaning — may read as a synonym,composait,relevait,verb.ind:imp:3s.consonant.c5,3.16,3.35,0.6695,lexique,,
4,close in meaning — may read as a synonym,agissait,arrivait,verb.ind:imp:3s.elides.c1,4.37,4.09,0.6537,lexique,,
4,close in meaning — may read as a synonym,amusait,apprêtait,verb.ind:imp:3s.elides.c1,3.22,3.23,0.6534,lexique,,
4,close in meaning — may read as a synonym,lança,retourna,verb.ind:pas:3s.consonant.c2,3.4,3.46,0.6622,lexique,,
4,close in meaning — may read as a synonym,tourna,jeta,verb.ind:pas:3s.consonant.c2,3.32,3.19,0.7007,lexique,,
4,close in meaning — may read as a synonym,permettent,risquent,verb.ind:pre:3p.consonant.c0,4.65,3.93,0.6583,lexique,,
4,close in meaning — may read as a synonym,rêvent,peinent,verb.ind:pre:3p.consonant.c0,3.57,3.06,0.7129,lexique,,
4,close in meaning — may read as a synonym,commentent,méprisent,verb.ind:pre:3p.consonant.c1,3.05,3.02,0.7446,lexique,,
4,close in meaning — may read as a synonym,fichent,reconnaissent,verb.ind:pre:3p.consonant.c1,3.0,3.86,0.7135,lexique,,
4,close in meaning — may read as a synonym,manifestent,rejettent,verb.ind:pre:3p.consonant.c1,3.79,3.43,0.7806,lexique,,
4,close in meaning — may read as a synonym,militent,qualifient,verb.ind:pre:3p.consonant.c1,3.05,3.29,0.717,lexique,,
4,close in meaning — may read as a synonym,nient,postent,verb.ind:pre:3p.consonant.c1,3.2,3.24,0.7149,lexique,,
4,close in meaning — may read as a synonym,nomment,protestent,verb.ind:pre:3p.consonant.c1,3.36,3.08,0.7099,lexique,,
4,close in meaning — may read as a synonym,respectent,trahissent,verb.ind:pre:3p.consonant.c1,3.86,3.01,0.6704,lexique,,
4,close in meaning — may read as a synonym,soutiennent,détestent,verb.ind:pre:3p.consonant.c1,4.04,3.67,0.6976,lexique,,
4,close in meaning — may read as a synonym,caractérisent,couvrent,verb.ind:pre:3p.consonant.c3,3.4,3.67,0.6824,lexique,,
4,close in meaning — may read as a synonym,complètent,précèdent,verb.ind:pre:3p.consonant.c3,3.51,3.2,0.6564,lexique,,
4,close in meaning — may read as a synonym,confèrent,précisent,verb.ind:pre:3p.consonant.c3,3.04,3.31,0.6721,lexique,,
4,close in meaning — may read as a synonym,conservent,témoignent,verb.ind:pre:3p.consonant.c3,3.63,3.89,0.7019,lexique,,
4,close in meaning — may read as a synonym,constituent,diffèrent,verb.ind:pre:3p.consonant.c3,4.3,3.54,0.7106,lexique,,
4,close in meaning — may read as a synonym,contiennent,procurent,verb.ind:pre:3p.consonant.c3,3.98,3.14,0.753,lexique,,
4,close in meaning — may read as a synonym,distinguent,concluent,verb.ind:pre:3p.consonant.c3,3.53,3.24,0.7484,lexique,,
4,close in meaning — may read as a synonym,divisent,déploient,verb.ind:pre:3p.consonant.c3,3.21,3.1,0.7821,lexique,,
4,close in meaning — may read as a synonym,décrivent,concernent,verb.ind:pre:3p.consonant.c3,3.52,4.04,0.7422,lexique,,
4,close in meaning — may read as a synonym,définissent,citent,verb.ind:pre:3p.consonant.c3,3.52,3.24,0.6756,lexique,,
4,close in meaning — may read as a synonym,désignent,suggèrent,verb.ind:pre:3p.consonant.c3,3.37,3.55,0.6884,lexique,,
4,close in meaning — may read as a synonym,déterminent,penchent,verb.ind:pre:3p.consonant.c3,3.25,3.01,0.7062,lexique,,
4,close in meaning — may read as a synonym,notent,prouvent,verb.ind:pre:3p.consonant.c3,3.08,3.7,0.7827,lexique,,
4,close in meaning — may read as a synonym,paraissent,proviennent,verb.ind:pre:3p.consonant.c3,3.81,4.0,0.6652,lexique,,
4,close in meaning — may read as a synonym,possèdent,figurent,verb.ind:pre:3p.consonant.c3,4.12,4.05,0.656,lexique,,
4,close in meaning — may read as a synonym,prêtent,mentionnent,verb.ind:pre:3p.consonant.c3,3.45,3.3,0.7505,lexique,,
4,close in meaning — may read as a synonym,rapportent,combinent,verb.ind:pre:3p.consonant.c3,3.76,3.04,0.7269,lexique,,
4,close in meaning — may read as a synonym,relèvent,composent,verb.ind:pre:3p.consonant.c3,3.81,3.85,0.697,lexique,,
4,close in meaning — may read as a synonym,remarquent,réservent,verb.ind:pre:3p.consonant.c3,3.09,3.05,0.722,lexique,,
4,close in meaning — may read as a synonym,répartissent,traduisent,verb.ind:pre:3p.consonant.c3,3.09,3.38,0.7646,lexique,,
4,close in meaning — may read as a synonym,signalent,concentrent,verb.ind:pre:3p.consonant.c3,3.17,3.42,0.6895,lexique,,
4,close in meaning — may read as a synonym,signifient,règlent,verb.ind:pre:3p.consonant.c3,3.3,3.04,0.7924,lexique,,
4,close in meaning — may read as a synonym,soulignent,demeurent,verb.ind:pre:3p.consonant.c3,3.42,3.89,0.6648,lexique,,
4,close in meaning — may read as a synonym,tiennent,reflètent,verb.ind:pre:3p.consonant.c3,4.27,3.5,0.7211,lexique,,
4,close in meaning — may read as a synonym,découlent,multiplient,verb.ind:pre:3p.consonant.c4,3.41,3.7,0.7353,lexique,,
4,close in meaning — may read as a synonym,dépendent,débordent,verb.ind:pre:3p.consonant.c4,3.82,3.0,0.6508,lexique,,
4,close in meaning — may read as a synonym,facilitent,retiennent,verb.ind:pre:3p.consonant.c4,3.14,3.32,0.7003,lexique,,
4,close in meaning — may read as a synonym,limitent,blessent,verb.ind:pre:3p.consonant.c4,3.45,3.02,0.6512,lexique,,
4,close in meaning — may read as a synonym,nécessitent,reproduisent,verb.ind:pre:3p.consonant.c4,3.61,3.32,0.701,lexique,,
4,close in meaning — may read as a synonym,propagent,préoccupent,verb.ind:pre:3p.consonant.c4,3.05,3.12,0.7137,lexique,,
4,close in meaning — may read as a synonym,requièrent,dépassent,verb.ind:pre:3p.consonant.c4,3.07,3.8,0.6689,lexique,,
4,close in meaning — may read as a synonym,réduisent,modifient,verb.ind:pre:3p.consonant.c4,3.48,3.16,0.656,lexique,,
4,close in meaning — may read as a synonym,résultent,contribuent,verb.ind:pre:3p.consonant.c4,3.29,3.85,0.6889,lexique,,
4,close in meaning — may read as a synonym,construisent,collent,verb.ind:pre:3p.consonant.c5,3.45,3.22,0.6931,lexique,,
4,close in meaning — may read as a synonym,deviennent,sauvent,verb.ind:pre:3p.consonant.c5,4.45,3.14,0.7086,lexique,,
4,close in meaning — may read as a synonym,disparaissent,réfléchissent,verb.ind:pre:3p.consonant.c5,3.83,3.24,0.7472,lexique,,
4,close in meaning — may read as a synonym,persistent,déchirent,verb.ind:pre:3p.consonant.c5,3.34,3.11,0.7133,lexique,,
4,close in meaning — may read as a synonym,poursuivent,surviennent,verb.ind:pre:3p.consonant.c5,3.75,3.32,0.6932,lexique,,
4,close in meaning — may read as a synonym,relient,libèrent,verb.ind:pre:3p.consonant.c5,3.13,3.08,0.7386,lexique,,
4,close in meaning — may read as a synonym,rencontrent,dominent,verb.ind:pre:3p.consonant.c5,3.95,3.59,0.6553,lexique,,
4,close in meaning — may read as a synonym,repoussent,dressent,verb.ind:pre:3p.consonant.c5,3.09,3.22,0.7184,lexique,,
4,close in meaning — may read as a synonym,respirent,peuplent,verb.ind:pre:3p.consonant.c5,3.06,3.03,0.6878,lexique,,
4,close in meaning — may read as a synonym,retrouvent,mentent,verb.ind:pre:3p.consonant.c5,4.25,3.53,0.7078,lexique,,
4,close in meaning — may read as a synonym,transforment,partagent,verb.ind:pre:3p.consonant.c5,3.55,4.06,0.6625,lexique,,
4,close in meaning — may read as a synonym,dépensent,réunissent,verb.ind:pre:3p.consonant.c7,3.2,3.63,0.7006,lexique,,
4,close in meaning — may read as a synonym,participent,veillent,verb.ind:pre:3p.consonant.c7,4.07,3.13,0.6811,lexique,,
4,close in meaning — may read as a synonym,réalisent,gèrent,verb.ind:pre:3p.consonant.c7,3.76,3.42,0.6824,lexique,,
4,close in meaning — may read as a synonym,siègent,promettent,verb.ind:pre:3p.consonant.c7,3.13,3.41,0.6752,lexique,,
4,close in meaning — may read as a synonym,battent,repartent,verb.ind:pre:3p.consonant.c9,4.01,3.24,0.6809,lexique,,
4,close in meaning — may read as a synonym,brisent,traînent,verb.ind:pre:3p.consonant.c9,3.08,3.35,0.7476,lexique,,
4,close in meaning — may read as a synonym,courent,remettent,verb.ind:pre:3p.consonant.c9,3.76,3.57,0.6731,lexique,,
4,close in meaning — may read as a synonym,dirigent,voyagent,verb.ind:pre:3p.consonant.c9,3.64,3.29,0.7147,lexique,,
4,close in meaning — may read as a synonym,débutent,sortent,verb.ind:pre:3p.consonant.c9,3.35,4.31,0.6546,lexique,,
4,close in meaning — may read as a synonym,détruisent,défilent,verb.ind:pre:3p.consonant.c9,3.53,3.32,0.7008,lexique,,
4,close in meaning — may read as a synonym,filent,chassent,verb.ind:pre:3p.consonant.c9,3.01,3.13,0.6686,lexique,,
4,close in meaning — may read as a synonym,foutent,livrent,verb.ind:pre:3p.consonant.c9,3.78,3.61,0.6647,lexique,,
4,close in meaning — may read as a synonym,gagnent,crient,verb.ind:pre:3p.consonant.c9,3.98,3.54,0.6958,lexique,,
4,close in meaning — may read as a synonym,montent,cèdent,verb.ind:pre:3p.consonant.c9,3.76,3.13,0.6714,lexique,,
4,close in meaning — may read as a synonym,mènent,croisent,verb.ind:pre:3p.consonant.c9,3.87,3.53,0.7183,lexique,,
4,close in meaning — may read as a synonym,prennent,disputent,verb.ind:pre:3p.consonant.c9,4.73,3.47,0.6658,lexique,,
4,close in meaning — may read as a synonym,promènent,couchent,verb.ind:pre:3p.consonant.c9,3.07,3.09,0.7443,lexique,,
4,close in meaning — may read as a synonym,sautent,cassent,verb.ind:pre:3p.consonant.c9,3.31,3.44,0.7531,lexique,,
4,close in meaning — may read as a synonym,survivent,partent,verb.ind:pre:3p.consonant.c9,3.32,4.15,0.6859,lexique,,
4,close in meaning — may read as a synonym,tuent,marchent,verb.ind:pre:3p.consonant.c9,3.81,3.84,0.6953,lexique,,
4,close in meaning — may read as a synonym,aboutissent,essaient,verb.ind:pre:3p.elides.c0,3.35,3.82,0.6975,lexique,,
4,close in meaning — may read as a synonym,acquièrent,échouent,verb.ind:pre:3p.elides.c0,3.09,3.19,0.6932,lexique,,
4,close in meaning — may read as a synonym,agissent,exécutent,verb.ind:pre:3p.elides.c0,3.79,3.01,0.6622,lexique,,
4,close in meaning — may read as a synonym,effectuent,usent,verb.ind:pre:3p.elides.c0,3.5,3.02,0.6622,lexique,,
4,close in meaning — may read as a synonym,enseignent,autorisent,verb.ind:pre:3p.elides.c0,3.18,3.29,0.7082,lexique,,
4,close in meaning — may read as a synonym,envahissent,embarquent,verb.ind:pre:3p.elides.c0,3.3,3.07,0.6801,lexique,,
4,close in meaning — may read as a synonym,excluent,aperçoivent,verb.ind:pre:3p.elides.c0,3.08,3.02,0.6677,lexique,,
4,close in meaning — may read as a synonym,interviennent,obtiennent,verb.ind:pre:3p.elides.c0,3.7,3.72,0.6979,lexique,,
4,close in meaning — may read as a synonym,utilisent,investissent,verb.ind:pre:3p.elides.c0,4.36,3.48,0.66,lexique,,
4,close in meaning — may read as a synonym,inscrivent,échangent,verb.ind:pre:3p.elides.c1,3.57,3.36,0.6669,lexique,,
4,close in meaning — may read as a synonym,illustrent,ajoutent,verb.ind:pre:3p.elides.c2,3.4,3.89,0.6927,lexique,,
4,close in meaning — may read as a synonym,indiquent,émettent,verb.ind:pre:3p.elides.c2,4.04,3.3,0.6653,lexique,,
4,close in meaning — may read as a synonym,inventent,abritent,verb.ind:pre:3p.elides.c2,3.14,3.13,0.6881,lexique,,
4,close in meaning — may read as a synonym,alimentent,oublient,verb.ind:pre:3p.elides.c4,3.26,3.65,0.6959,lexique,,
4,close in meaning — may read as a synonym,avèrent,ignorent,verb.ind:pre:3p.elides.c4,3.24,3.72,0.6741,lexique,,
4,close in meaning — may read as a synonym,emportent,entourent,verb.ind:pre:3p.elides.c4,3.38,3.73,0.7077,lexique,,
4,close in meaning — may read as a synonym,explosent,embrassent,verb.ind:pre:3p.elides.c4,3.29,3.23,0.6951,lexique,,
4,close in meaning — may read as a synonym,incarnent,enlèvent,verb.ind:pre:3p.elides.c4,3.09,3.25,0.6573,lexique,,
4,close in meaning — may read as a synonym,écoutent,arrachent,verb.ind:pre:3p.elides.c4,3.67,3.08,0.6749,lexique,,
4,close in meaning — may read as a synonym,gardent,tournent,verb.ind:pre:3p_sub:pre:3p.consonant.c1,3.82,3.91,0.6586,lexique,,
4,close in meaning — may read as a synonym,rendent,poussent,verb.ind:pre:3p_sub:pre:3p.consonant.c1,4.4,3.88,0.6573,lexique,,
4,close in meaning — may read as a synonym,sentent,parlent,verb.ind:pre:3p_sub:pre:3p.consonant.c1,4.13,4.62,0.6686,lexique,,
4,close in meaning — may read as a synonym,voient,lèvent,verb.ind:pre:3p_sub:pre:3p.consonant.c1,4.49,3.44,0.6649,lexique,,
4,close in meaning — may read as a synonym,disperser,contrecarrer,verb.inf.consonant.c0,3.38,3.08,0.729,lexique,,
4,close in meaning — may read as a synonym,bouger,transpirer,verb.inf.consonant.c10,4.41,3.05,0.6755,lexique,,
4,close in meaning — may read as a synonym,bousculer,glisser,verb.inf.consonant.c10,3.31,3.99,0.7018,lexique,,
4,close in meaning — may read as a synonym,brandir,cramer,verb.inf.consonant.c10,3.01,3.44,0.7126,lexique,,
4,close in meaning — may read as a synonym,cracher,faucher,verb.inf.consonant.c10,3.74,3.06,0.7631,lexique,,
4,close in meaning — may read as a synonym,flinguer,décoller,verb.inf.consonant.c10,3.14,3.62,0.7205,lexique,,
4,close in meaning — may read as a synonym,fourrer,paniquer,verb.inf.consonant.c10,3.25,3.37,0.7003,lexique,,
4,close in meaning — may read as a synonym,glander,sécher,verb.inf.consonant.c10,3.0,3.74,0.6507,lexique,,
4,close in meaning — may read as a synonym,lisser,casser,verb.inf.consonant.c10,3.1,4.36,0.6767,lexique,,
4,close in meaning — may read as a synonym,masturber,mouiller,verb.inf.consonant.c10,3.25,3.47,0.7003,lexique,,
4,close in meaning — may read as a synonym,niquer,réveiller,verb.inf.consonant.c10,3.63,4.19,0.7269,lexique,,
4,close in meaning — may read as a synonym,planquer,propulser,verb.inf.consonant.c10,3.09,3.0,0.6513,lexique,,
4,close in meaning — may read as a synonym,ramasser,fendre,verb.inf.consonant.c10,3.83,3.0,0.7229,lexique,,
4,close in meaning — may read as a synonym,tordre,percuter,verb.inf.consonant.c10,3.3,3.04,0.7964,lexique,,
4,close in meaning — may read as a synonym,coopérer,réorganiser,verb.inf.consonant.c11,3.49,3.21,0.6535,lexique,,
4,close in meaning — may read as a synonym,poursuivre,collaborer,verb.inf.consonant.c11,4.46,3.62,0.6521,lexique,,
4,close in meaning — may read as a synonym,superviser,concourir,verb.inf.consonant.c11,3.24,3.32,0.6574,lexique,,
4,close in meaning — may read as a synonym,développer,révolutionner,verb.inf.consonant.c12,4.66,3.15,0.7289,lexique,,
4,close in meaning — may read as a synonym,former,démolir,verb.inf.consonant.c12,4.52,3.48,0.6665,lexique,,
4,close in meaning — may read as a synonym,rapprocher,moderniser,verb.inf.consonant.c12,4.1,3.38,0.6951,lexique,,
4,close in meaning — may read as a synonym,réhabiliter,structurer,verb.inf.consonant.c12,3.16,3.18,0.6949,lexique,,
4,close in meaning — may read as a synonym,concentrer,placer,verb.inf.consonant.c13,4.19,4.37,0.6875,lexique,,
4,close in meaning — may read as a synonym,concurrencer,réaliser,verb.inf.consonant.c13,3.38,4.7,0.6656,lexique,,
4,close in meaning — may read as a synonym,conserver,servir,verb.inf.consonant.c13,4.45,4.79,0.6679,lexique,,
4,close in meaning — may read as a synonym,finaliser,disposer,verb.inf.consonant.c13,3.25,4.12,0.6664,lexique,,
4,close in meaning — may read as a synonym,jongler,trouver,verb.inf.consonant.c13,3.02,5.43,0.6724,lexique,,
4,close in meaning — may read as a synonym,munir,focaliser,verb.inf.consonant.c13,3.1,3.34,0.6776,lexique,,
4,close in meaning — may read as a synonym,barrer,dépouiller,verb.inf.consonant.c14,3.63,3.09,0.6881,lexique,,
4,close in meaning — may read as a synonym,blesser,précipiter,verb.inf.consonant.c14,3.92,3.48,0.6891,lexique,,
4,close in meaning — may read as a synonym,cogner,distraire,verb.inf.consonant.c14,3.32,3.48,0.6593,lexique,,
4,close in meaning — may read as a synonym,dégager,dissiper,verb.inf.consonant.c14,4.09,3.26,0.7426,lexique,,
4,close in meaning — may read as a synonym,manier,tricher,verb.inf.consonant.c14,3.42,3.41,0.6726,lexique,,
4,close in meaning — may read as a synonym,masquer,dévier,verb.inf.consonant.c14,3.6,3.25,0.7168,lexique,,
4,close in meaning — may read as a synonym,pointer,verrouiller,verb.inf.consonant.c14,3.71,3.09,0.6545,lexique,,
4,close in meaning — may read as a synonym,pousser,tirer,verb.inf.consonant.c14,4.44,4.76,0.6687,lexique,,
4,close in meaning — may read as a synonym,rager,percer,verb.inf.consonant.c14,3.07,3.83,0.6953,lexique,,
4,close in meaning — may read as a synonym,sceller,redresser,verb.inf.consonant.c14,3.15,3.55,0.7245,lexique,,
4,close in meaning — may read as a synonym,fuir,périr,verb.inf.consonant.c18,4.2,3.11,0.6764,lexique,,
4,close in meaning — may read as a synonym,secourir,venger,verb.inf.consonant.c18,3.43,3.96,0.7338,lexique,,
4,close in meaning — may read as a synonym,gravir,débrouiller,verb.inf.consonant.c26,3.21,3.56,0.6543,lexique,,
4,close in meaning — may read as a synonym,confondre,remarquer,verb.inf.consonant.c4,4.06,4.38,0.6524,lexique,,
4,close in meaning — may read as a synonym,convaincre,critiquer,verb.inf.consonant.c4,4.5,4.12,0.6527,lexique,,
4,close in meaning — may read as a synonym,décevoir,retenir,verb.inf.consonant.c4,3.58,4.34,0.707,lexique,,
4,close in meaning — may read as a synonym,démentir,reprocher,verb.inf.consonant.c4,3.1,3.92,0.6773,lexique,,
4,close in meaning — may read as a synonym,présumer,démontrer,verb.inf.consonant.c4,3.18,4.19,0.7499,lexique,,
4,close in meaning — may read as a synonym,résonner,ridiculiser,verb.inf.consonant.c4,3.07,3.26,0.6779,lexique,,
4,close in meaning — may read as a synonym,suggérer,saisir,verb.inf.consonant.c4,3.65,4.3,0.6708,lexique,,
4,close in meaning — may read as a synonym,compliquer,recourir,verb.inf.consonant.c5,3.57,3.8,0.6772,lexique,,
4,close in meaning — may read as a synonym,conduire,dicter,verb.inf.consonant.c5,4.56,3.32,0.6803,lexique,,
4,close in meaning — may read as a synonym,plaider,refuser,verb.inf.consonant.c5,3.56,4.34,0.6727,lexique,,
4,close in meaning — may read as a synonym,prétendre,réclamer,verb.inf.consonant.c5,4.1,4.01,0.6545,lexique,,
4,close in meaning — may read as a synonym,réfuter,soustraire,verb.inf.consonant.c5,3.17,3.41,0.6858,lexique,,
4,close in meaning — may read as a synonym,sanctionner,reconduire,verb.inf.consonant.c5,3.52,3.1,0.6858,lexique,,
4,close in meaning — may read as a synonym,solliciter,déroger,verb.inf.consonant.c5,3.59,3.04,0.6718,lexique,,
4,close in meaning — may read as a synonym,distinguer,rechercher,verb.inf.consonant.c8,4.08,4.11,0.6554,lexique,,
4,close in meaning — may read as a synonym,documenter,maîtriser,verb.inf.consonant.c8,3.18,3.95,0.6994,lexique,,
4,close in meaning — may read as a synonym,dépendre,transférer,verb.inf.consonant.c8,3.66,3.84,0.6979,lexique,,
4,close in meaning — may read as a synonym,mesurer,détailler,verb.inf.consonant.c8,4.19,3.32,0.6784,lexique,,
4,close in meaning — may read as a synonym,accroître,unifier,verb.inf.elides.c3,3.94,3.11,0.6634,lexique,,
4,close in meaning — may read as a synonym,accepter,agir,verb.inf.elides.c7,4.66,4.67,0.6648,lexique,,
4,close in meaning — may read as a synonym,appliquer,opérer,verb.inf.elides.c7,4.47,3.99,0.6912,lexique,,
4,close in meaning — may read as a synonym,inventer,assimiler,verb.inf.elides.c8,4.02,3.49,0.6591,lexique,,
4,close in meaning — may read as a synonym,affronter,étrangler,verb.inf.elides.c9,4.27,3.23,0.6555,lexique,,
4,close in meaning — may read as a synonym,armer,insinuer,verb.inf.elides.c9,3.5,3.02,0.6886,lexique,,
5,,créatives,brésiliennes,adj.f.p.consonant.c0,3.02,3.04,0.5778,lexique,,
5,,culturelles,minérales,adj.f.p.consonant.c0,4.19,3.21,0.5839,lexique,,
5,,féminines,latines,adj.f.p.consonant.c0,3.75,3.31,0.4933,lexique,,
5,,lointaines,tropicales,adj.f.p.consonant.c0,3.29,3.31,0.5844,lexique,,
5,,nombreuses,médicinales,adj.f.p.consonant.c0,5.01,3.14,0.5866,lexique,,
5,,néerlandaises,raciales,adj.f.p.consonant.c0,3.03,3.17,0.4631,lexique,,
5,,précieuses,saisonnières,adj.f.p.consonant.c0,3.7,3.24,0.4386,lexique,,
5,,restantes,postales,adj.f.p.consonant.c0,3.19,3.47,0.4804,lexique,,
5,,souterraines,prestigieuses,adj.f.p.consonant.c0,3.39,3.31,0.5072,lexique,,
5,,vitales,royales,adj.f.p.consonant.c0,3.19,3.54,0.4835,lexique,,
5,,vivantes,musicales,adj.f.p.consonant.c0,3.58,3.81,0.5802,lexique,,
5,,végétales,théâtrales,adj.f.p.consonant.c0,3.61,3.05,0.4877,lexique,,
5,,brèves,délicieuses,adj.f.p.consonant.c2,3.35,3.12,0.5201,lexique,,
5,,chères,noires,adj.f.p.consonant.c2,3.81,4.26,0.5051,lexique,,
5,,courtes,remplies,adj.f.p.consonant.c2,4.04,3.58,0.4722,lexique,,
5,,fines,vraies,adj.f.p.consonant.c2,3.92,4.19,0.4612,lexique,,
5,,glorieuses,payantes,adj.f.p.consonant.c2,3.28,3.26,0.4215,lexique,,
5,,grasses,grises,adj.f.p.consonant.c2,3.37,3.36,0.6013,lexique,,
5,,gratuites,nettes,adj.f.p.consonant.c2,3.83,3.38,0.36,lexique,,
5,,jolies,froides,adj.f.p.consonant.c2,4.03,3.67,0.3677,lexique,,
5,,longues,généreuses,adj.f.p.consonant.c2,4.49,3.23,0.5357,lexique,,
5,,merveilleuses,blanches,adj.f.p.consonant.c2,3.33,4.23,0.5689,lexique,,
5,,neuves,pures,adj.f.p.consonant.c2,3.6,3.41,0.4257,lexique,,
5,,vertes,grosses,adj.f.p.consonant.c2,3.84,4.54,0.6169,lexique,,
5,,basses,compactes,adj.f.p.consonant.c3,4.01,3.01,0.4373,lexique,,
5,,défensives,motrices,adj.f.p.consonant.c3,3.15,3.39,0.4029,lexique,,
5,,nerveuses,molles,adj.f.p.consonant.c3,3.13,3.13,0.5321,lexique,,
5,,plates,profondes,adj.f.p.consonant.c3,3.8,3.96,0.3618,lexique,,
5,,civiles,dirigeantes,adj.f.p.consonant.c4,4.01,3.2,0.4629,lexique,,
5,,compétentes,caritatives,adj.f.p.consonant.c4,3.43,3.06,0.5938,lexique,,
5,,conjugales,douanières,adj.f.p.consonant.c4,3.37,3.05,0.6205,lexique,,
5,,conservatrices,concurrentes,adj.f.p.consonant.c4,3.11,3.22,0.3037,lexique,,
5,,criminelles,dépendantes,adj.f.p.consonant.c4,3.62,3.22,0.5849,lexique,,
5,,familiales,navales,adj.f.p.consonant.c4,3.98,3.21,0.4621,lexique,,
5,,fiscales,forestières,adj.f.p.consonant.c4,3.91,3.27,0.2986,lexique,,
5,,foncières,provinciales,adj.f.p.consonant.c4,3.26,3.55,0.3964,lexique,,
5,,locales,protestantes,adj.f.p.consonant.c4,4.51,3.08,0.5652,lexique,,
5,,mensuelles,minières,adj.f.p.consonant.c4,3.28,3.5,0.6352,lexique,,
5,,mobilières,mondiales,adj.f.p.consonant.c4,3.21,3.81,0.452,lexique,,
5,,municipales,contraignantes,adj.f.p.consonant.c4,4.14,3.0,0.2883,lexique,,
5,,patronales,représentatives,adj.f.p.consonant.c4,3.3,3.32,0.5107,lexique,,
5,,philippines,fédérales,adj.f.p.consonant.c4,3.84,3.67,0.3874,lexique,,
5,,policières,territoriales,adj.f.p.consonant.c4,3.78,3.91,0.5364,lexique,,
5,,portuaires,pénales,adj.f.p.consonant.c4,3.08,3.49,0.4194,lexique,,
5,,pétrolières,radicales,adj.f.p.consonant.c4,3.41,3.35,0.5421,lexique,,
5,,routières,légales,adj.f.p.consonant.c4,3.32,3.88,0.3834,lexique,,
5,,rurales,constitutionnelles,adj.f.p.consonant.c4,3.8,3.29,0.4262,lexique,,
5,,républicaines,publiques,adj.f.p.consonant.c4,3.38,4.67,0.3965,lexique,,
5,,bibliographiques,suffisantes,adj.f.p.consonant.c5,3.12,3.56,0.2162,lexique,,
5,,concrètes,sociologiques,adj.f.p.consonant.c5,3.74,3.15,0.583,lexique,,
5,,consécutives,marquantes,adj.f.p.consonant.c5,3.67,3.07,0.5977,lexique,,
5,,cyclables,pertinentes,adj.f.p.consonant.c5,3.3,3.49,0.4788,lexique,,
5,,cérébrales,jointes,adj.f.p.consonant.c5,3.35,3.15,0.388,lexique,,
5,,divergentes,censées,adj.f.p.consonant.c5,3.01,3.31,0.5847,lexique,,
5,,décisives,complètes,adj.f.p.consonant.c5,3.56,3.82,0.4466,lexique,,
5,,futures,divines,adj.f.p.consonant.c5,4.01,3.25,0.5615,lexique,,
5,,génitales,maternelles,adj.f.p.consonant.c5,3.16,3.36,0.5839,lexique,,
5,,minimales,virtuelles,adj.f.p.consonant.c5,3.15,3.27,0.5499,lexique,,
5,,morales,distinctes,adj.f.p.consonant.c5,3.92,3.74,0.5492,lexique,,
5,,médicales,récentes,adj.f.p.consonant.c5,3.94,4.13,0.6097,lexique,,
5,,précises,majeures,adj.f.p.consonant.c5,3.98,3.87,0.5195,lexique,,
5,,respectives,manquantes,adj.f.p.consonant.c5,3.63,3.02,0.6168,lexique,,
5,,régulières,cognitives,adj.f.p.consonant.c5,3.77,3.31,0.5279,lexique,,
5,,spatiales,partielles,adj.f.p.consonant.c5,3.4,3.47,0.6344,lexique,,
5,,spirituelles,prenantes,adj.f.p.consonant.c5,3.31,3.23,0.5477,lexique,,
5,,spéciales,conventionnelles,adj.f.p.consonant.c5,4.19,3.31,0.6322,lexique,,
5,,suivantes,supérieures,adj.f.p.consonant.c5,4.45,4.13,0.6263,lexique,,
5,,sérieuses,directes,adj.f.p.consonant.c5,3.98,3.73,0.6,lexique,,
5,,théologiques,successives,adj.f.p.consonant.c5,3.13,3.75,0.5198,lexique,,
5,,vocales,définitives,adj.f.p.consonant.c5,3.34,3.05,0.5392,lexique,,
5,,exactes,inattendues,adj.f.p.elides.c0,3.56,3.12,0.4598,lexique,,
5,,excellentes,éventuelles,adj.f.p.elides.c0,3.71,3.76,0.522,lexique,,
5,,idéales,erronées,adj.f.p.elides.c0,3.11,3.2,0.2993,lexique,,
5,,incomplètes,objectives,adj.f.p.elides.c0,3.01,3.11,0.3606,lexique,,
5,,orales,insuffisantes,adj.f.p.elides.c0,3.18,3.32,0.4033,lexique,,
5,,impressionnantes,épaisses,adj.f.p.elides.c1,3.21,3.28,0.4691,lexique,,
5,,influentes,obscures,adj.f.p.elides.c1,3.0,3.38,0.2903,lexique,,
5,,actuelles,incluses,adj.f.p.elides.c2,4.22,3.29,0.5686,lexique,,
5,,algériennes,entières,adj.f.p.elides.c2,3.24,3.7,0.6056,lexique,,
5,,amicales,opérationnelles,adj.f.p.elides.c2,3.28,3.3,0.4484,lexique,,
5,,antérieures,aériennes,adj.f.p.elides.c2,3.66,3.95,0.5692,lexique,,
5,,immobilières,anciennes,adj.f.p.elides.c2,3.5,4.44,0.4651,lexique,,
5,,impériales,iraniennes,adj.f.p.elides.c2,3.2,3.08,0.529,lexique,,
5,,industrielles,électorales,adj.f.p.elides.c2,3.95,3.84,0.5074,lexique,,
5,,égales,éducatives,adj.f.p.elides.c2,3.73,3.27,0.4689,lexique,,
5,,équivalentes,internationales,adj.f.p.elides.c2,3.31,4.4,0.4676,lexique,,
5,,cantonale,plénière,adj.f.s.consonant.c0,3.08,3.42,0.445,lexique,,
5,,dissoute,publique,adj.f.s.consonant.c0,3.25,5.08,0.3402,lexique,,
5,,déloyale,nominale,adj.f.s.consonant.c0,3.21,3.25,0.2207,lexique,,
5,,foncière,policière,adj.f.s.consonant.c0,3.82,4.03,0.3893,lexique,,
5,,frauduleuse,territoriale,adj.f.s.consonant.c0,3.1,4.06,0.1719,lexique,,
5,,générale,légale,adj.f.s.consonant.c0,5.03,4.25,0.4817,lexique,,
5,,jointe,syndicale,adj.f.s.consonant.c0,3.39,3.79,0.2553,lexique,,
5,,libérale,civile,adj.f.s.consonant.c0,4.03,4.68,0.4796,lexique,,
5,,loyale,décisive,adj.f.s.consonant.c0,3.19,3.86,0.2733,lexique,,
5,,municipale,facultative,adj.f.s.consonant.c0,4.19,3.03,0.291,lexique,,
5,,pénale,sujette,adj.f.s.consonant.c0,4.0,3.24,0.3655,lexique,,
5,,routière,médicale,adj.f.s.consonant.c0,3.94,4.33,0.4496,lexique,,
5,,stricte,provinciale,adj.f.s.consonant.c0,3.78,3.78,0.3562,lexique,,
5,,fatale,glaciale,adj.f.s.consonant.c1,3.69,3.0,0.3199,lexique,,
5,,fâcheuse,nerveuse,adj.f.s.consonant.c1,3.18,3.59,0.3063,lexique,,
5,,lente,fausse,adj.f.s.consonant.c1,3.91,4.43,0.3098,lexique,,
5,,longue,vaginale,adj.f.s.consonant.c1,4.98,3.0,0.0894,lexique,,
5,,massive,sanguine,adj.f.s.consonant.c1,4.04,3.52,0.2331,lexique,,
5,,mauvaise,vertébrale,adj.f.s.consonant.c1,4.91,3.47,0.3003,lexique,,
5,,sanglante,cutanée,adj.f.s.consonant.c1,3.55,3.25,0.2908,lexique,,
5,,soudaine,marquante,adj.f.s.consonant.c1,3.57,3.04,0.3389,lexique,,
5,,subite,grosse,adj.f.s.consonant.c1,3.19,4.93,0.394,lexique,,
5,,violente,rénale,adj.f.s.consonant.c1,4.13,3.31,0.2636,lexique,,
5,,confuse,censée,adj.f.s.consonant.c10,3.34,3.86,0.2888,lexique,,
5,,conjugale,vivante,adj.f.s.consonant.c10,3.53,4.07,0.4277,lexique,,
5,,consciente,dangereuse,adj.f.s.consonant.c10,3.7,4.15,0.6233,lexique,,
5,,contagieuse,secrète,adj.f.s.consonant.c10,3.21,4.07,0.4506,lexique,,
5,,florissante,vaine,adj.f.s.consonant.c10,3.1,3.19,0.5904,lexique,,
5,,forte,naturelle,adj.f.s.consonant.c10,4.95,4.57,0.5277,lexique,,
5,,glorieuse,destructrice,adj.f.s.consonant.c10,3.4,3.11,0.507,lexique,,
5,,grande,lointaine,adj.f.s.consonant.c10,5.6,3.59,0.5278,lexique,,
5,,magistrale,monstrueuse,adj.f.s.consonant.c10,3.13,3.21,0.6394,lexique,,
5,,mortelle,primitive,adj.f.s.consonant.c10,3.74,3.49,0.551,lexique,,
5,,mystérieuse,gênante,adj.f.s.consonant.c10,3.83,3.15,0.6366,lexique,,
5,,nombreuse,masculine,adj.f.s.consonant.c10,3.58,3.93,0.3224,lexique,,
5,,pure,passive,adj.f.s.consonant.c10,4.39,3.57,0.4666,lexique,,
5,,scandaleuse,sexuelle,adj.f.s.consonant.c10,3.24,4.39,0.5168,lexique,,
5,,sensée,précieuse,adj.f.s.consonant.c10,3.27,3.86,0.3417,lexique,,
5,,seule,certaine,adj.f.s.consonant.c10,5.42,4.8,0.5566,lexique,,
5,,singulière,puissante,adj.f.s.consonant.c10,3.45,4.21,0.6109,lexique,,
5,,sérieuse,divine,adj.f.s.consonant.c10,4.38,4.04,0.278,lexique,,
5,,troublante,phénoménale,adj.f.s.consonant.c10,3.04,3.07,0.5716,lexique,,
5,,vitale,douteuse,adj.f.s.consonant.c10,3.67,3.52,0.447,lexique,,
5,,bipolaire,tributaire,adj.f.s.consonant.c11,3.17,3.08,0.4445,lexique,,
5,,comportementale,virale,adj.f.s.consonant.c11,3.01,3.36,0.4261,lexique,,
5,,compétitive,tournante,adj.f.s.consonant.c11,3.24,3.31,0.2867,lexique,,
5,,confidentielle,simultanée,adj.f.s.consonant.c11,3.22,3.26,0.4795,lexique,,
5,,conséquente,concurrente,adj.f.s.consonant.c11,3.29,3.17,0.5957,lexique,,
5,,dépressive,récurrente,adj.f.s.consonant.c11,3.06,3.33,0.4029,lexique,,
5,,locative,piétonne,adj.f.s.consonant.c11,3.06,3.17,0.2641,lexique,,
5,,lucrative,reconnaissante,adj.f.s.consonant.c11,3.09,3.18,0.2958,lexique,,
5,,médiane,glissante,adj.f.s.consonant.c11,3.53,3.08,0.3675,lexique,,
5,,productive,bactérienne,adj.f.s.consonant.c11,3.46,3.05,0.3848,lexique,,
5,,promotionnelle,contraignante,adj.f.s.consonant.c11,3.06,3.06,0.4381,lexique,,
5,,résidentielle,désastreuse,adj.f.s.consonant.c11,3.2,3.36,0.3602,lexique,,
5,,sortante,comparative,adj.f.s.consonant.c11,3.03,3.27,0.4412,lexique,,
5,,spéculative,défectueuse,adj.f.s.consonant.c11,3.11,3.01,0.3386,lexique,,
5,,montagneuse,maudite,adj.f.s.consonant.c12,3.04,3.47,0.0569,lexique,,
5,,basse,pointue,adj.f.s.consonant.c2,4.58,3.09,0.377,lexique,,
5,,compacte,verte,adj.f.s.consonant.c2,3.49,4.32,0.4113,lexique,,
5,,demie,sise,adj.f.s.consonant.c2,4.02,3.08,0.0836,lexique,,
5,,gazeuse,frontale,adj.f.s.consonant.c2,3.33,3.5,0.3702,lexique,,
5,,grasse,murale,adj.f.s.consonant.c2,3.9,3.26,0.1557,lexique,,
5,,plate,blanche,adj.f.s.consonant.c2,4.31,4.83,0.2426,lexique,,
5,,végétale,bleue,adj.f.s.consonant.c2,3.67,4.27,0.3486,lexique,,
5,,cohérente,spéciale,adj.f.s.consonant.c3,3.58,4.54,0.4159,lexique,,
5,,collective,payante,adj.f.s.consonant.c3,4.31,3.48,0.3109,lexique,,
5,,concrète,cruciale,adj.f.s.consonant.c3,3.73,3.37,0.5541,lexique,,
5,,conditionnelle,faciale,adj.f.s.consonant.c3,3.45,3.46,0.4513,lexique,,
5,,conventionnelle,négative,adj.f.s.consonant.c3,3.57,4.05,0.618,lexique,,
5,,correcte,native,adj.f.s.consonant.c3,3.77,3.4,0.4135,lexique,,
5,,descriptive,formelle,adj.f.s.consonant.c3,3.2,3.68,0.5218,lexique,,
5,,familiale,principale,adj.f.s.consonant.c3,4.3,4.65,0.4398,lexique,,
5,,future,montante,adj.f.s.consonant.c3,4.37,3.33,0.4379,lexique,,
5,,journalière,matérielle,adj.f.s.consonant.c3,3.29,3.64,0.5085,lexique,,
5,,majeure,satisfaisante,adj.f.s.consonant.c3,4.35,3.54,0.4582,lexique,,
5,,mensuelle,transversale,adj.f.s.consonant.c3,3.66,3.47,0.3418,lexique,,
5,,méthodologique,progressive,adj.f.s.consonant.c3,3.13,3.91,0.4534,lexique,,
5,,participative,maximale,adj.f.s.consonant.c3,3.27,4.02,0.2372,lexique,,
5,,performante,traditionnelle,adj.f.s.consonant.c3,3.23,4.24,0.5446,lexique,,
5,,personnelle,distincte,adj.f.s.consonant.c3,4.52,3.54,0.5328,lexique,,
5,,ponctuelle,suffisante,adj.f.s.consonant.c3,3.16,4.03,0.5861,lexique,,
5,,postérieure,subjective,adj.f.s.consonant.c3,3.31,3.4,0.4233,lexique,,
5,,primordiale,vocale,adj.f.s.consonant.c3,3.42,3.62,0.2895,lexique,,
5,,préventive,quotidienne,adj.f.s.consonant.c3,3.52,4.21,0.4982,lexique,,
5,,radicale,complète,adj.f.s.consonant.c3,3.91,4.64,0.438,lexique,,
5,,rationnelle,récente,adj.f.s.consonant.c3,3.59,4.29,0.4982,lexique,,
5,,spatiale,définitive,adj.f.s.consonant.c3,3.98,4.08,0.4012,lexique,,
5,,temporelle,minimale,adj.f.s.consonant.c3,3.54,3.68,0.5073,lexique,,
5,,trimestrielle,créative,adj.f.s.consonant.c3,3.13,3.41,0.4132,lexique,,
5,,virtuelle,régulière,adj.f.s.consonant.c3,3.89,4.21,0.4308,lexique,,
5,,caroline,frontalière,adj.f.s.consonant.c4,4.21,3.1,0.0959,lexique,,
5,,coloniale,locale,adj.f.s.consonant.c4,3.84,4.6,0.4775,lexique,,
5,,congolaise,rurale,adj.f.s.consonant.c4,3.39,3.83,0.1775,lexique,,
5,,coréenne,régionale,adj.f.s.consonant.c4,3.69,4.32,0.3217,lexique,,
5,,dominicaine,républicaine,adj.f.s.consonant.c4,3.4,3.92,0.5263,lexique,,
5,,forestière,métropolitaine,adj.f.s.consonant.c4,3.6,3.8,0.4843,lexique,,
5,,lauréate,méditerranéenne,adj.f.s.consonant.c4,3.19,3.38,0.0513,lexique,,
5,,libyenne,mondiale,adj.f.s.consonant.c4,3.08,4.88,0.4644,lexique,,
5,,lorraine,souterraine,adj.f.s.consonant.c4,4.18,3.47,0.4232,lexique,,
5,,minière,wallonne,adj.f.s.consonant.c4,3.69,3.26,0.3865,lexique,,
5,,méditerranée,syrienne,adj.f.s.consonant.c4,4.21,3.74,0.3874,lexique,,
5,,navale,tunisienne,adj.f.s.consonant.c4,3.57,3.6,0.2698,lexique,,
5,,prestigieuse,vietnamienne,adj.f.s.consonant.c4,3.53,3.09,0.4036,lexique,,
5,,pétrolière,palestinienne,adj.f.s.consonant.c4,3.57,3.54,0.4931,lexique,,
5,,saoudite,lyonnaise,adj.f.s.consonant.c4,4.08,3.6,0.0935,lexique,,
5,,dommageable,familière,adj.f.s.consonant.c5,3.06,3.31,0.1858,lexique,,
5,,floue,bienveillante,adj.f.s.consonant.c5,3.32,3.24,0.1572,lexique,,
5,,fictive,paternelle,adj.f.s.consonant.c6,3.24,3.32,0.3137,lexique,,
5,,fraternelle,pontificale,adj.f.s.consonant.c6,3.02,3.11,0.4643,lexique,,
5,,narrative,clandestine,adj.f.s.consonant.c6,3.34,3.42,0.4357,lexique,,
5,,saxonne,musicale,adj.f.s.consonant.c6,3.35,4.21,0.326,lexique,,
5,,théâtrale,révolue,adj.f.s.consonant.c6,3.48,3.0,0.3621,lexique,,
5,,charmante,joyeuse,adj.f.s.consonant.c9,3.89,3.82,0.6217,lexique,,
5,,chiante,brillante,adj.f.s.consonant.c9,3.25,3.93,0.6479,lexique,,
5,,créatrice,remplie,adj.f.s.consonant.c9,3.67,4.01,0.1963,lexique,,
5,,curieuse,radieuse,adj.f.s.consonant.c9,3.78,3.0,0.5883,lexique,,
5,,délicate,chaleureuse,adj.f.s.consonant.c9,3.94,3.23,0.5203,lexique,,
5,,délicieuse,mûre,adj.f.s.consonant.c9,3.59,3.23,0.2888,lexique,,
5,,festive,fabuleuse,adj.f.s.consonant.c9,3.19,3.36,0.5219,lexique,,
5,,fière,douce,adj.f.s.consonant.c9,4.14,4.52,0.3492,lexique,,
5,,franche,pleine,adj.f.s.consonant.c9,3.97,4.87,0.4009,lexique,,
5,,gaie,frappante,adj.f.s.consonant.c9,3.18,3.06,0.6015,lexique,,
5,,gentille,talentueuse,adj.f.s.consonant.c9,4.11,3.19,0.3078,lexique,,
5,,géniale,prenante,adj.f.s.consonant.c9,3.86,3.17,0.5322,lexique,,
5,,passionnante,vilaine,adj.f.s.consonant.c9,3.32,3.78,0.4723,lexique,,
5,,poutine,gracieuse,adj.f.s.consonant.c9,4.23,3.03,0.3577,lexique,,
5,,subtile,sophistiquée,adj.f.s.consonant.c9,3.56,3.06,0.6321,lexique,,
5,,surprenante,bouillante,adj.f.s.consonant.c9,3.58,3.33,0.5599,lexique,,
5,,sûre,courageuse,adj.f.s.consonant.c9,4.43,3.56,0.259,lexique,,
5,,touchante,fraîche,adj.f.s.consonant.c9,3.3,4.03,0.4417,lexique,,
5,,vraie,furieuse,adj.f.s.consonant.c9,4.85,3.35,0.5977,lexique,,
5,,abdominale,inhérente,adj.f.s.elides.c0,3.23,3.06,0.3406,lexique,,
5,,abondante,artificielle,adj.f.s.elides.c0,3.56,3.95,0.5325,lexique,,
5,,approximative,exceptionnelle,adj.f.s.elides.c0,3.34,4.15,0.5629,lexique,,
5,,architecturale,antérieure,adj.f.s.elides.c0,3.29,3.71,0.4801,lexique,,
5,,artisanale,exponentielle,adj.f.s.elides.c0,3.45,3.28,0.3836,lexique,,
5,,artérielle,affilée,adj.f.s.elides.c0,3.42,3.6,0.2403,lexique,,
5,,australe,incertaine,adj.f.s.elides.c0,3.11,3.56,0.4414,lexique,,
5,,entière,instrumentale,adj.f.s.elides.c0,4.5,3.09,0.4447,lexique,,
5,,essentielle,agressive,adj.f.s.elides.c0,4.05,3.64,0.4615,lexique,,
5,,excessive,intérieure,adj.f.s.elides.c0,3.76,4.32,0.4762,lexique,,
5,,explosive,affective,adj.f.s.elides.c0,3.33,3.27,0.1725,lexique,,
5,,extérieure,originelle,adj.f.s.elides.c0,4.16,3.47,0.5371,lexique,,
5,,incomplète,émotionnelle,adj.f.s.elides.c0,3.41,3.48,0.4045,lexique,,
5,,inférieure,animale,adj.f.s.elides.c0,4.24,3.96,0.2826,lexique,,
5,,inhabituelle,intestinale,adj.f.s.elides.c0,3.31,3.22,0.4462,lexique,,
5,,ininterrompue,exigeante,adj.f.s.elides.c0,3.0,3.27,0.3422,lexique,,
5,,intelligente,ambiante,adj.f.s.elides.c0,4.05,3.47,0.4977,lexique,,
5,,occidentale,inexistante,adj.f.s.elides.c0,4.2,3.33,0.4265,lexique,,
5,,orientale,imposante,adj.f.s.elides.c0,4.03,3.48,0.5197,lexique,,
5,,osseuse,ascendante,adj.f.s.elides.c0,3.42,3.0,0.2978,lexique,,
5,,émotive,intacte,adj.f.s.elides.c0,3.01,3.47,0.3842,lexique,,
5,,équatoriale,accidentelle,adj.f.s.elides.c0,3.18,3.37,0.4712,lexique,,
5,,additionnelle,africaine,adj.f.s.elides.c2,3.23,4.27,0.4147,lexique,,
5,,allemande,éducative,adj.f.s.elides.c2,4.53,3.44,0.3133,lexique,,
5,,annuelle,impartiale,adj.f.s.elides.c2,4.25,3.0,0.3927,lexique,,
5,,arménienne,administrative,adj.f.s.elides.c2,3.12,4.26,0.3996,lexique,,
5,,exécutive,aérienne,adj.f.s.elides.c2,3.14,4.14,0.2388,lexique,,
5,,inchangée,informelle,adj.f.s.elides.c2,3.01,3.14,0.4185,lexique,,
5,,individuelle,actuelle,adj.f.s.elides.c2,4.17,4.74,0.5656,lexique,,
5,,internationale,expresse,adj.f.s.elides.c2,4.87,3.29,0.3015,lexique,,
5,,irakienne,éditoriale,adj.f.s.elides.c2,3.21,3.55,0.3262,lexique,,
5,,objective,urgente,adj.f.s.elides.c2,3.64,3.42,0.4419,lexique,,
5,,officielle,environnementale,adj.f.s.elides.c2,4.53,3.83,0.3948,lexique,,
5,,ultérieure,européenne,adj.f.s.elides.c2,3.46,4.92,0.4302,lexique,,
5,,électorale,imminente,adj.f.s.elides.c2,4.25,3.53,0.3762,lexique,,
5,,épiscopale,associative,adj.f.s.elides.c2,3.19,3.28,0.3497,lexique,,
5,,attrayante,exacte,adj.f.s.elides.c3,3.06,3.99,0.1562,lexique,,
5,,idéale,intuitive,adj.f.s.elides.c3,3.87,3.08,0.3537,lexique,,
5,,instantanée,incluse,adj.f.s.elides.c3,3.4,3.43,0.2108,lexique,,
5,,amère,élue,adj.f.s.elides.c4,3.45,4.03,-0.0146,lexique,,
5,,ardente,exquise,adj.f.s.elides.c4,3.13,3.02,0.4873,lexique,,
5,,attentive,amoureuse,adj.f.s.elides.c4,3.43,4.35,0.4177,lexique,,
5,,audacieuse,aiguë,adj.f.s.elides.c4,3.3,3.55,0.1932,lexique,,
5,,estivale,argentine,adj.f.s.elides.c4,3.61,4.26,0.1913,lexique,,
5,,immortelle,enfantine,adj.f.s.elides.c4,3.11,3.18,0.4202,lexique,,
5,,inquiétante,inédite,adj.f.s.elides.c4,3.51,3.81,0.3622,lexique,,
5,,originale,absolue,adj.f.s.elides.c4,4.35,4.33,0.2088,lexique,,
5,,âgée,ennuyeuse,adj.f.s.elides.c4,4.04,3.03,-0.0572,lexique,,
5,,éclatante,inattendue,adj.f.s.elides.c4,3.25,3.61,0.5095,lexique,,
5,,émouvante,immaculée,adj.f.s.elides.c4,3.29,3.2,0.2048,lexique,,
5,,éternelle,endormie,adj.f.s.elides.c4,3.86,3.52,0.2516,lexique,,
5,,blonds,gratuits,adj.m.p.consonant.c1,3.39,3.99,0.1294,lexique,,
5,,chauds,bruyants,adj.m.p.consonant.c1,3.88,3.15,0.3453,lexique,,
5,,chers,pointus,adj.m.p.consonant.c1,4.34,3.15,0.2603,lexique,,
5,,clairs,sains,adj.m.p.consonant.c1,3.84,3.64,0.4308,lexique,,
5,,jolis,gais,adj.m.p.consonant.c1,3.76,3.2,0.132,lexique,,
5,,longs,roulants,adj.m.p.consonant.c1,4.38,3.03,0.4014,lexique,,
5,,lourds,beaux,adj.m.p.consonant.c1,4.1,4.82,0.2784,lexique,,
5,,mûrs,passifs,adj.m.p.consonant.c1,3.09,3.21,0.3756,lexique,,
5,,pleins,mous,adj.m.p.consonant.c1,4.33,3.29,0.3428,lexique,,
5,,poilus,courts,adj.m.p.consonant.c1,3.08,4.17,0.1188,lexique,,
5,,sanglants,neufs,adj.m.p.consonant.c1,3.07,3.77,0.096,lexique,,
5,,sanguins,nets,adj.m.p.consonant.c1,3.45,3.63,0.2756,lexique,,
5,,secs,chiants,adj.m.p.consonant.c1,3.76,3.24,0.2085,lexique,,
5,,verticaux,cruels,adj.m.p.consonant.c1,3.12,3.18,0.3485,lexique,,
5,,verts,normaux,adj.m.p.consonant.c1,4.34,3.87,0.3724,lexique,,
5,,vifs,nus,adj.m.p.consonant.c1,3.45,3.97,0.2202,lexique,,
5,,violents,brefs,adj.m.p.consonant.c1,4.08,3.38,0.2487,lexique,,
5,,décisifs,cérébraux,adj.m.p.consonant.c2,3.16,3.05,0.1033,lexique,,
5,,caractérisés,charmants,adj.m.p.consonant.c3,3.05,3.29,0.4876,lexique,,
5,,collectifs,marquants,adj.m.p.consonant.c3,3.86,3.36,0.5198,lexique,,
5,,commerciaux,récents,adj.m.p.consonant.c3,4.22,4.08,0.5687,lexique,,
5,,compétents,naturels,adj.m.p.consonant.c3,3.64,4.24,0.4303,lexique,,
5,,concrets,stricts,adj.m.p.consonant.c3,3.61,3.06,0.267,lexique,,
5,,culturels,vacants,adj.m.p.consonant.c3,4.06,3.32,0.3867,lexique,,
5,,distincts,vocaux,adj.m.p.consonant.c3,3.67,3.17,0.4574,lexique,,
5,,divergents,spéciaux,adj.m.p.consonant.c3,3.0,4.17,0.3627,lexique,,
5,,définitifs,décoratifs,adj.m.p.consonant.c3,3.2,3.42,0.4369,lexique,,
5,,départementaux,principaux,adj.m.p.consonant.c3,3.4,4.69,0.5548,lexique,,
5,,familiaux,fondamentaux,adj.m.p.consonant.c3,3.67,4.0,0.5004,lexique,,
5,,finaux,miniers,adj.m.p.consonant.c3,3.08,3.15,0.4,lexique,,
5,,fiscaux,renommés,adj.m.p.consonant.c3,3.92,3.07,0.2369,lexique,,
5,,fréquents,législatifs,adj.m.p.consonant.c3,3.73,3.23,0.5141,lexique,,
5,,globaux,contents,adj.m.p.consonant.c3,3.14,3.87,0.5903,lexique,,
5,,gouvernementaux,girondins,adj.m.p.consonant.c3,3.43,3.5,0.3843,lexique,,
5,,grossiers,relatifs,adj.m.p.consonant.c3,3.05,3.9,0.5304,lexique,,
5,,géniaux,saxons,adj.m.p.consonant.c3,3.35,3.68,0.3725,lexique,,
5,,majeurs,compétitifs,adj.m.p.consonant.c3,4.08,3.34,0.5622,lexique,,
5,,mondiaux,payants,adj.m.p.consonant.c3,3.97,3.33,0.3433,lexique,,
5,,municipaux,communs,adj.m.p.consonant.c3,3.99,4.16,0.4565,lexique,,
5,,musicaux,confidentiels,adj.m.p.consonant.c3,3.71,3.13,0.4109,lexique,,
5,,nocifs,nationaux,adj.m.p.consonant.c3,3.08,4.33,0.3281,lexique,,
5,,publics,ponctuels,adj.m.p.consonant.c3,4.83,3.03,0.4684,lexique,,
5,,radicaux,polluants,adj.m.p.consonant.c3,3.87,3.51,0.4796,lexique,,
5,,reconnaissants,créatifs,adj.m.p.consonant.c3,3.13,3.34,0.3236,lexique,,
5,,représentatifs,fiers,adj.m.p.consonant.c3,3.36,4.01,0.3443,lexique,,
5,,ruraux,traitants,adj.m.p.consonant.c3,3.63,3.39,0.4943,lexique,,
5,,récurrents,bitumineux,adj.m.p.consonant.c3,3.34,3.14,0.3594,lexique,,
5,,réguliers,prometteurs,adj.m.p.consonant.c3,3.92,3.17,0.4956,lexique,,
5,,sortants,consécutifs,adj.m.p.consonant.c3,3.17,3.62,0.5701,lexique,,
5,,successifs,fonciers,adj.m.p.consonant.c3,3.79,3.3,0.4797,lexique,,
5,,surprenants,conventionnels,adj.m.p.consonant.c3,3.02,3.31,0.5583,lexique,,
5,,tropicaux,saillants,adj.m.p.consonant.c3,3.09,3.01,0.4071,lexique,,
5,,tunisiens,radioactifs,adj.m.p.consonant.c3,3.52,3.27,0.2849,lexique,,
5,,télévisés,fériés,adj.m.p.consonant.c3,3.23,3.57,0.1245,lexique,,
5,,vasculaires,significatifs,adj.m.p.consonant.c3,3.24,3.49,0.528,lexique,,
5,,virtuels,sociaux,adj.m.p.consonant.c3,3.25,4.9,0.4852,lexique,,
5,,visuels,ménagers,adj.m.p.consonant.c3,3.69,3.25,0.2722,lexique,,
5,,cognitifs,divins,adj.m.p.consonant.c4,3.08,3.01,0.0952,lexique,,
5,,fervents,génitaux,adj.m.p.consonant.c4,3.0,3.07,0.2229,lexique,,
5,,réels,sapiens,adj.m.p.consonant.c4,4.08,3.17,0.2141,lexique,,
5,,verbaux,martiaux,adj.m.p.consonant.c4,3.3,3.47,0.1303,lexique,,
5,,antérieurs,immédiats,adj.m.p.elides.c2,3.46,3.34,0.4744,lexique,,
5,,artificiels,exécutifs,adj.m.p.elides.c2,3.36,3.03,0.1894,lexique,,
5,,attractifs,indirects,adj.m.p.elides.c2,3.04,3.5,0.4758,lexique,,
5,,endocriniens,intéressants,adj.m.p.elides.c2,3.02,4.02,0.3905,lexique,,
5,,entiers,additionnels,adj.m.p.elides.c2,3.85,3.31,0.5733,lexique,,
5,,environnants,institutionnels,adj.m.p.elides.c2,3.06,3.46,0.4286,lexique,,
5,,environnementaux,aériens,adj.m.p.elides.c2,3.64,3.64,0.4928,lexique,,
5,,exigeants,impressionnants,adj.m.p.elides.c2,3.16,3.2,0.4583,lexique,,
5,,expérimentaux,errants,adj.m.p.elides.c2,3.19,3.07,0.4535,lexique,,
5,,imposables,excellents,adj.m.p.elides.c2,3.18,3.84,0.3745,lexique,,
5,,impériaux,agressifs,adj.m.p.elides.c2,3.22,3.4,0.2837,lexique,,
5,,inactifs,étonnants,adj.m.p.elides.c2,3.15,3.08,0.5417,lexique,,
5,,individuels,insuffisants,adj.m.p.elides.c2,3.91,3.26,0.4812,lexique,,
5,,influents,exceptionnels,adj.m.p.elides.c2,3.37,3.66,0.4186,lexique,,
5,,internationaux,illimités,adj.m.p.elides.c2,4.32,3.14,0.2787,lexique,,
5,,ultérieurs,incompétents,adj.m.p.elides.c2,3.09,3.1,0.5308,lexique,,
5,,universels,aisés,adj.m.p.elides.c2,3.12,3.38,0.2969,lexique,,
5,,éminents,oraux,adj.m.p.elides.c2,3.22,3.19,0.2943,lexique,,
5,,éventuels,intensifs,adj.m.p.elides.c2,3.78,3.33,0.2438,lexique,,
5,,coutumier,médiéval,adj.m.s.consonant.c0,3.1,3.53,0.2662,lexique,,
5,,guinéen,lombard,adj.m.s.consonant.c0,3.07,3.25,0.1943,lexique,,
5,,londonien,vaillant,adj.m.s.consonant.c0,3.37,3.47,0.0659,lexique,,
5,,léonard,tunisien,adj.m.s.consonant.c0,3.71,3.7,-0.0015,lexique,,
5,,natal,parisien,adj.m.s.consonant.c0,3.75,4.43,0.0773,lexique,,
5,,solennel,vain,adj.m.s.consonant.c0,3.18,4.03,0.0944,lexique,,
5,,tribal,provençal,adj.m.s.consonant.c0,3.03,3.31,0.1691,lexique,,
5,,wallon,moreau,adj.m.s.consonant.c0,3.63,3.81,0.1928,lexique,,
5,,continu,convivial,adj.m.s.consonant.c1,4.13,3.17,0.2242,lexique,,
5,,distinct,photovoltaïque,adj.m.s.consonant.c1,3.47,3.21,0.1972,lexique,,
5,,décent,pointu,adj.m.s.consonant.c1,3.27,3.4,0.2611,lexique,,
5,,global,bot,adj.m.s.consonant.c1,4.3,3.71,0.1585,lexique,,
5,,jouable,cohérent,adj.m.s.consonant.c1,3.35,3.72,0.2487,lexique,,
5,,médian,productif,adj.m.s.consonant.c1,3.66,3.77,0.256,lexique,,
5,,performant,différent,adj.m.s.consonant.c1,3.6,4.67,0.4806,lexique,,
5,,pertinent,maximal,adj.m.s.consonant.c1,3.69,3.54,0.2513,lexique,,
5,,polyvalent,digital,adj.m.s.consonant.c1,3.35,4.06,0.2817,lexique,,
5,,ponctuel,distant,adj.m.s.consonant.c1,3.16,3.48,0.497,lexique,,
5,,progressif,divertissant,adj.m.s.consonant.c1,3.77,3.07,0.5191,lexique,,
5,,promotionnel,gratuit,adj.m.s.consonant.c1,3.0,4.6,0.2429,lexique,,
5,,proportionnel,latéral,adj.m.s.consonant.c1,3.53,3.76,0.1954,lexique,,
5,,qualitatif,simultané,adj.m.s.consonant.c1,3.16,3.11,0.5445,lexique,,
5,,régulier,nouvel,adj.m.s.consonant.c1,4.09,4.82,0.2972,lexique,,
5,,spatial,minimal,adj.m.s.consonant.c1,3.79,3.51,0.2549,lexique,,
5,,spécial,compact,adj.m.s.consonant.c1,4.66,3.57,0.3569,lexique,,
5,,structurel,décoratif,adj.m.s.consonant.c1,3.35,3.17,0.2555,lexique,,
5,,transparent,distinctif,adj.m.s.consonant.c1,3.72,3.18,0.5002,lexique,,
5,,valorisant,compétent,adj.m.s.consonant.c1,3.1,3.78,0.4296,lexique,,
5,,vertical,clément,adj.m.s.consonant.c1,3.66,4.12,0.322,lexique,,
5,,vocal,correct,adj.m.s.consonant.c1,3.53,4.1,0.2104,lexique,,
5,,collatéral,paradoxal,adj.m.s.consonant.c2,3.03,3.37,0.2477,lexique,,
5,,corporel,carcéral,adj.m.s.consonant.c2,3.32,3.0,0.4032,lexique,,
5,,formel,cognitif,adj.m.s.consonant.c2,3.56,3.21,0.3737,lexique,,
5,,grossier,théâtral,adj.m.s.consonant.c2,3.6,3.27,0.2497,lexique,,
5,,martial,nocif,adj.m.s.consonant.c2,3.73,3.04,0.1044,lexique,,
5,,monumental,spirituel,adj.m.s.consonant.c2,3.34,3.95,0.2111,lexique,,
5,,narratif,temporel,adj.m.s.consonant.c2,3.27,3.51,0.4122,lexique,,
5,,profond,révolu,adj.m.s.consonant.c2,4.37,3.11,0.3916,lexique,,
5,,racial,colossal,adj.m.s.consonant.c2,3.01,3.18,0.13,lexique,,
5,,radioactif,saxon,adj.m.s.consonant.c2,3.13,3.53,0.4118,lexique,,
5,,spontané,divin,adj.m.s.consonant.c2,3.33,3.87,0.2089,lexique,,
5,,stylistique,radical,adj.m.s.consonant.c2,3.05,4.07,0.4267,lexique,,
5,,verbal,phénoménal,adj.m.s.consonant.c2,3.7,3.13,0.2155,lexique,,
5,,content,prometteur,adj.m.s.consonant.c3,4.74,3.57,0.3586,lexique,,
5,,défensif,flagrant,adj.m.s.consonant.c3,3.61,3.63,0.2602,lexique,,
5,,fatigant,virulent,adj.m.s.consonant.c3,3.08,3.03,0.3866,lexique,,
5,,fautif,certain,adj.m.s.consonant.c3,3.23,5.07,0.3174,lexique,,
5,,lent,dévastateur,adj.m.s.consonant.c3,3.99,3.04,0.3209,lexique,,
5,,mécontent,quantitatif,adj.m.s.consonant.c3,3.32,3.06,0.3772,lexique,,
5,,normal,récent,adj.m.s.consonant.c3,4.9,4.21,0.1309,lexique,,
5,,passible,constant,adj.m.s.consonant.c3,3.42,4.06,0.3954,lexique,,
5,,primordial,viral,adj.m.s.consonant.c3,3.6,3.06,0.0961,lexique,,
5,,répétitif,conséquent,adj.m.s.consonant.c3,3.06,4.33,0.3641,lexique,,
5,,seul,substantiel,adj.m.s.consonant.c3,5.58,3.07,0.4034,lexique,,
5,,bel,brutal,adj.m.s.consonant.c5,4.57,3.74,0.1583,lexique,,
5,,brunet,gentil,adj.m.s.consonant.c5,3.4,4.56,0.1799,lexique,,
5,,charmant,banal,adj.m.s.consonant.c5,4.0,3.77,0.2832,lexique,,
5,,cheap,saoul,adj.m.s.consonant.c5,3.26,3.49,0.1044,lexique,,
5,,cold,déprimant,adj.m.s.consonant.c5,3.22,3.44,-0.0052,lexique,,
5,,douillet,dual,adj.m.s.consonant.c5,3.14,3.15,0.1428,lexique,,
5,,dry,serein,adj.m.s.consonant.c5,3.04,3.61,0.0429,lexique,,
5,,festif,cruel,adj.m.s.consonant.c5,3.23,3.86,0.1049,lexique,,
5,,joli,glacial,adj.m.s.consonant.c5,4.53,3.35,0.1824,lexique,,
5,,matinal,bai,adj.m.s.consonant.c5,3.22,3.07,-0.0039,lexique,,
5,,plain,léger,adj.m.s.consonant.c5,3.43,4.49,0.0761,lexique,,
5,,poilu,new,adj.m.s.consonant.c5,3.24,5.05,0.0707,lexique,,
5,,puéril,down,adj.m.s.consonant.c5,3.05,3.86,-0.0309,lexique,,
5,,sec,moqueur,adj.m.s.consonant.c5,4.44,3.16,0.1377,lexique,,
5,,subtil,bruyant,adj.m.s.consonant.c5,3.66,3.45,0.1934,lexique,,
5,,sûr,viril,adj.m.s.consonant.c5,5.27,3.3,0.165,lexique,,
5,,tropical,vieil,adj.m.s.consonant.c5,3.39,4.05,0.1028,lexique,,
5,,têtu,chevelu,adj.m.s.consonant.c5,3.23,3.11,0.0321,lexique,,
5,,vrai,crânien,adj.m.s.consonant.c5,5.57,3.11,0.1563,lexique,,
5,,pénal,férié,adj.m.s.consonant.c6,4.0,3.42,0.0786,lexique,,
5,,respectif,médical,adj.m.s.consonant.c6,3.24,4.36,0.3045,lexique,,
5,,strict,trimestriel,adj.m.s.consonant.c6,3.81,3.15,0.1315,lexique,,
5,,consécutif,pastoral,adj.m.s.consonant.c7,3.37,3.02,0.2981,lexique,,
5,,coopératif,national,adj.m.s.consonant.c7,3.37,5.08,0.5125,lexique,,
5,,culturel,résidentiel,adj.m.s.consonant.c7,4.46,3.56,0.4877,lexique,,
5,,fluvial,ministériel,adj.m.s.consonant.c7,3.04,3.59,0.3879,lexique,,
5,,méditerranéen,cantonal,adj.m.s.consonant.c7,3.54,3.08,0.1651,lexique,,
5,,naval,patrimonial,adj.m.s.consonant.c7,3.39,3.23,0.1258,lexique,,
5,,pontifical,culminant,adj.m.s.consonant.c7,3.1,3.31,0.2688,lexique,,
5,,rural,bénin,adj.m.s.consonant.c7,4.0,3.69,0.2448,lexique,,
5,,réformiste,postal,adj.m.s.consonant.c7,3.08,3.58,0.0659,lexique,,
5,,régional,référendaire,adj.m.s.consonant.c7,4.43,3.18,0.4775,lexique,,
5,,ambulant,architectural,adj.m.s.elides.c0,3.1,3.44,0.2342,lexique,,
5,,ancestral,électoral,adj.m.s.elides.c0,3.02,4.1,0.2905,lexique,,
5,,exceptionnel,épiscopal,adj.m.s.elides.c0,4.25,3.07,0.1022,lexique,,
5,,expressif,aérien,adj.m.s.elides.c0,3.11,4.06,0.1815,lexique,,
5,,expérimental,attenant,adj.m.s.elides.c0,3.65,3.01,0.2622,lexique,,
5,,inaugural,indonésien,adj.m.s.elides.c0,3.04,3.01,0.1472,lexique,,
5,,indépendant,italique,adj.m.s.elides.c0,4.39,3.07,0.4166,lexique,,
5,,itinérant,entier,adj.m.s.elides.c0,3.06,4.74,0.1677,lexique,,
5,,omniprésent,officiel,adj.m.s.elides.c0,3.24,4.69,0.0813,lexique,,
5,,originel,attractif,adj.m.s.elides.c0,3.6,3.34,0.2282,lexique,,
5,,urbain,intact,adj.m.s.elides.c0,4.25,3.49,0.3917,lexique,,
5,,éducatif,australien,adj.m.s.elides.c0,3.8,3.9,0.1136,lexique,,
5,,éloquent,institutionnel,adj.m.s.elides.c0,3.05,3.58,0.2427,lexique,,
5,,éminent,administratif,adj.m.s.elides.c0,3.32,4.26,0.2908,lexique,,
5,,abusif,incorrect,adj.m.s.elides.c1,3.27,3.13,0.238,lexique,,
5,,agressif,attentif,adj.m.s.elides.c1,3.79,3.78,0.4454,lexique,,
5,,aisé,époustouflant,adj.m.s.elides.c1,3.62,3.0,0.1168,lexique,,
5,,ambiant,immoral,adj.m.s.elides.c1,3.42,3.14,0.2402,lexique,,
5,,ambigu,indiscret,adj.m.s.elides.c1,3.35,3.11,0.2553,lexique,,
5,,amer,insignifiant,adj.m.s.elides.c1,3.73,3.3,0.2879,lexique,,
5,,attrayant,erroné,adj.m.s.elides.c1,3.19,3.11,0.2172,lexique,,
5,,embêtant,offensif,adj.m.s.elides.c1,3.08,3.59,0.1369,lexique,,
5,,exact,irréel,adj.m.s.elides.c1,4.26,3.09,0.3343,lexique,,
5,,incertain,inné,adj.m.s.elides.c1,3.62,3.13,0.3471,lexique,,
5,,inhabituel,indécent,adj.m.s.elides.c1,3.47,3.23,0.378,lexique,,
5,,inhumain,évident,adj.m.s.elides.c1,3.28,4.5,0.2244,lexique,,
5,,inoffensif,anodin,adj.m.s.elides.c1,3.22,3.33,0.3279,lexique,,
5,,inégal,illégal,adj.m.s.elides.c1,3.1,4.06,0.1806,lexique,,
5,,abondant,antérieur,adj.m.s.elides.c2,3.18,3.56,0.332,lexique,,
5,,admissible,incessant,adj.m.s.elides.c2,3.3,3.01,0.4727,lexique,,
5,,affectif,enclin,adj.m.s.elides.c2,3.37,3.34,0.1285,lexique,,
5,,amiable,intelligent,adj.m.s.elides.c2,3.52,4.35,0.2674,lexique,,
5,,artificiel,urgent,adj.m.s.elides.c2,3.78,4.06,0.2131,lexique,,
5,,astral,incohérent,adj.m.s.elides.c2,3.09,3.01,0.2505,lexique,,
5,,excellent,adéquat,adj.m.s.elides.c2,4.65,3.42,0.4219,lexique,,
5,,impressionnant,opportun,adj.m.s.elides.c2,4.2,3.46,0.3374,lexique,,
5,,inapproprié,indéterminé,adj.m.s.elides.c2,3.19,3.16,0.4557,lexique,,
5,,incompétent,instructif,adj.m.s.elides.c2,3.3,3.31,0.4786,lexique,,
5,,indirect,environnemental,adj.m.s.elides.c2,3.56,3.7,0.4335,lexique,,
5,,individuel,ultérieur,adj.m.s.elides.c2,4.12,3.1,0.3441,lexique,,
5,,informel,additionnel,adj.m.s.elides.c2,3.23,3.45,0.5296,lexique,,
5,,inhérent,impartial,adj.m.s.elides.c2,3.03,3.2,0.4009,lexique,,
5,,initial,évolutif,adj.m.s.elides.c2,4.09,3.06,0.3583,lexique,,
5,,intensif,intermittent,adj.m.s.elides.c2,3.46,3.0,0.3913,lexique,,
5,,interactif,insuffisant,adj.m.s.elides.c2,3.28,3.7,0.3061,lexique,,
5,,optimal,échéant,adj.m.s.elides.c2,3.3,3.69,0.228,lexique,,
5,,opérationnel,exhaustif,adj.m.s.elides.c2,3.78,3.17,0.3347,lexique,,
5,,enfantin,inachevé,adj.m.s.elides.c4,3.17,3.16,0.0041,lexique,,
5,,irakien,antonin,adj.m.s.elides.c4,3.35,3.44,0.0272,lexique,,
5,,gravement,drôlement,adv.ment.consonant.c0,3.94,3.27,0.6434,lexique,,
5,,dûment,tardivement,adv.ment.consonant.c3,3.34,3.49,0.5453,lexique,,
5,,récemment,temporairement,adv.ment.consonant.c3,4.7,3.83,0.5827,lexique,,
5,,manuellement,conformément,adv.ment.consonant.c6,3.31,4.24,0.6301,lexique,,
5,,poliment,momentanément,adv.ment.consonant.c7,3.27,3.31,0.645,lexique,,
5,,efficacement,ardemment,adv.ment.elides.c0,3.85,3.12,0.6296,lexique,,
5,,chemises,caresses,nom.f.p.consonant.c0,3.68,3.38,0.4248,lexique,,
5,,coutures,mules,nom.f.p.consonant.c0,3.04,3.05,0.6085,lexique,,
5,,fesses,cornes,nom.f.p.consonant.c0,4.22,3.58,0.513,lexique,,
5,,fourches,chaussures,nom.f.p.consonant.c0,3.03,4.51,0.5699,lexique,,
5,,lèvres,bottes,nom.f.p.consonant.c0,4.43,4.01,0.4459,lexique,,
5,,menottes,veines,nom.f.p.consonant.c0,3.21,3.78,0.5143,lexique,,
5,,pantoufles,mâchoires,nom.f.p.consonant.c0,3.1,3.27,0.4877,lexique,,
5,,pendules,franges,nom.f.p.consonant.c0,3.12,3.1,0.5923,lexique,,
5,,queues,rayures,nom.f.p.consonant.c0,3.38,3.31,0.3878,lexique,,
5,,raquettes,narines,nom.f.p.consonant.c0,3.02,3.32,0.6414,lexique,,
5,,tiges,semelles,nom.f.p.consonant.c0,3.58,3.15,0.4542,lexique,,
5,,têtes,paupières,nom.f.p.consonant.c0,4.42,3.4,0.4408,lexique,,
5,,vestes,cuisses,nom.f.p.consonant.c0,3.36,3.79,0.5774,lexique,,
5,,nuits,visites,nom.f.p.consonant.c1,4.33,4.21,0.446,lexique,,
5,,pauses,places,nom.f.p.consonant.c1,3.45,4.75,0.3703,lexique,,
5,,promenades,semaines,nom.f.p.consonant.c1,3.53,5.11,0.3246,lexique,,
5,,victoires,ballades,nom.f.p.consonant.c1,4.32,3.2,0.2063,lexique,,
5,,cannes,graines,nom.f.p.consonant.c10,4.23,4.06,0.5236,lexique,,
5,,cuillères,feuilles,nom.f.p.consonant.c10,3.09,4.47,0.6229,lexique,,
5,,ficelles,bananes,nom.f.p.consonant.c10,3.37,3.57,0.5659,lexique,,
5,,fleurs,pêches,nom.f.p.consonant.c10,4.67,3.49,0.2471,lexique,,
5,,guirlandes,pépites,nom.f.p.consonant.c10,3.09,3.36,0.6309,lexique,,
5,,tranches,crevettes,nom.f.p.consonant.c10,3.82,3.51,0.5976,lexique,,
5,,chimères,turbulences,nom.f.p.consonant.c11,3.02,3.1,0.4638,lexique,,
5,,comètes,tentations,nom.f.p.consonant.c11,3.12,3.16,0.3868,lexique,,
5,,faiblesses,chances,nom.f.p.consonant.c11,3.77,4.55,0.522,lexique,,
5,,fissures,violences,nom.f.p.consonant.c11,3.34,4.47,0.4983,lexique,,
5,,lunes,métaphores,nom.f.p.consonant.c11,3.28,3.15,0.2243,lexique,,
5,,menaces,planètes,nom.f.p.consonant.c11,4.26,3.91,0.3991,lexique,,
5,,peurs,tentatives,nom.f.p.consonant.c11,3.63,4.16,0.5459,lexique,,
5,,pulsions,crises,nom.f.p.consonant.c11,3.46,4.08,0.648,lexique,,
5,,réticences,profondeurs,nom.f.p.consonant.c11,3.27,3.55,0.5617,lexique,,
5,,sensations,vies,nom.f.p.consonant.c11,3.97,4.42,0.4341,lexique,,
5,,délibérations,formalités,nom.f.p.consonant.c12,3.32,3.5,0.5499,lexique,,
5,,modalités,fusions,nom.f.p.consonant.c12,4.05,3.23,0.645,lexique,,
5,,nominations,clauses,nom.f.p.consonant.c12,3.72,3.62,0.5667,lexique,,
5,,rémunérations,coordonnées,nom.f.p.consonant.c12,3.4,4.02,0.5273,lexique,,
5,,réquisitions,prolongations,nom.f.p.consonant.c12,3.2,3.14,0.5054,lexique,,
5,,subventions,consignes,nom.f.p.consonant.c12,4.08,3.73,0.5177,lexique,,
5,,caves,caravanes,nom.f.p.consonant.c13,3.74,3.22,0.1974,lexique,,
5,,compagnes,cuves,nom.f.p.consonant.c13,3.05,3.27,0.1094,lexique,,
5,,bribes,math,nom.f.p.consonant.c14,3.08,3.66,0.1202,lexique,,
5,,confrontations,théories,nom.f.p.consonant.c15,3.3,4.11,0.4776,lexique,,
5,,consciences,républiques,nom.f.p.consonant.c15,3.28,3.4,0.5989,lexique,,
5,,coutumes,nations,nom.f.p.consonant.c15,3.72,4.68,0.4522,lexique,,
5,,déesses,corporations,nom.f.p.consonant.c15,3.01,3.34,0.5665,lexique,,
5,,libertés,confusions,nom.f.p.consonant.c15,4.28,3.02,0.5363,lexique,,
5,,moeurs,frustrations,nom.f.p.consonant.c15,3.52,3.12,0.4671,lexique,,
5,,personnalités,volontés,nom.f.p.consonant.c15,4.28,3.45,0.592,lexique,,
5,,prophéties,castes,nom.f.p.consonant.c15,3.06,3.0,0.3765,lexique,,
5,,races,nationalités,nom.f.p.consonant.c15,4.03,3.6,0.585,lexique,,
5,,richesses,croyances,nom.f.p.consonant.c15,4.03,4.01,0.5664,lexique,,
5,,solidarités,faveurs,nom.f.p.consonant.c15,3.05,3.59,0.3243,lexique,,
5,,strates,contradictions,nom.f.p.consonant.c15,3.08,3.63,0.6428,lexique,,
5,,superstitions,monarchies,nom.f.p.consonant.c15,3.04,3.04,0.3057,lexique,,
5,,valeurs,jeunesses,nom.f.p.consonant.c15,4.88,3.04,0.2558,lexique,,
5,,vertus,rivalités,nom.f.p.consonant.c15,3.86,3.34,0.4365,lexique,,
5,,vérités,princesses,nom.f.p.consonant.c15,3.81,3.5,0.4254,lexique,,
5,,fusées,foules,nom.f.p.consonant.c16,3.48,3.58,0.1908,lexique,,
5,,lumières,balles,nom.f.p.consonant.c16,4.27,4.5,0.4494,lexique,,
5,,roquettes,tempêtes,nom.f.p.consonant.c16,3.31,3.6,0.4248,lexique,,
5,,boucles,bougies,nom.f.p.consonant.c17,3.85,3.75,0.4721,lexique,,
5,,couleurs,fourrures,nom.f.p.consonant.c17,4.76,3.14,0.3347,lexique,,
5,,figurines,lunettes,nom.f.p.consonant.c17,3.47,4.44,0.4878,lexique,,
5,,perruques,jupes,nom.f.p.consonant.c17,3.01,3.45,0.366,lexique,,
5,,pochettes,gemmes,nom.f.p.consonant.c17,3.06,3.0,0.3894,lexique,,
5,,bières,pizzas,nom.f.p.consonant.c18,3.88,3.58,0.5343,lexique,,
5,,cigarettes,délices,nom.f.p.consonant.c18,3.93,3.31,0.4449,lexique,,
5,,pâtisseries,crottes,nom.f.p.consonant.c18,3.23,3.16,0.6236,lexique,,
5,,sauces,baguettes,nom.f.p.consonant.c18,3.4,3.41,0.6343,lexique,,
5,,saveurs,pâtes,nom.f.p.consonant.c18,3.61,3.99,0.5098,lexique,,
5,,catégories,cures,nom.f.p.consonant.c19,4.41,3.03,0.4454,lexique,,
5,,collaborations,listes,nom.f.p.consonant.c19,3.34,4.24,0.5346,lexique,,
5,,compétitions,spécialités,nom.f.p.consonant.c19,3.94,3.66,0.6288,lexique,,
5,,conférences,missions,nom.f.p.consonant.c19,4.27,4.4,0.6096,lexique,,
5,,cérémonies,promotions,nom.f.p.consonant.c19,3.83,3.56,0.4476,lexique,,
5,,disciplines,séances,nom.f.p.consonant.c19,3.87,4.23,0.5895,lexique,,
5,,démonstrations,bourses,nom.f.p.consonant.c19,3.48,3.9,0.4128,lexique,,
5,,pistes,classes,nom.f.p.consonant.c19,4.35,4.61,0.5018,lexique,,
5,,quêtes,périodes,nom.f.p.consonant.c19,3.15,4.28,0.4643,lexique,,
5,,récompenses,dates,nom.f.p.consonant.c19,3.78,4.33,0.3888,lexique,,
5,,sélections,phases,nom.f.p.consonant.c19,3.76,4.04,0.4631,lexique,,
5,,télés,fautes,nom.f.p.consonant.c2,3.19,4.25,0.0498,lexique,,
5,,bestioles,ruches,nom.f.p.consonant.c21,3.14,3.19,0.5906,lexique,,
5,,chèvres,tortues,nom.f.p.consonant.c21,3.58,3.55,0.5193,lexique,,
5,,fourmis,poules,nom.f.p.consonant.c21,3.65,3.91,0.4815,lexique,,
5,,grenouilles,douzaines,nom.f.p.consonant.c21,3.44,3.17,0.4017,lexique,,
5,,mouettes,lieues,nom.f.p.consonant.c21,3.0,3.3,0.4443,lexique,,
5,,pelles,baleines,nom.f.p.consonant.c21,3.06,3.55,0.4375,lexique,,
5,,poubelles,guêpes,nom.f.p.consonant.c21,3.75,3.09,0.4948,lexique,,
5,,proies,dizaines,nom.f.p.consonant.c21,3.29,4.41,0.2882,lexique,,
5,,puces,reines,nom.f.p.consonant.c21,3.63,3.51,0.4219,lexique,,
5,,tonnes,selles,nom.f.p.consonant.c21,4.43,3.28,0.3796,lexique,,
5,,vaches,centaines,nom.f.p.consonant.c21,4.0,4.56,0.3783,lexique,,
5,,comparaisons,dimensions,nom.f.p.consonant.c22,3.6,4.26,0.5495,lexique,,
5,,conserves,probabilités,nom.f.p.consonant.c22,3.25,3.45,0.3246,lexique,,
5,,constellations,combinaisons,nom.f.p.consonant.c22,3.06,3.7,0.6333,lexique,,
5,,correspondances,bases,nom.f.p.consonant.c22,3.52,4.47,0.5232,lexique,,
5,,différences,nuances,nom.f.p.consonant.c22,4.37,3.99,0.648,lexique,,
5,,divergences,capacités,nom.f.p.consonant.c22,3.6,4.34,0.5846,lexique,,
5,,formes,propriétés,nom.f.p.consonant.c22,4.71,4.32,0.6409,lexique,,
5,,fractions,naissances,nom.f.p.consonant.c22,3.2,3.74,0.631,lexique,,
5,,limites,circonstances,nom.f.p.consonant.c22,4.56,4.45,0.6396,lexique,,
5,,méthodes,variations,nom.f.p.consonant.c22,4.54,4.09,0.6244,lexique,,
5,,prothèses,configurations,nom.f.p.consonant.c22,3.3,3.17,0.5939,lexique,,
5,,prouesses,fréquences,nom.f.p.consonant.c22,3.17,3.76,0.5834,lexique,,
5,,préférences,liaisons,nom.f.p.consonant.c22,3.61,3.78,0.5037,lexique,,
5,,qualités,tantes,nom.f.p.consonant.c22,4.37,3.22,0.5812,lexique,,
5,,radiations,formules,nom.f.p.consonant.c22,3.46,3.89,0.5103,lexique,,
5,,ressources,résistances,nom.f.p.consonant.c22,4.8,3.49,0.6231,lexique,,
5,,répartitions,destructions,nom.f.p.consonant.c22,3.0,3.36,0.6359,lexique,,
5,,sources,technologies,nom.f.p.consonant.c22,4.8,4.39,0.6136,lexique,,
5,,spécifications,cibles,nom.f.p.consonant.c22,3.27,3.94,0.6241,lexique,,
5,,stratégies,lacunes,nom.f.p.consonant.c22,3.98,3.66,0.4354,lexique,,
5,,transformations,postures,nom.f.p.consonant.c22,3.72,3.21,0.647,lexique,,
5,,beautés,cathédrales,nom.f.p.consonant.c23,3.48,3.26,0.474,lexique,,
5,,catacombes,toiles,nom.f.p.consonant.c23,3.04,3.84,0.4896,lexique,,
5,,demeures,malines,nom.f.p.consonant.c23,3.35,3.34,0.5252,lexique,,
5,,maisons,médailles,nom.f.p.consonant.c23,4.75,4.08,0.4034,lexique,,
5,,mosaïques,fiançailles,nom.f.p.consonant.c23,3.13,3.48,0.5439,lexique,,
5,,mosquées,merveilles,nom.f.p.consonant.c23,3.67,3.87,0.3918,lexique,,
5,,muses,traces,nom.f.p.consonant.c23,3.01,4.46,0.4249,lexique,,
5,,pierres,curiosités,nom.f.p.consonant.c23,4.37,3.26,0.5405,lexique,,
5,,poteries,façades,nom.f.p.consonant.c23,3.1,3.58,0.5306,lexique,,
5,,reliques,cloches,nom.f.p.consonant.c23,3.57,3.69,0.5627,lexique,,
5,,statuettes,tuileries,nom.f.p.consonant.c23,3.05,3.28,0.5332,lexique,,
5,,bibliothèques,biographies,nom.f.p.consonant.c24,4.0,3.2,0.3433,lexique,,
5,,comédies,banderoles,nom.f.p.consonant.c24,3.61,3.01,0.3699,lexique,,
5,,célébrités,percussions,nom.f.p.consonant.c24,3.73,3.25,0.4574,lexique,,
5,,danseuses,langues,nom.f.p.consonant.c24,3.37,4.62,0.3459,lexique,,
5,,fables,descriptions,nom.f.p.consonant.c24,3.27,3.71,0.5685,lexique,,
5,,figures,poésies,nom.f.p.consonant.c24,4.17,3.37,0.3912,lexique,,
5,,lectures,cliques,nom.f.p.consonant.c24,3.9,3.07,0.6469,lexique,,
5,,littératures,bannières,nom.f.p.consonant.c24,3.16,3.33,0.2286,lexique,,
5,,marques,librairies,nom.f.p.consonant.c24,4.45,3.45,0.5163,lexique,,
5,,musiques,rubriques,nom.f.p.consonant.c24,4.15,3.34,0.5878,lexique,,
5,,notices,séries,nom.f.p.consonant.c24,3.36,4.67,0.4447,lexique,,
5,,répliques,publicités,nom.f.p.consonant.c24,3.55,3.83,0.5908,lexique,,
5,,scènes,références,nom.f.p.consonant.c24,4.37,4.27,0.4525,lexique,,
5,,vedettes,vidéos,nom.f.p.consonant.c24,3.48,4.76,0.4286,lexique,,
5,,bagnoles,cavités,nom.f.p.consonant.c25,3.07,3.41,0.4907,lexique,,
5,,bandes,bobines,nom.f.p.consonant.c25,4.27,3.17,0.5584,lexique,,
5,,barres,couvertures,nom.f.p.consonant.c25,3.99,3.74,0.5396,lexique,,
5,,batteries,cartes,nom.f.p.consonant.c25,4.02,4.67,0.4529,lexique,,
5,,bornes,jantes,nom.f.p.consonant.c25,4.07,3.14,0.4364,lexique,,
5,,bouches,lampes,nom.f.p.consonant.c25,3.96,3.71,0.4662,lexique,,
5,,bouteilles,barrières,nom.f.p.consonant.c25,4.15,3.81,0.4895,lexique,,
5,,branches,cases,nom.f.p.consonant.c25,4.14,3.73,0.4955,lexique,,
5,,briques,vannes,nom.f.p.consonant.c25,3.86,3.83,0.381,lexique,,
5,,chaudières,chiottes,nom.f.p.consonant.c25,3.25,3.54,0.5457,lexique,,
5,,citernes,caméras,nom.f.p.consonant.c25,3.1,4.18,0.3025,lexique,,
5,,clôtures,textures,nom.f.p.consonant.c25,3.14,3.12,0.511,lexique,,
5,,colonnes,billes,nom.f.p.consonant.c25,4.08,3.48,0.5047,lexique,,
5,,fenêtres,chaînes,nom.f.p.consonant.c25,4.28,4.32,0.4512,lexique,,
5,,fosses,chambres,nom.f.p.consonant.c25,3.44,4.43,0.4457,lexique,,
5,,gaines,vitrines,nom.f.p.consonant.c25,3.09,3.46,0.3714,lexique,,
5,,grues,poutres,nom.f.p.consonant.c25,3.17,3.4,0.4039,lexique,,
5,,lattes,grilles,nom.f.p.consonant.c25,3.06,3.58,0.6381,lexique,,
5,,locomotives,barricades,nom.f.p.consonant.c25,3.28,3.3,0.5072,lexique,,
5,,longueurs,plaquettes,nom.f.p.consonant.c25,3.69,3.25,0.4977,lexique,,
5,,machines,surfaces,nom.f.p.consonant.c25,4.49,4.08,0.6326,lexique,,
5,,manettes,toilettes,nom.f.p.consonant.c25,3.3,4.31,0.4389,lexique,,
5,,maquettes,tranchées,nom.f.p.consonant.c25,3.28,3.66,0.3533,lexique,,
5,,motos,bulles,nom.f.p.consonant.c25,3.61,3.78,0.2508,lexique,,
5,,nappes,vignettes,nom.f.p.consonant.c25,3.4,3.17,0.4746,lexique,,
5,,navettes,plaques,nom.f.p.consonant.c25,3.27,4.15,0.5737,lexique,,
5,,nervures,tunes,nom.f.p.consonant.c25,3.04,3.01,0.5265,lexique,,
5,,niches,salles,nom.f.p.consonant.c25,3.43,4.46,0.5428,lexique,,
5,,passerelles,coulisses,nom.f.p.consonant.c25,3.16,3.81,0.415,lexique,,
5,,piles,sortes,nom.f.p.consonant.c25,3.72,4.29,0.381,lexique,,
5,,pièces,mitrailleuses,nom.f.p.consonant.c25,5.02,3.22,0.3476,lexique,,
5,,pompes,glaces,nom.f.p.consonant.c25,3.96,3.92,0.3357,lexique,,
5,,remorques,chaises,nom.f.p.consonant.c25,3.09,3.82,0.3798,lexique,,
5,,roulettes,descentes,nom.f.p.consonant.c25,3.28,3.18,0.5775,lexique,,
5,,serviettes,piscines,nom.f.p.consonant.c25,3.62,3.5,0.5677,lexique,,
5,,tables,vitres,nom.f.p.consonant.c25,4.14,3.7,0.5107,lexique,,
5,,toitures,parois,nom.f.p.consonant.c25,3.2,3.65,0.6114,lexique,,
5,,tuiles,serrures,nom.f.p.consonant.c25,3.6,3.17,0.4945,lexique,,
5,,voitures,boîtes,nom.f.p.consonant.c25,4.71,4.13,0.5111,lexique,,
5,,folies,bites,nom.f.p.consonant.c27,3.5,3.52,0.3785,lexique,,
5,,meufs,fillettes,nom.f.p.consonant.c27,3.46,3.22,0.5293,lexique,,
5,,noces,femmes,nom.f.p.consonant.c27,3.75,5.45,0.1295,lexique,,
5,,pipes,soeurs,nom.f.p.consonant.c27,3.16,3.99,0.0056,lexique,,
5,,putes,stars,nom.f.p.consonant.c27,3.77,4.3,0.3527,lexique,,
5,,félicitations,signatures,nom.f.p.consonant.c28,4.23,3.79,0.6361,lexique,,
5,,plaintes,démarches,nom.f.p.consonant.c28,4.04,4.06,0.537,lexique,,
5,,poursuites,réflexions,nom.f.p.consonant.c28,3.96,4.04,0.5258,lexique,,
5,,réponses,controverses,nom.f.p.consonant.c28,4.59,3.42,0.4631,lexique,,
5,,thèses,sollicitations,nom.f.p.consonant.c28,3.72,3.27,0.4457,lexique,,
5,,sondes,rames,nom.f.p.consonant.c3,3.26,3.51,0.1601,lexique,,
5,,verges,lames,nom.f.p.consonant.c3,3.09,3.73,0.1313,lexique,,
5,,cascades,forêts,nom.f.p.consonant.c4,3.49,4.25,0.5112,lexique,,
5,,cavernes,pelouses,nom.f.p.consonant.c4,3.27,3.21,0.5756,lexique,,
5,,chutes,combes,nom.f.p.consonant.c4,3.86,3.05,0.5412,lexique,,
5,,pentes,digues,nom.f.p.consonant.c4,3.62,3.16,0.6167,lexique,,
5,,rives,terres,nom.f.p.consonant.c4,3.83,4.63,0.596,lexique,,
5,,ruelles,berges,nom.f.p.consonant.c4,3.33,3.53,0.5668,lexique,,
5,,terrasses,gorges,nom.f.p.consonant.c4,3.63,3.63,0.4925,lexique,,
5,,vignes,plages,nom.f.p.consonant.c4,3.86,4.06,0.5235,lexique,,
5,,zones,crêtes,nom.f.p.consonant.c4,4.7,3.21,0.5896,lexique,,
5,,corvées,filières,nom.f.p.consonant.c5,3.06,3.77,0.4391,lexique,,
5,,matières,vendanges,nom.f.p.consonant.c5,4.42,3.34,0.4377,lexique,,
5,,colonies,légions,nom.f.p.consonant.c6,4.1,3.41,0.6319,lexique,,
5,,destinations,banlieues,nom.f.p.consonant.c6,3.7,3.63,0.388,lexique,,
5,,familles,délégations,nom.f.p.consonant.c6,4.81,3.42,0.6322,lexique,,
5,,firmes,stations,nom.f.p.consonant.c6,3.49,4.27,0.6415,lexique,,
5,,franchises,forces,nom.f.p.consonant.c6,3.37,4.96,0.3894,lexique,,
5,,frontières,contestations,nom.f.p.consonant.c6,4.46,3.22,0.6216,lexique,,
5,,garnisons,fondations,nom.f.p.consonant.c6,3.0,3.81,0.4386,lexique,,
5,,ligues,tribus,nom.f.p.consonant.c6,3.48,3.92,0.4553,lexique,,
5,,métropoles,défenses,nom.f.p.consonant.c6,3.42,3.68,0.551,lexique,,
5,,perquisitions,latitudes,nom.f.p.consonant.c6,3.24,3.07,0.6307,lexique,,
5,,personnes,frégates,nom.f.p.consonant.c6,5.6,3.07,0.395,lexique,,
5,,préfectures,polices,nom.f.p.consonant.c6,3.22,3.51,0.4007,lexique,,
5,,raffineries,victimes,nom.f.p.consonant.c6,3.07,4.79,0.3499,lexique,,
5,,recrues,circonscriptions,nom.f.p.consonant.c6,3.59,3.73,0.4323,lexique,,
5,,résidences,reprises,nom.f.p.consonant.c6,3.93,4.58,0.4299,lexique,,
5,,sociétés,campagnes,nom.f.p.consonant.c6,4.78,4.34,0.5217,lexique,,
5,,succursales,provocations,nom.f.p.consonant.c6,3.21,3.24,0.4814,lexique,,
5,,tribunes,mairies,nom.f.p.consonant.c6,3.67,3.38,0.5131,lexique,,
5,,galères,ladies,nom.f.p.consonant.c7,3.53,3.06,0.4094,lexique,,
5,,joies,louanges,nom.f.p.consonant.c7,3.68,3.31,0.3387,lexique,,
5,,maladies,cicatrices,nom.f.p.consonant.c7,4.49,3.53,0.5568,lexique,,
5,,migraines,grâces,nom.f.p.consonant.c7,3.13,3.42,0.2752,lexique,,
5,,peines,piqûres,nom.f.p.consonant.c7,4.13,3.29,0.4754,lexique,,
5,,plaies,misères,nom.f.p.consonant.c7,3.56,3.08,0.6017,lexique,,
5,,prières,parenthèses,nom.f.p.consonant.c7,3.95,3.41,0.1115,lexique,,
5,,thérapies,messes,nom.f.p.consonant.c7,3.21,3.31,0.1891,lexique,,
5,,banques,fuites,nom.f.p.consonant.c8,4.48,3.65,0.4464,lexique,,
5,,commandes,pertes,nom.f.p.consonant.c8,4.34,4.35,0.4818,lexique,,
5,,dettes,marchandises,nom.f.p.consonant.c8,4.14,4.11,0.5367,lexique,,
5,,devises,fermetures,nom.f.p.consonant.c8,3.6,3.31,0.4095,lexique,,
5,,disponibilités,munitions,nom.f.p.consonant.c8,3.03,4.0,0.5672,lexique,,
5,,décharges,transactions,nom.f.p.consonant.c8,3.22,4.02,0.3803,lexique,,
5,,liquidités,ventes,nom.f.p.consonant.c8,3.18,4.51,0.4096,lexique,,
5,,locations,fournitures,nom.f.p.consonant.c8,3.25,3.69,0.585,lexique,,
5,,marges,monnaies,nom.f.p.consonant.c8,3.75,3.89,0.4559,lexique,,
5,,nuisances,retraites,nom.f.p.consonant.c8,3.36,4.07,0.5062,lexique,,
5,,pannes,réservations,nom.f.p.consonant.c8,3.37,3.43,0.4371,lexique,,
5,,réserves,redevances,nom.f.p.consonant.c8,4.26,3.4,0.5326,lexique,,
5,,suppressions,pollutions,nom.f.p.consonant.c8,3.19,3.12,0.4929,lexique,,
5,,suspensions,parts,nom.f.p.consonant.c8,3.22,4.23,0.2552,lexique,,
5,,taxes,coupures,nom.f.p.consonant.c8,4.28,3.68,0.4315,lexique,,
5,,bactéries,quantités,nom.f.p.consonant.c9,3.84,4.01,0.617,lexique,,
5,,levures,taches,nom.f.p.consonant.c9,3.0,3.96,0.5683,lexique,,
5,,particules,souches,nom.f.p.consonant.c9,4.08,3.62,0.6225,lexique,,
5,,poudres,pilules,nom.f.p.consonant.c9,3.33,3.49,0.3806,lexique,,
5,,substances,peaux,nom.f.p.consonant.c9,3.98,3.7,0.4478,lexique,,
5,,attitudes,affinités,nom.f.p.elides.c0,3.64,3.46,0.6094,lexique,,
5,,idoles,alliances,nom.f.p.elides.c0,3.49,3.79,0.5377,lexique,,
5,,inquiétudes,expériences,nom.f.p.elides.c0,3.71,4.48,0.5513,lexique,,
5,,obsessions,inspirations,nom.f.p.elides.c0,3.0,3.36,0.6443,lexique,,
5,,origines,espérances,nom.f.p.elides.c0,4.35,3.35,0.5787,lexique,,
5,,unions,idéologies,nom.f.p.elides.c0,3.33,3.32,0.5713,lexique,,
5,,élites,opinions,nom.f.p.elides.c0,3.87,4.26,0.5853,lexique,,
5,,acquisitions,attestations,nom.f.p.elides.c1,3.62,3.0,0.5259,lexique,,
5,,actions,académies,nom.f.p.elides.c1,4.9,3.29,0.5873,lexique,,
5,,administrations,actualités,nom.f.p.elides.c1,3.9,4.11,0.5879,lexique,,
5,,agences,archives,nom.f.p.elides.c1,4.16,4.54,0.5041,lexique,,
5,,annonces,auditions,nom.f.p.elides.c1,4.16,3.5,0.49,lexique,,
5,,assistantes,obligations,nom.f.p.elides.c1,3.01,4.34,0.4726,lexique,,
5,,entités,exigences,nom.f.p.elides.c1,3.84,4.18,0.6143,lexique,,
5,,expertises,enchères,nom.f.p.elides.c1,3.3,3.92,0.356,lexique,,
5,,expositions,adresses,nom.f.p.elides.c1,4.09,3.91,0.4835,lexique,,
5,,indemnités,interventions,nom.f.p.elides.c1,3.84,4.15,0.5581,lexique,,
5,,informations,audiences,nom.f.p.elides.c1,4.95,3.77,0.6097,lexique,,
5,,initiales,innovations,nom.f.p.elides.c1,3.7,3.82,0.507,lexique,,
5,,instances,architectes,nom.f.p.elides.c1,3.96,3.87,0.3283,lexique,,
5,,institutions,économies,nom.f.p.elides.c1,4.56,4.27,0.5975,lexique,,
5,,invitations,affaires,nom.f.p.elides.c1,3.47,5.21,0.5519,lexique,,
5,,opportunités,approximations,nom.f.p.elides.c1,3.94,3.02,0.6131,lexique,,
5,,universités,inscriptions,nom.f.p.elides.c1,4.31,4.11,0.5725,lexique,,
5,,études,instructions,nom.f.p.elides.c1,5.09,4.13,0.5355,lexique,,
5,,animations,impressions,nom.f.p.elides.c3,3.69,3.81,0.6357,lexique,,
5,,anomalies,empreintes,nom.f.p.elides.c3,3.59,3.74,0.4786,lexique,,
5,,enzymes,énergies,nom.f.p.elides.c3,3.19,4.12,0.3775,lexique,,
5,,expérimentations,ondes,nom.f.p.elides.c3,3.36,4.26,0.4401,lexique,,
5,,illustrations,essences,nom.f.p.elides.c3,3.84,3.33,0.6365,lexique,,
5,,images,interférences,nom.f.p.elides.c3,4.86,3.13,0.539,lexique,,
5,,indications,intempéries,nom.f.p.elides.c3,3.9,3.45,0.5277,lexique,,
5,,options,articulations,nom.f.p.elides.c3,4.21,3.41,0.6473,lexique,,
5,,électrodes,ouvertures,nom.f.p.elides.c3,3.11,3.73,0.4413,lexique,,
5,,étapes,impuretés,nom.f.p.elides.c3,4.33,3.04,0.3297,lexique,,
5,,astuces,offrandes,nom.f.p.elides.c4,3.74,3.2,0.1759,lexique,,
5,,embûches,ardeurs,nom.f.p.elides.c4,3.01,3.09,0.4755,lexique,,
5,,injures,actrices,nom.f.p.elides.c4,3.33,3.62,0.2398,lexique,,
5,,interviews,épreuves,nom.f.p.elides.c4,3.75,4.29,0.3786,lexique,,
5,,âmes,anecdotes,nom.f.p.elides.c4,4.08,3.79,0.2664,lexique,,
5,,abbayes,îles,nom.f.p.elides.c5,3.15,4.42,0.1732,lexique,,
5,,alpes,arènes,nom.f.p.elides.c5,4.45,3.32,0.2141,lexique,,
5,,années,autos,nom.f.p.elides.c5,5.63,3.37,0.3303,lexique,,
5,,argiles,antennes,nom.f.p.elides.c5,3.08,3.75,0.4177,lexique,,
5,,eaux,équipes,nom.f.p.elides.c5,4.65,4.81,0.3034,lexique,,
5,,ethnies,architectures,nom.f.p.elides.c5,3.29,3.09,0.4307,lexique,,
5,,excursions,infrastructures,nom.f.p.elides.c5,3.33,4.22,0.4699,lexique,,
5,,usines,unités,nom.f.p.elides.c5,4.2,4.57,0.6099,lexique,,
5,,écuries,attractions,nom.f.p.elides.c5,3.42,3.68,0.5402,lexique,,
5,,églises,escales,nom.f.p.elides.c5,4.27,3.12,0.3792,lexique,,
5,,abeilles,ogives,nom.f.p.elides.c6,3.9,3.01,0.3023,lexique,,
5,,aisselles,armoiries,nom.f.p.elides.c6,3.11,3.31,0.3094,lexique,,
5,,algues,orgues,nom.f.p.elides.c6,3.64,3.05,-0.0481,lexique,,
5,,allures,armures,nom.f.p.elides.c6,3.5,3.16,0.4677,lexique,,
5,,anses,étoiles,nom.f.p.elides.c6,3.25,4.59,0.4041,lexique,,
5,,aquarelles,allumettes,nom.f.p.elides.c6,3.01,3.23,0.4092,lexique,,
5,,armoires,avenues,nom.f.p.elides.c6,3.08,3.29,0.43,lexique,,
5,,aurores,esquisses,nom.f.p.elides.c6,3.13,3.09,0.3993,lexique,,
5,,averses,épiceries,nom.f.p.elides.c6,3.11,3.18,0.1938,lexique,,
5,,estampes,ampoules,nom.f.p.elides.c6,3.29,3.42,0.3387,lexique,,
5,,odeurs,auberges,nom.f.p.elides.c6,3.61,3.09,0.0581,lexique,,
5,,oies,épices,nom.f.p.elides.c6,3.28,3.66,0.3529,lexique,,
5,,oubliettes,icônes,nom.f.p.elides.c6,3.02,3.35,0.302,lexique,,
5,,urnes,écailles,nom.f.p.elides.c6,3.61,3.27,0.3064,lexique,,
5,,épines,olives,nom.f.p.elides.c6,3.34,3.37,0.5036,lexique,,
5,,épingles,ailes,nom.f.p.elides.c6,3.07,4.27,0.5725,lexique,,
5,,étincelles,orties,nom.f.p.elides.c6,3.23,3.03,0.5259,lexique,,
5,,absences,invasions,nom.f.p.elides.c7,3.45,3.33,0.3846,lexique,,
5,,amendes,éruptions,nom.f.p.elides.c7,3.82,3.27,0.3616,lexique,,
5,,apparitions,enquêtes,nom.f.p.elides.c7,3.59,4.17,0.5608,lexique,,
5,,armes,inondations,nom.f.p.elides.c7,4.99,3.8,0.3938,lexique,,
5,,attaques,irrégularités,nom.f.p.elides.c7,4.46,3.35,0.6215,lexique,,
5,,erreurs,exécutions,nom.f.p.elides.c7,4.59,3.52,0.5845,lexique,,
5,,explosions,exceptions,nom.f.p.elides.c7,3.54,3.94,0.6207,lexique,,
5,,injonctions,incursions,nom.f.p.elides.c7,3.22,3.19,0.6339,lexique,,
5,,éliminatoires,interdictions,nom.f.p.elides.c7,3.73,3.31,0.4528,lexique,,
5,,pauline,chroniqueuse,nom.f.s.consonant.c1,4.0,3.16,0.2392,lexique,,
5,,caféine,gaine,nom.f.s.consonant.c10,3.26,3.17,0.3082,lexique,,
5,,protéine,salive,nom.f.s.consonant.c10,3.5,3.44,0.4515,lexique,,
5,,punaise,racine,nom.f.s.consonant.c10,3.37,4.08,0.3268,lexique,,
5,,souche,rétine,nom.f.s.consonant.c10,3.81,3.09,0.2987,lexique,,
5,,toxine,vessie,nom.f.s.consonant.c10,3.02,3.33,0.3349,lexique,,
5,,baïonnette,rochelle,nom.f.s.consonant.c11,3.0,3.86,0.3576,lexique,,
5,,brigade,coupole,nom.f.s.consonant.c11,4.12,3.24,-0.0063,lexique,,
5,,cavalerie,prison,nom.f.s.consonant.c11,3.94,4.95,0.3182,lexique,,
5,,cayenne,sépulture,nom.f.s.consonant.c11,3.44,3.42,0.327,lexique,,
5,,chapelle,bastille,nom.f.s.consonant.c11,4.3,3.67,0.4472,lexique,,
5,,cohorte,bastide,nom.f.s.consonant.c11,3.25,3.17,0.3343,lexique,,
5,,colombe,nef,nom.f.s.consonant.c11,3.45,3.59,0.4133,lexique,,
5,,colonne,bâtisse,nom.f.s.consonant.c11,4.22,3.34,0.363,lexique,,
5,,confrérie,patrouille,nom.f.s.consonant.c11,3.66,3.81,0.38,lexique,,
5,,corvette,taule,nom.f.s.consonant.c11,3.09,3.53,0.2722,lexique,,
5,,crypte,bannière,nom.f.s.consonant.c11,3.22,3.88,0.3722,lexique,,
5,,façade,frégate,nom.f.s.consonant.c11,4.1,3.3,0.245,lexique,,
5,,fontaine,paroisse,nom.f.s.consonant.c11,4.2,4.07,0.4257,lexique,,
5,,forteresse,voûte,nom.f.s.consonant.c11,3.82,3.72,0.3701,lexique,,
5,,gendarmerie,lanterne,nom.f.s.consonant.c11,4.12,3.6,0.1952,lexique,,
5,,légion,bourgade,nom.f.s.consonant.c11,4.03,3.17,0.4807,lexique,,
5,,milice,venise,nom.f.s.consonant.c11,3.72,4.09,0.1288,lexique,,
5,,nécropole,nacelle,nom.f.s.consonant.c11,3.03,3.11,0.3723,lexique,,
5,,pyramide,cour,nom.f.s.consonant.c11,3.75,5.09,0.3594,lexique,,
5,,statue,corniche,nom.f.s.consonant.c11,4.2,3.27,0.5172,lexique,,
5,,statuette,synagogue,nom.f.s.consonant.c11,3.24,3.44,0.493,lexique,,
5,,tourelle,gaule,nom.f.s.consonant.c11,3.02,3.7,0.1773,lexique,,
5,,troupe,cathédrale,nom.f.s.consonant.c11,4.17,4.17,0.2815,lexique,,
5,,trouvaille,relique,nom.f.s.consonant.c11,3.25,3.19,0.3142,lexique,,
5,,verrière,chartreuse,nom.f.s.consonant.c11,3.08,3.26,0.5448,lexique,,
5,,villa,couronne,nom.f.s.consonant.c11,4.31,4.42,0.257,lexique,,
5,,ville,mitrailleuse,nom.f.s.consonant.c11,5.66,3.08,0.3403,lexique,,
5,,divinité,communion,nom.f.s.consonant.c12,3.64,3.68,0.5234,lexique,,
5,,guérison,parole,nom.f.s.consonant.c12,3.83,4.92,0.4063,lexique,,
5,,liturgie,charité,nom.f.s.consonant.c12,3.39,4.03,0.5076,lexique,,
5,,madone,prophétie,nom.f.s.consonant.c12,3.04,3.53,0.3691,lexique,,
5,,messe,bonté,nom.f.s.consonant.c12,4.12,3.79,0.2838,lexique,,
5,,papauté,carole,nom.f.s.consonant.c12,3.04,3.59,0.2562,lexique,,
5,,bougie,vidange,nom.f.s.consonant.c13,3.65,3.22,0.2543,lexique,,
5,,corbeille,gorgée,nom.f.s.consonant.c13,3.25,3.27,0.4812,lexique,,
5,,cuvette,javel,nom.f.s.consonant.c13,3.35,3.24,0.3819,lexique,,
5,,douche,nicotine,nom.f.s.consonant.c13,4.43,3.35,0.3992,lexique,,
5,,marmite,banquette,nom.f.s.consonant.c13,3.24,3.36,0.4215,lexique,,
5,,nappe,casserole,nom.f.s.consonant.c13,3.54,3.51,0.4019,lexique,,
5,,circulation,fermeture,nom.f.s.consonant.c14,4.56,4.37,0.598,lexique,,
5,,cohabitation,sauvegarde,nom.f.s.consonant.c14,3.51,3.93,0.5269,lexique,,
5,,collecte,capitalisation,nom.f.s.consonant.c14,4.11,3.43,0.5852,lexique,,
5,,compétitivité,construction,nom.f.s.consonant.c14,3.75,4.99,0.5922,lexique,,
5,,continuité,création,nom.f.s.consonant.c14,4.07,5.06,0.6195,lexique,,
5,,convergence,fabrication,nom.f.s.consonant.c14,3.75,4.48,0.532,lexique,,
5,,disponibilité,transition,nom.f.s.consonant.c14,3.77,4.42,0.5866,lexique,,
5,,divergence,climatisation,nom.f.s.consonant.c14,3.34,3.42,0.6423,lexique,,
5,,diversification,possibilité,nom.f.s.consonant.c14,3.46,4.77,0.5672,lexique,,
5,,diversité,modification,nom.f.s.consonant.c14,4.36,4.23,0.4905,lexique,,
5,,définition,dissuasion,nom.f.s.consonant.c14,4.62,3.17,0.5779,lexique,,
5,,facturation,synergie,nom.f.s.consonant.c14,3.21,3.12,0.4552,lexique,,
5,,fourniture,généralité,nom.f.s.consonant.c14,3.63,3.53,0.6283,lexique,,
5,,globalisation,fonction,nom.f.s.consonant.c14,3.08,5.06,0.5756,lexique,,
5,,libéralisation,ressource,nom.f.s.consonant.c14,3.4,3.97,0.5339,lexique,,
5,,lisibilité,nationalisation,nom.f.s.consonant.c14,3.11,3.3,0.601,lexique,,
5,,maintenance,communication,nom.f.s.consonant.c14,3.94,4.81,0.6384,lexique,,
5,,manutention,mobilité,nom.f.s.consonant.c14,3.19,4.14,0.6336,lexique,,
5,,notation,réparation,nom.f.s.consonant.c14,3.73,4.11,0.622,lexique,,
5,,plantation,résolution,nom.f.s.consonant.c14,3.63,4.41,0.57,lexique,,
5,,ponctuation,pluralité,nom.f.s.consonant.c14,3.29,3.35,0.5728,lexique,,
5,,prévision,diffusion,nom.f.s.consonant.c14,3.81,4.5,0.5898,lexique,,
5,,ration,sécurité,nom.f.s.consonant.c14,3.34,5.24,0.5647,lexique,,
5,,refonte,télécommunication,nom.f.s.consonant.c14,3.57,3.08,0.2404,lexique,,
5,,rise,compatibilité,nom.f.s.consonant.c14,3.04,3.37,0.4829,lexique,,
5,,réduction,prospection,nom.f.s.consonant.c14,4.69,3.29,0.6341,lexique,,
5,,stratégie,réfection,nom.f.s.consonant.c14,4.63,3.36,0.3469,lexique,,
5,,suggestion,sécu,nom.f.s.consonant.c14,3.77,3.51,0.4637,lexique,,
5,,surveillance,métallurgie,nom.f.s.consonant.c14,4.54,3.36,0.5067,lexique,,
5,,technologie,biodiversité,nom.f.s.consonant.c14,4.54,3.91,0.4742,lexique,,
5,,baffe,nana,nom.f.s.consonant.c15,3.04,4.06,0.3457,lexique,,
5,,bagarre,pute,nom.f.s.consonant.c15,3.89,4.38,0.2444,lexique,,
5,,blague,levrette,nom.f.s.consonant.c15,4.64,3.03,0.3516,lexique,,
5,,branlette,mémé,nom.f.s.consonant.c15,3.29,3.35,0.5837,lexique,,
5,,cata,partouze,nom.f.s.consonant.c15,3.02,3.01,0.2076,lexique,,
5,,copine,pipe,nom.f.s.consonant.c15,4.5,3.9,0.3893,lexique,,
5,,daube,bale,nom.f.s.consonant.c15,3.04,3.26,0.1577,lexique,,
5,,fessée,galère,nom.f.s.consonant.c15,3.21,3.97,0.2047,lexique,,
5,,frayeur,diane,nom.f.s.consonant.c15,3.24,3.95,0.014,lexique,,
5,,girl,rigolade,nom.f.s.consonant.c15,4.22,3.22,-0.0046,lexique,,
5,,luce,fusillade,nom.f.s.consonant.c15,3.26,3.85,0.0036,lexique,,
5,,mamie,bite,nom.f.s.consonant.c15,3.86,4.24,0.5507,lexique,,
5,,mlle,chatte,nom.f.s.consonant.c15,3.78,4.04,0.1468,lexique,,
5,,putain,pétasse,nom.f.s.consonant.c15,5.06,3.17,0.5188,lexique,,
5,,rixe,prostituée,nom.f.s.consonant.c15,3.07,3.73,0.0755,lexique,,
5,,sara,meuf,nom.f.s.consonant.c15,3.86,3.88,0.2878,lexique,,
5,,sodomie,tata,nom.f.s.consonant.c15,3.39,3.45,0.4307,lexique,,
5,,thune,salope,nom.f.s.consonant.c15,3.32,4.31,0.3664,lexique,,
5,,webcam,gueule,nom.f.s.consonant.c15,3.31,4.79,0.0967,lexique,,
5,,boulangerie,piscine,nom.f.s.consonant.c16,3.76,4.41,0.4142,lexique,,
5,,carrosserie,cheminée,nom.f.s.consonant.c16,3.53,3.85,0.459,lexique,,
5,,charpente,véranda,nom.f.s.consonant.c16,3.53,3.03,0.4643,lexique,,
5,,cuisine,poutre,nom.f.s.consonant.c16,4.75,3.49,0.4308,lexique,,
5,,distillerie,maçonnerie,nom.f.s.consonant.c16,3.0,3.72,0.4685,lexique,,
5,,gastronomie,seine,nom.f.s.consonant.c16,3.71,4.61,0.2019,lexique,,
5,,gouttière,pâtisserie,nom.f.s.consonant.c16,3.03,3.58,0.3829,lexique,,
5,,menuiserie,charcuterie,nom.f.s.consonant.c16,3.2,3.34,0.533,lexique,,
5,,plomberie,grange,nom.f.s.consonant.c16,3.22,3.76,0.225,lexique,,
5,,terrasse,quincaillerie,nom.f.s.consonant.c16,4.09,3.09,0.4489,lexique,,
5,,conjoncture,suffisance,nom.f.s.consonant.c17,3.58,3.1,0.5829,lexique,,
5,,contamination,faiblesse,nom.f.s.consonant.c17,3.65,4.21,0.6076,lexique,,
5,,contrée,dissimulation,nom.f.s.consonant.c17,3.34,3.18,0.5355,lexique,,
5,,décroissance,complication,nom.f.s.consonant.c17,3.31,3.18,0.5573,lexique,,
5,,défaillance,nécessité,nom.f.s.consonant.c17,3.59,4.5,0.5713,lexique,,
5,,dépréciation,rupture,nom.f.s.consonant.c17,3.15,4.42,0.5643,lexique,,
5,,désintégration,natalité,nom.f.s.consonant.c17,3.04,3.32,0.5922,lexique,,
5,,lacune,persistance,nom.f.s.consonant.c17,3.02,3.4,0.3108,lexique,,
5,,perdition,fréquentation,nom.f.s.consonant.c17,3.08,3.83,0.6301,lexique,,
5,,précipitation,mortalité,nom.f.s.consonant.c17,3.53,3.93,0.5869,lexique,,
5,,prédominance,fragilité,nom.f.s.consonant.c17,3.26,3.71,0.6289,lexique,,
5,,radioactivité,perte,nom.f.s.consonant.c17,3.31,4.77,0.5403,lexique,,
5,,survie,dépendance,nom.f.s.consonant.c17,4.24,4.1,0.47,lexique,,
5,,candidate,suite,nom.f.s.consonant.c19,3.95,5.52,0.265,lexique,,
5,,clandestinité,campagne,nom.f.s.consonant.c19,3.1,5.09,0.3956,lexique,,
5,,coalition,francfort,nom.f.s.consonant.c19,4.19,3.91,0.2146,lexique,,
5,,législature,tribune,nom.f.s.consonant.c19,3.46,4.24,0.3406,lexique,,
5,,victoire,sénatrice,nom.f.s.consonant.c19,5.02,3.34,0.2709,lexique,,
5,,contraction,malnutrition,nom.f.s.consonant.c2,3.62,3.08,0.6268,lexique,,
5,,fermentation,nutrition,nom.f.s.consonant.c2,3.49,3.72,0.6473,lexique,,
5,,fécondité,conjonction,nom.f.s.consonant.c2,3.36,3.31,0.6337,lexique,,
5,,litière,pagaille,nom.f.s.consonant.c2,3.28,3.16,0.4534,lexique,,
5,,nausée,désolation,nom.f.s.consonant.c2,3.32,3.17,0.4499,lexique,,
5,,nourriture,fellation,nom.f.s.consonant.c2,4.62,3.34,0.4714,lexique,,
5,,parfumerie,phobie,nom.f.s.consonant.c2,3.03,3.38,0.2472,lexique,,
5,,profusion,fourrière,nom.f.s.consonant.c2,3.12,3.11,0.5222,lexique,,
5,,répétition,démence,nom.f.s.consonant.c2,4.07,3.39,0.6448,lexique,,
5,,tendance,conjugaison,nom.f.s.consonant.c2,4.82,3.42,0.4083,lexique,,
5,,végétation,source,nom.f.s.consonant.c2,3.82,5.1,0.4495,lexique,,
5,,chronologie,référence,nom.f.s.consonant.c20,3.68,4.83,0.5696,lexique,,
5,,citation,réécriture,nom.f.s.consonant.c20,4.18,3.1,0.6188,lexique,,
5,,collection,virgule,nom.f.s.consonant.c20,4.74,3.43,0.2097,lexique,,
5,,correspondance,calligraphie,nom.f.s.consonant.c20,4.14,3.04,0.5779,lexique,,
5,,grammaire,clique,nom.f.s.consonant.c20,3.93,3.77,0.2985,lexique,,
5,,graphie,documentation,nom.f.s.consonant.c20,3.08,4.01,0.4414,lexique,,
5,,généalogie,cartographie,nom.f.s.consonant.c20,3.47,3.58,0.5602,lexique,,
5,,langue,compilation,nom.f.s.consonant.c20,5.12,3.69,0.4327,lexique,,
5,,lecture,nomenclature,nom.f.s.consonant.c20,4.74,3.42,0.3767,lexique,,
5,,littérature,description,nom.f.s.consonant.c20,4.59,4.64,0.4774,lexique,,
5,,mouture,pornographie,nom.f.s.consonant.c20,3.12,3.52,0.3067,lexique,,
5,,narration,préface,nom.f.s.consonant.c20,3.65,3.9,0.4271,lexique,,
5,,photographie,monographie,nom.f.s.consonant.c20,4.22,3.22,0.5908,lexique,,
5,,publication,biographie,nom.f.s.consonant.c20,4.65,3.87,0.5691,lexique,,
5,,rédaction,bibliographie,nom.f.s.consonant.c20,4.37,3.91,0.619,lexique,,
5,,réédition,méthode,nom.f.s.consonant.c20,3.33,4.72,0.3299,lexique,,
5,,syntaxe,genèse,nom.f.s.consonant.c20,3.5,3.73,0.2889,lexique,,
5,,série,rubrique,nom.f.s.consonant.c20,5.24,3.82,0.308,lexique,,
5,,topographie,traduction,nom.f.s.consonant.c20,3.32,4.59,0.6049,lexique,,
5,,version,fiction,nom.f.s.consonant.c20,5.0,4.29,0.4373,lexique,,
5,,certitude,cohésion,nom.f.s.consonant.c21,4.01,3.81,0.5044,lexique,,
5,,complaisance,réponse,nom.f.s.consonant.c21,3.49,5.08,0.4475,lexique,,
5,,confidence,gratitude,nom.f.s.consonant.c21,3.2,3.52,0.5793,lexique,,
5,,connivence,tranquillité,nom.f.s.consonant.c21,3.17,3.79,0.5733,lexique,,
5,,convivialité,confiance,nom.f.s.consonant.c21,3.18,5.15,0.5735,lexique,,
5,,courtoisie,sincérité,nom.f.s.consonant.c21,3.57,3.82,0.5039,lexique,,
5,,créativité,patience,nom.f.s.consonant.c21,3.85,4.26,0.5676,lexique,,
5,,curiosité,preuve,nom.f.s.consonant.c21,4.2,4.95,0.3538,lexique,,
5,,déception,sympathie,nom.f.s.consonant.c21,3.98,3.86,0.458,lexique,,
5,,générosité,pérennité,nom.f.s.consonant.c21,3.85,3.43,0.5091,lexique,,
5,,justesse,ténacité,nom.f.s.consonant.c21,3.82,3.24,0.5646,lexique,,
5,,lucidité,maturité,nom.f.s.consonant.c21,3.52,4.06,0.5229,lexique,,
5,,modestie,cohérence,nom.f.s.consonant.c21,3.38,3.99,0.5638,lexique,,
5,,motivation,politesse,nom.f.s.consonant.c21,4.22,3.68,0.5309,lexique,,
5,,nervosité,pertinence,nom.f.s.consonant.c21,3.07,3.85,0.5346,lexique,,
5,,nouveauté,défiance,nom.f.s.consonant.c21,4.04,3.58,0.4126,lexique,,
5,,plaisance,notoriété,nom.f.s.consonant.c21,3.53,3.92,0.3718,lexique,,
5,,probité,suspicion,nom.f.s.consonant.c21,3.23,3.41,0.4919,lexique,,
5,,promesse,sérénité,nom.f.s.consonant.c21,4.33,3.74,0.3873,lexique,,
5,,prudence,persévérance,nom.f.s.consonant.c21,4.04,3.5,0.6112,lexique,,
5,,rigueur,revanche,nom.f.s.consonant.c21,4.17,4.66,0.4331,lexique,,
5,,révérence,force,nom.f.s.consonant.c21,3.22,5.22,0.5001,lexique,,
5,,timidité,quant,nom.f.s.consonant.c21,3.33,5.01,0.33,lexique,,
5,,tâche,méfiance,nom.f.s.consonant.c21,4.46,3.7,0.2504,lexique,,
5,,vigilance,réussite,nom.f.s.consonant.c21,3.82,4.43,0.4343,lexique,,
5,,vitalité,véracité,nom.f.s.consonant.c21,3.55,3.3,0.4297,lexique,,
5,,volonté,difficulté,nom.f.s.consonant.c21,4.85,4.6,0.5828,lexique,,
5,,voyance,besogne,nom.f.s.consonant.c21,3.18,3.06,0.2096,lexique,,
5,,cagoule,paume,nom.f.s.consonant.c22,3.2,3.44,0.3224,lexique,,
5,,cape,maille,nom.f.s.consonant.c22,3.74,3.39,0.3821,lexique,,
5,,ceinture,jambe,nom.f.s.consonant.c22,4.27,4.19,0.48,lexique,,
5,,chemise,manchette,nom.f.s.consonant.c22,4.14,3.06,0.445,lexique,,
5,,cuisse,doudoune,nom.f.s.consonant.c22,3.8,3.03,0.4904,lexique,,
5,,fesse,banderole,nom.f.s.consonant.c22,3.27,3.3,0.2128,lexique,,
5,,ficelle,veste,nom.f.s.consonant.c22,3.3,4.22,0.4255,lexique,,
5,,jupe,frange,nom.f.s.consonant.c22,3.92,3.55,0.4586,lexique,,
5,,lèvre,culotte,nom.f.s.consonant.c22,3.59,3.77,0.4821,lexique,,
5,,nuque,casquette,nom.f.s.consonant.c22,3.68,3.75,0.431,lexique,,
5,,perche,cravate,nom.f.s.consonant.c22,3.59,3.71,0.3947,lexique,,
5,,poitrine,doublure,nom.f.s.consonant.c22,4.25,3.44,0.4242,lexique,,
5,,tempe,capuche,nom.f.s.consonant.c22,3.21,3.34,0.5249,lexique,,
5,,tong,patte,nom.f.s.consonant.c22,3.17,3.76,0.1681,lexique,,
5,,bavure,clé,nom.f.s.consonant.c23,3.14,4.62,0.2515,lexique,,
5,,boîte,photo,nom.f.s.consonant.c23,4.7,5.14,0.3626,lexique,,
5,,bâche,jaquette,nom.f.s.consonant.c23,3.07,3.01,0.3596,lexique,,
5,,caméra,maquette,nom.f.s.consonant.c23,4.42,3.5,0.3923,lexique,,
5,,capsule,feuille,nom.f.s.consonant.c23,3.71,4.41,0.3923,lexique,,
5,,case,sonnette,nom.f.s.consonant.c23,4.17,3.41,0.1002,lexique,,
5,,dalle,caissière,nom.f.s.consonant.c23,3.98,3.26,0.4099,lexique,,
5,,dynamo,grille,nom.f.s.consonant.c23,3.26,4.14,0.4327,lexique,,
5,,fenêtre,carte,nom.f.s.consonant.c23,4.52,5.06,0.3949,lexique,,
5,,machine,caisse,nom.f.s.consonant.c23,4.72,4.53,0.4383,lexique,,
5,,machinerie,réf,nom.f.s.consonant.c23,3.07,3.52,0.1345,lexique,,
5,,malle,bulle,nom.f.s.consonant.c23,3.38,4.11,0.3602,lexique,,
5,,mallette,soudure,nom.f.s.consonant.c23,3.11,3.27,0.2532,lexique,,
5,,pancarte,batterie,nom.f.s.consonant.c23,3.43,4.5,0.2973,lexique,,
5,,pochette,clef,nom.f.s.consonant.c23,3.67,4.06,0.2654,lexique,,
5,,sacoche,serrure,nom.f.s.consonant.c23,3.24,3.57,0.3702,lexique,,
5,,tablette,tôle,nom.f.s.consonant.c23,3.99,3.45,0.2765,lexique,,
5,,valise,cassette,nom.f.s.consonant.c23,3.99,3.53,0.4671,lexique,,
5,,banlieue,barrière,nom.f.s.consonant.c24,4.27,4.08,0.2328,lexique,,
5,,bruyère,berge,nom.f.s.consonant.c24,3.19,3.12,0.5403,lexique,,
5,,digue,rue,nom.f.s.consonant.c24,3.39,5.27,0.0501,lexique,,
5,,motte,superficie,nom.f.s.consonant.c24,3.42,3.96,0.2761,lexique,,
5,,proximité,colline,nom.f.s.consonant.c24,4.63,4.03,0.4003,lexique,,
5,,rive,vigne,nom.f.s.consonant.c24,4.25,3.82,0.2662,lexique,,
5,,rocade,brèche,nom.f.s.consonant.c24,3.04,3.63,0.2473,lexique,,
5,,route,pâture,nom.f.s.consonant.c24,5.17,3.05,0.4455,lexique,,
5,,ruelle,vallée,nom.f.s.consonant.c24,3.53,4.48,0.4345,lexique,,
5,,terre,promenade,nom.f.s.consonant.c24,5.33,4.06,0.2518,lexique,,
5,,voirie,pelouse,nom.f.s.consonant.c24,3.54,3.91,0.3808,lexique,,
5,,belgique,célébration,nom.f.s.consonant.c25,4.84,3.9,0.3765,lexique,,
5,,canada,colonie,nom.f.s.consonant.c25,5.14,4.14,0.2123,lexique,,
5,,citoyenne,commémoration,nom.f.s.consonant.c25,3.8,3.54,0.5228,lexique,,
5,,culture,télévision,nom.f.s.consonant.c25,5.17,4.66,0.4341,lexique,,
5,,fondation,région,nom.f.s.consonant.c25,4.5,5.26,0.4776,lexique,,
5,,guinée,subdivision,nom.f.s.consonant.c25,4.11,3.05,0.3136,lexique,,
5,,localité,nationalité,nom.f.s.consonant.c25,3.84,4.27,0.5844,lexique,,
5,,métropole,valentine,nom.f.s.consonant.c25,4.26,3.47,0.3554,lexique,,
5,,population,biennale,nom.f.s.consonant.c25,5.18,3.32,0.4391,lexique,,
5,,représentante,principauté,nom.f.s.consonant.c25,3.36,3.63,0.4786,lexique,,
5,,risée,provenance,nom.f.s.consonant.c25,3.07,4.13,0.2316,lexique,,
5,,société,congrégation,nom.f.s.consonant.c25,5.51,3.71,0.6049,lexique,,
5,,sénégalaise,secte,nom.f.s.consonant.c25,3.26,3.88,0.3419,lexique,,
5,,ballade,symphonie,nom.f.s.consonant.c26,3.56,3.49,0.2168,lexique,,
5,,chanteuse,valse,nom.f.s.consonant.c26,4.22,3.36,0.5359,lexique,,
5,,clarinette,voyelle,nom.f.s.consonant.c26,3.0,3.32,0.2411,lexique,,
5,,comédie,mélodie,nom.f.s.consonant.c26,4.39,3.72,0.4654,lexique,,
5,,cuvée,musique,nom.f.s.consonant.c26,3.26,5.26,0.186,lexique,,
5,,fanfare,satire,nom.f.s.consonant.c26,3.36,3.42,0.2915,lexique,,
5,,phrase,sono,nom.f.s.consonant.c26,4.65,3.07,0.1782,lexique,,
5,,scène,soul,nom.f.s.consonant.c26,5.12,3.75,0.2591,lexique,,
5,,scénographie,saga,nom.f.s.consonant.c26,3.13,4.02,0.2611,lexique,,
5,,sonate,danseuse,nom.f.s.consonant.c26,3.05,3.72,0.2211,lexique,,
5,,sonnerie,fugue,nom.f.s.consonant.c26,3.5,3.23,0.1329,lexique,,
5,,trilogie,salsa,nom.f.s.consonant.c26,3.7,3.24,0.1754,lexique,,
5,,clarté,lenteur,nom.f.s.consonant.c27,3.78,3.5,0.4197,lexique,,
5,,fermeté,simplicité,nom.f.s.consonant.c27,3.63,4.03,0.4867,lexique,,
5,,finition,légèreté,nom.f.s.consonant.c27,3.59,3.64,0.4961,lexique,,
5,,lourdeur,viabilité,nom.f.s.consonant.c27,3.25,3.19,0.3686,lexique,,
5,,nuance,réactivité,nom.f.s.consonant.c27,3.78,3.29,0.4809,lexique,,
5,,propreté,finesse,nom.f.s.consonant.c27,3.58,3.77,0.4272,lexique,,
5,,précision,capacité,nom.f.s.consonant.c27,4.39,4.79,0.5957,lexique,,
5,,pureté,polyvalence,nom.f.s.consonant.c27,3.68,3.04,0.4217,lexique,,
5,,sobriété,complexité,nom.f.s.consonant.c27,3.42,4.02,0.4879,lexique,,
5,,souplesse,garniture,nom.f.s.consonant.c27,3.67,3.14,0.6097,lexique,,
5,,stabilité,fluidité,nom.f.s.consonant.c27,4.2,3.38,0.6413,lexique,,
5,,subtilité,performance,nom.f.s.consonant.c27,3.4,4.51,0.5673,lexique,,
5,,symbiose,rigidité,nom.f.s.consonant.c27,3.06,3.36,0.4071,lexique,,
5,,virtuosité,commodité,nom.f.s.consonant.c27,3.1,3.11,0.4166,lexique,,
5,,bretelle,lueur,nom.f.s.consonant.c28,3.0,3.53,0.2286,lexique,,
5,,cachette,chenille,nom.f.s.consonant.c28,3.56,3.3,0.4971,lexique,,
5,,cendrillon,texture,nom.f.s.consonant.c28,3.37,3.6,0.4783,lexique,,
5,,charrette,pépite,nom.f.s.consonant.c28,3.17,3.24,0.3712,lexique,,
5,,chevelure,paille,nom.f.s.consonant.c28,3.51,4.06,0.5386,lexique,,
5,,coccinelle,bagatelle,nom.f.s.consonant.c28,3.01,3.05,0.426,lexique,,
5,,colo,gomme,nom.f.s.consonant.c28,3.24,3.57,0.3143,lexique,,
5,,guise,lavande,nom.f.s.consonant.c28,4.05,3.17,0.1976,lexique,,
5,,gélatine,couette,nom.f.s.consonant.c28,3.08,3.5,0.312,lexique,,
5,,moustache,couleur,nom.f.s.consonant.c28,3.71,4.91,0.3703,lexique,,
5,,poudre,fraîcheur,nom.f.s.consonant.c28,4.25,3.76,0.2962,lexique,,
5,,silhouette,veilleuse,nom.f.s.consonant.c28,3.73,3.04,0.479,lexique,,
5,,taupe,tunique,nom.f.s.consonant.c28,3.53,3.36,0.2272,lexique,,
5,,lumière,fonte,nom.f.s.consonant.c29,4.94,3.84,0.3337,lexique,,
5,,neige,craie,nom.f.s.consonant.c29,4.56,3.32,0.3707,lexique,,
5,,tuile,canicule,nom.f.s.consonant.c29,3.07,3.49,0.2035,lexique,,
5,,bourse,paperasse,nom.f.s.consonant.c3,4.43,3.26,0.3966,lexique,,
5,,dot,trésorerie,nom.f.s.consonant.c3,3.61,3.66,0.4527,lexique,,
5,,fortune,valeur,nom.f.s.consonant.c3,4.41,5.09,0.3514,lexique,,
5,,manne,marge,nom.f.s.consonant.c3,3.23,4.36,0.2845,lexique,,
5,,monnaie,rente,nom.f.s.consonant.c3,4.56,3.72,0.4222,lexique,,
5,,médaille,jenny,nom.f.s.consonant.c30,4.4,3.57,0.1347,lexique,,
5,,remplaçante,diva,nom.f.s.consonant.c30,3.05,3.36,0.0739,lexique,,
5,,superstar,serge,nom.f.s.consonant.c30,3.34,4.23,0.0375,lexique,,
5,,crise,faute,nom.f.s.consonant.c31,4.88,4.98,0.3216,lexique,,
5,,croisade,fuite,nom.f.s.consonant.c31,3.66,4.44,0.34,lexique,,
5,,grève,bataille,nom.f.s.consonant.c31,4.52,4.7,0.2973,lexique,,
5,,guérilla,noyade,nom.f.s.consonant.c31,3.42,3.32,0.2666,lexique,,
5,,rumeur,déroute,nom.f.s.consonant.c31,4.05,3.54,0.1853,lexique,,
5,,révolte,pénurie,nom.f.s.consonant.c31,4.14,3.79,0.329,lexique,,
5,,trahison,conquête,nom.f.s.consonant.c31,4.04,4.2,0.404,lexique,,
5,,victime,reconquête,nom.f.s.consonant.c31,4.81,3.34,0.2683,lexique,,
5,,ligne,clientèle,nom.f.s.consonant.c33,5.41,4.2,0.3761,lexique,,
5,,messagerie,boutique,nom.f.s.consonant.c33,3.64,4.36,0.3919,lexique,,
5,,téléphonie,bienvenue,nom.f.s.consonant.c33,3.66,4.51,0.2094,lexique,,
5,,barbarie,peine,nom.f.s.consonant.c34,3.66,5.23,0.3113,lexique,,
5,,bêtise,misère,nom.f.s.consonant.c34,3.85,4.24,0.5724,lexique,,
5,,chose,pitié,nom.f.s.consonant.c34,5.7,4.4,0.3342,lexique,,
5,,démagogie,lassitude,nom.f.s.consonant.c34,3.19,3.2,0.4845,lexique,,
5,,fierté,furie,nom.f.s.consonant.c34,4.21,3.2,0.3989,lexique,,
5,,jalousie,foule,nom.f.s.consonant.c34,3.97,4.49,0.2744,lexique,,
5,,liesse,cruauté,nom.f.s.consonant.c34,3.01,3.63,0.3731,lexique,,
5,,naïveté,détresse,nom.f.s.consonant.c34,3.58,3.95,0.3596,lexique,,
5,,paranoïa,vanité,nom.f.s.consonant.c34,3.33,3.3,0.4424,lexique,,
5,,proie,stupidité,nom.f.s.consonant.c34,3.99,3.33,0.2845,lexique,,
5,,rage,bourde,nom.f.s.consonant.c34,4.23,3.06,0.4728,lexique,,
5,,rancune,stupeur,nom.f.s.consonant.c34,3.33,3.15,0.3127,lexique,,
5,,soif,colère,nom.f.s.consonant.c34,4.05,4.65,0.3921,lexique,,
5,,vengeance,larme,nom.f.s.consonant.c34,4.16,3.58,0.3342,lexique,,
5,,vergogne,méchanceté,nom.f.s.consonant.c34,3.05,3.44,0.5432,lexique,,
5,,betterave,brochette,nom.f.s.consonant.c36,3.19,3.12,0.4868,lexique,,
5,,biche,levure,nom.f.s.consonant.c36,3.36,3.36,0.2756,lexique,,
5,,bûche,volaille,nom.f.s.consonant.c36,3.04,3.36,0.4433,lexique,,
5,,cacahuète,chèvre,nom.f.s.consonant.c36,3.15,3.88,0.5253,lexique,,
5,,charlotte,citrouille,nom.f.s.consonant.c36,4.14,3.1,0.5921,lexique,,
5,,cocotte,viande,nom.f.s.consonant.c36,3.31,4.51,0.4626,lexique,,
5,,cuillère,tisane,nom.f.s.consonant.c36,3.71,3.11,0.4439,lexique,,
5,,farine,pulpe,nom.f.s.consonant.c36,3.95,3.13,0.3944,lexique,,
5,,gourmandise,salade,nom.f.s.consonant.c36,3.15,4.05,0.5322,lexique,,
5,,liqueur,sauce,nom.f.s.consonant.c36,3.29,4.26,0.4891,lexique,,
5,,mangue,pâte,nom.f.s.consonant.c36,3.11,4.1,0.3429,lexique,,
5,,mascarade,dinde,nom.f.s.consonant.c36,3.3,3.46,0.3948,lexique,,
5,,mayo,truite,nom.f.s.consonant.c36,3.33,3.25,0.5211,lexique,,
5,,menthe,farce,nom.f.s.consonant.c36,3.6,3.66,0.3298,lexique,,
5,,mie,patate,nom.f.s.consonant.c36,3.43,3.65,0.5028,lexique,,
5,,miette,courge,nom.f.s.consonant.c36,3.01,3.02,0.5546,lexique,,
5,,morue,choucroute,nom.f.s.consonant.c36,3.25,3.05,0.501,lexique,,
5,,pommade,bière,nom.f.s.consonant.c36,3.05,4.46,0.4414,lexique,,
5,,raclette,pastèque,nom.f.s.consonant.c36,3.3,3.11,0.3709,lexique,,
5,,recette,boisson,nom.f.s.consonant.c36,4.35,4.04,0.5428,lexique,,
5,,rosée,tomate,nom.f.s.consonant.c36,3.26,3.75,0.5001,lexique,,
5,,saucisse,cuisson,nom.f.s.consonant.c36,3.5,3.86,0.4402,lexique,,
5,,saveur,galette,nom.f.s.consonant.c36,3.86,3.45,0.5027,lexique,,
5,,sole,pomme,nom.f.s.consonant.c36,3.2,4.22,0.3449,lexique,,
5,,soupe,brioche,nom.f.s.consonant.c36,4.18,3.27,0.6049,lexique,,
5,,truffe,quiche,nom.f.s.consonant.c36,3.14,3.07,0.5921,lexique,,
5,,vodka,tartine,nom.f.s.consonant.c36,3.64,3.17,0.2584,lexique,,
5,,cantine,cérémonie,nom.f.s.consonant.c37,3.73,4.46,0.2949,lexique,,
5,,foire,garderie,nom.f.s.consonant.c37,4.08,3.48,0.295,lexique,,
5,,toussaint,salle,nom.f.s.consonant.c37,3.63,5.08,0.1891,lexique,,
5,,visite,cafétéria,nom.f.s.consonant.c37,4.9,3.15,0.2771,lexique,,
5,,charnière,propulsion,nom.f.s.consonant.c38,3.42,3.42,0.5169,lexique,,
5,,collision,grosseur,nom.f.s.consonant.c38,3.71,3.05,0.3621,lexique,,
5,,coloration,gravité,nom.f.s.consonant.c38,3.57,4.15,0.4706,lexique,,
5,,comparaison,perfusion,nom.f.s.consonant.c38,4.43,3.18,0.6124,lexique,,
5,,compression,préférence,nom.f.s.consonant.c38,3.67,4.16,0.6451,lexique,,
5,,consistance,percussion,nom.f.s.consonant.c38,3.37,3.26,0.5119,lexique,,
5,,contenance,séquence,nom.f.s.consonant.c38,3.13,4.09,0.5347,lexique,,
5,,conversion,pointure,nom.f.s.consonant.c38,4.03,3.09,0.4008,lexique,,
5,,correction,masse,nom.f.s.consonant.c38,4.06,4.74,0.4552,lexique,,
5,,corrosion,constellation,nom.f.s.consonant.c38,3.2,3.34,0.4636,lexique,,
5,,densité,composition,nom.f.s.consonant.c38,4.11,4.5,0.5736,lexique,,
5,,dilatation,puissance,nom.f.s.consonant.c38,3.14,4.85,0.6148,lexique,,
5,,déconnexion,pression,nom.f.s.consonant.c38,3.02,4.85,0.4236,lexique,,
5,,déformation,latence,nom.f.s.consonant.c38,3.53,3.01,0.6477,lexique,,
5,,dérivation,latitude,nom.f.s.consonant.c38,3.12,3.65,0.5045,lexique,,
5,,détection,longueur,nom.f.s.consonant.c38,3.77,4.65,0.3818,lexique,,
5,,flexion,base,nom.f.s.consonant.c38,3.0,5.3,0.4641,lexique,,
5,,géométrie,fréquence,nom.f.s.consonant.c38,3.8,4.27,0.4922,lexique,,
5,,longitude,connexion,nom.f.s.consonant.c38,3.3,4.16,0.3485,lexique,,
5,,magnitude,combustion,nom.f.s.consonant.c38,3.34,3.72,0.2988,lexique,,
5,,matrice,suspension,nom.f.s.consonant.c38,3.74,4.17,0.3753,lexique,,
5,,modulation,forme,nom.f.s.consonant.c38,3.26,5.35,0.5783,lexique,,
5,,particule,corrélation,nom.f.s.consonant.c38,3.38,3.62,0.6397,lexique,,
5,,phase,fission,nom.f.s.consonant.c38,4.67,3.01,0.4181,lexique,,
5,,position,profondeur,nom.f.s.consonant.c38,5.07,4.43,0.5474,lexique,,
5,,prédiction,combinaison,nom.f.s.consonant.c38,3.39,4.19,0.6471,lexique,,
5,,quantité,désinfection,nom.f.s.consonant.c38,4.6,3.01,0.5967,lexique,,
5,,résistance,cible,nom.f.s.consonant.c38,4.64,4.51,0.4466,lexique,,
5,,résonance,conjecture,nom.f.s.consonant.c38,3.52,3.09,0.6079,lexique,,
5,,symétrie,partition,nom.f.s.consonant.c38,3.43,3.77,0.5173,lexique,,
5,,taille,filtration,nom.f.s.consonant.c38,4.9,3.17,0.4842,lexique,,
5,,tension,couverture,nom.f.s.consonant.c38,4.41,4.54,0.5002,lexique,,
5,,trajectoire,portion,nom.f.s.consonant.c38,3.87,3.97,0.5448,lexique,,
5,,variabilité,durée,nom.f.s.consonant.c38,3.19,4.91,0.4536,lexique,,
5,,variation,rescousse,nom.f.s.consonant.c38,3.91,3.18,0.2817,lexique,,
5,,ventilation,distance,nom.f.s.consonant.c38,3.59,4.74,0.5904,lexique,,
5,,vitesse,pénétration,nom.f.s.consonant.c38,4.86,3.74,0.49,lexique,,
5,,baie,bouée,nom.f.s.consonant.c39,4.25,3.2,0.4525,lexique,,
5,,baignade,côte,nom.f.s.consonant.c39,3.38,4.81,0.1729,lexique,,
5,,banquise,riviera,nom.f.s.consonant.c39,3.16,3.28,0.2972,lexique,,
5,,croisière,météo,nom.f.s.consonant.c39,3.88,4.34,0.2464,lexique,,
5,,navette,secousse,nom.f.s.consonant.c39,3.78,3.14,0.2982,lexique,,
5,,plage,rivière,nom.f.s.consonant.c39,4.63,4.59,0.4574,lexique,,
5,,proue,pêche,nom.f.s.consonant.c39,3.31,4.49,0.2544,lexique,,
5,,péninsule,lune,nom.f.s.consonant.c39,3.9,4.61,0.1507,lexique,,
5,,rade,météorite,nom.f.s.consonant.c39,3.39,3.19,0.3043,lexique,,
5,,ria,barque,nom.f.s.consonant.c39,3.02,3.51,0.4049,lexique,,
5,,tempête,lagune,nom.f.s.consonant.c39,4.29,3.03,0.3479,lexique,,
5,,villégiature,descente,nom.f.s.consonant.c39,3.09,4.2,0.2508,lexique,,
5,,surdité,peste,nom.f.s.consonant.c4,3.05,3.94,0.4561,lexique,,
5,,grimace,fée,nom.f.s.consonant.c41,3.28,3.75,0.3239,lexique,,
5,,jument,nounou,nom.f.s.consonant.c41,3.33,3.4,0.2792,lexique,,
5,,lionne,soeur,nom.f.s.consonant.c41,3.04,4.59,0.493,lexique,,
5,,mère,louve,nom.f.s.consonant.c41,5.45,3.1,0.2245,lexique,,
5,,nourrice,gazelle,nom.f.s.consonant.c41,3.23,3.16,0.553,lexique,,
5,,sorcière,dame,nom.f.s.consonant.c41,3.82,4.82,0.49,lexique,,
5,,cora,mosaïque,nom.f.s.consonant.c42,3.16,3.54,0.226,lexique,,
5,,figurine,coiffeuse,nom.f.s.consonant.c42,3.3,3.2,0.22,lexique,,
5,,marionnette,parure,nom.f.s.consonant.c42,3.41,3.29,0.1668,lexique,,
5,,miniature,coiffure,nom.f.s.consonant.c42,3.56,3.92,0.2204,lexique,,
5,,soie,poterie,nom.f.s.consonant.c42,3.99,3.29,0.3697,lexique,,
5,,tapisserie,laine,nom.f.s.consonant.c42,3.34,4.0,0.4556,lexique,,
5,,toile,gravure,nom.f.s.consonant.c42,4.38,3.72,0.4944,lexique,,
5,,vitrine,facette,nom.f.s.consonant.c42,3.78,3.13,0.2936,lexique,,
5,,fable,folie,nom.f.s.consonant.c45,3.47,4.39,0.3976,lexique,,
5,,fantaisie,tragédie,nom.f.s.consonant.c45,3.8,4.12,0.3059,lexique,,
5,,fresque,prose,nom.f.s.consonant.c45,3.5,3.65,0.4371,lexique,,
5,,frénésie,poésie,nom.f.s.consonant.c45,3.18,4.4,0.4421,lexique,,
5,,magie,pléiade,nom.f.s.consonant.c45,4.33,3.26,0.1669,lexique,,
5,,malice,légende,nom.f.s.consonant.c45,3.26,4.58,0.3116,lexique,,
5,,métaphore,délicatesse,nom.f.s.consonant.c45,3.73,3.51,0.438,lexique,,
5,,nostalgie,plume,nom.f.s.consonant.c45,3.86,4.13,0.3426,lexique,,
5,,parabole,féminité,nom.f.s.consonant.c45,3.22,3.3,0.4887,lexique,,
5,,sensualité,verve,nom.f.s.consonant.c45,3.25,3.24,0.4259,lexique,,
5,,splendeur,tournure,nom.f.s.consonant.c45,3.58,3.63,0.2412,lexique,,
5,,tendresse,bravoure,nom.f.s.consonant.c45,3.78,3.47,0.3154,lexique,,
5,,virginité,majesté,nom.f.s.consonant.c45,3.43,4.16,0.4764,lexique,,
5,,boue,flaque,nom.f.s.consonant.c46,3.9,3.1,0.41,lexique,,
5,,boulette,roche,nom.f.s.consonant.c46,3.16,4.19,0.5113,lexique,,
5,,calotte,cage,nom.f.s.consonant.c46,3.14,4.1,0.2801,lexique,,
5,,carapace,morsure,nom.f.s.consonant.c46,3.34,3.29,0.4675,lexique,,
5,,corne,perceuse,nom.f.s.consonant.c46,3.61,3.01,0.4071,lexique,,
5,,crasse,méduse,nom.f.s.consonant.c46,3.32,3.14,0.4008,lexique,,
5,,doudou,pelle,nom.f.s.consonant.c46,3.27,3.68,0.347,lexique,,
5,,girafe,fissure,nom.f.s.consonant.c46,3.14,3.31,0.1884,lexique,,
5,,glace,grisaille,nom.f.s.consonant.c46,4.63,3.0,0.5223,lexique,,
5,,goutte,glacière,nom.f.s.consonant.c46,4.03,3.02,0.3925,lexique,,
5,,guêpe,chair,nom.f.s.consonant.c46,3.04,4.23,0.4196,lexique,,
5,,licorne,couille,nom.f.s.consonant.c46,3.52,3.56,0.2024,lexique,,
5,,mascotte,sève,nom.f.s.consonant.c46,3.37,3.23,0.2924,lexique,,
5,,meule,bouche,nom.f.s.consonant.c46,3.04,4.79,0.4211,lexique,,
5,,mine,corneille,nom.f.s.consonant.c46,4.44,3.5,0.2635,lexique,,
5,,momie,verge,nom.f.s.consonant.c46,3.2,3.18,0.4176,lexique,,
5,,mule,moquette,nom.f.s.consonant.c46,3.17,3.27,0.3657,lexique,,
5,,panthère,mouche,nom.f.s.consonant.c46,3.33,3.9,0.4186,lexique,,
5,,paroi,boule,nom.f.s.consonant.c46,3.67,4.2,0.4319,lexique,,
5,,pioche,cloison,nom.f.s.consonant.c46,3.32,3.18,0.3742,lexique,,
5,,poisse,raie,nom.f.s.consonant.c46,3.18,3.47,0.4318,lexique,,
5,,poule,ferraille,nom.f.s.consonant.c46,4.21,3.14,0.2971,lexique,,
5,,queue,grenouille,nom.f.s.consonant.c46,4.43,3.66,0.4732,lexique,,
5,,saleté,piqûre,nom.f.s.consonant.c46,3.34,3.39,0.5166,lexique,,
5,,tache,croûte,nom.f.s.consonant.c46,3.88,3.65,0.398,lexique,,
5,,tronçonneuse,crotte,nom.f.s.consonant.c46,3.19,3.25,0.3996,lexique,,
5,,vermine,peluche,nom.f.s.consonant.c46,3.13,3.49,0.3007,lexique,,
5,,vipère,trouille,nom.f.s.consonant.c46,3.04,3.08,0.4031,lexique,,
5,,chimère,puberté,nom.f.s.consonant.c48,3.15,3.32,0.3999,lexique,,
5,,coexistence,modernité,nom.f.s.consonant.c48,3.09,3.78,0.531,lexique,,
5,,connaissance,résurrection,nom.f.s.consonant.c48,4.83,3.71,0.6207,lexique,,
5,,descendance,singularité,nom.f.s.consonant.c48,3.47,3.38,0.534,lexique,,
5,,dualité,malédiction,nom.f.s.consonant.c48,3.27,3.65,0.5138,lexique,,
5,,décadence,façon,nom.f.s.consonant.c48,3.41,5.39,0.3683,lexique,,
5,,naissance,sorcellerie,nom.f.s.consonant.c48,4.79,3.55,0.3537,lexique,,
5,,nature,racaille,nom.f.s.consonant.c48,5.06,3.37,0.4504,lexique,,
5,,passion,grandeur,nom.f.s.consonant.c48,4.57,4.1,0.521,lexique,,
5,,perspective,querelle,nom.f.s.consonant.c48,4.41,3.58,0.5028,lexique,,
5,,prédilection,psyché,nom.f.s.consonant.c48,3.62,3.22,0.3869,lexique,,
5,,préhistoire,notion,nom.f.s.consonant.c48,3.38,4.46,0.4959,lexique,,
5,,psychose,manière,nom.f.s.consonant.c48,3.35,5.28,0.4829,lexique,,
5,,quête,créature,nom.f.s.consonant.c48,4.26,3.97,0.3946,lexique,,
5,,ressemblance,conviction,nom.f.s.consonant.c48,3.72,4.06,0.6327,lexique,,
5,,richesse,relation,nom.f.s.consonant.c48,4.4,4.91,0.503,lexique,,
5,,rivalité,fatalité,nom.f.s.consonant.c48,3.69,3.41,0.551,lexique,,
5,,rédemption,connerie,nom.f.s.consonant.c48,3.41,4.14,0.4081,lexique,,
5,,réputation,mouvance,nom.f.s.consonant.c48,4.47,3.47,0.5061,lexique,,
5,,révolution,croyance,nom.f.s.consonant.c48,4.82,3.96,0.552,lexique,,
5,,saloperie,souffrance,nom.f.s.consonant.c48,3.4,4.29,0.5225,lexique,,
5,,sexualité,signification,nom.f.s.consonant.c48,3.98,4.1,0.6175,lexique,,
5,,similitude,quinte,nom.f.s.consonant.c48,3.14,3.08,0.6039,lexique,,
5,,sonorité,postérité,nom.f.s.consonant.c48,3.17,3.66,0.5192,lexique,,
5,,sorte,posture,nom.f.s.consonant.c48,5.04,3.85,0.4673,lexique,,
5,,sphère,captivité,nom.f.s.consonant.c48,3.99,3.61,0.3041,lexique,,
5,,séduction,progéniture,nom.f.s.consonant.c48,3.78,3.33,0.4615,lexique,,
5,,tonalité,jouissance,nom.f.s.consonant.c48,3.38,3.5,0.5917,lexique,,
5,,vie,coïncidence,nom.f.s.consonant.c48,5.89,3.81,0.4239,lexique,,
5,,vieillesse,stature,nom.f.s.consonant.c48,3.7,3.25,0.4917,lexique,,
5,,vision,clarisse,nom.f.s.consonant.c48,4.72,3.11,0.2374,lexique,,
5,,vérité,florence,nom.f.s.consonant.c48,5.02,4.11,0.4822,lexique,,
5,,caravane,savane,nom.f.s.consonant.c49,3.64,3.16,0.3866,lexique,,
5,,galaxie,lande,nom.f.s.consonant.c49,3.87,3.19,0.2757,lexique,,
5,,jeep,caverne,nom.f.s.consonant.c49,3.32,3.45,0.0251,lexique,,
5,,meute,planète,nom.f.s.consonant.c49,3.58,4.75,0.2757,lexique,,
5,,mongolie,cabane,nom.f.s.consonant.c49,3.24,3.8,0.1797,lexique,,
5,,chancelière,doctrine,nom.f.s.consonant.c5,3.02,4.03,0.4476,lexique,,
5,,dignité,diplomatie,nom.f.s.consonant.c5,4.17,3.89,0.3613,lexique,,
5,,défaveur,loyauté,nom.f.s.consonant.c5,3.01,3.74,0.3504,lexique,,
5,,ferté,minorité,nom.f.s.consonant.c5,3.04,4.08,0.4666,lexique,,
5,,liberté,dictature,nom.f.s.consonant.c5,5.05,4.01,0.5447,lexique,,
5,,monarchie,jeunesse,nom.f.s.consonant.c5,3.99,4.72,0.3145,lexique,,
5,,moralité,populace,nom.f.s.consonant.c5,3.61,3.05,0.4608,lexique,,
5,,noblesse,charia,nom.f.s.consonant.c5,4.14,3.44,0.2736,lexique,,
5,,paternité,junte,nom.f.s.consonant.c5,3.57,3.27,0.3878,lexique,,
5,,plèbe,religion,nom.f.s.consonant.c5,3.04,4.85,0.5224,lexique,,
5,,primauté,république,nom.f.s.consonant.c5,3.18,5.07,0.6143,lexique,,
5,,royauté,prospérité,nom.f.s.consonant.c5,3.4,3.82,0.509,lexique,,
5,,suprématie,fraternité,nom.f.s.consonant.c5,3.43,3.95,0.432,lexique,,
5,,supériorité,bureaucratie,nom.f.s.consonant.c5,3.83,3.38,0.5485,lexique,,
5,,collectivité,qualification,nom.f.s.consonant.c50,3.93,4.2,0.6449,lexique,,
5,,colocation,catégorie,nom.f.s.consonant.c50,3.1,4.73,0.3888,lexique,,
5,,compétition,spécialité,nom.f.s.consonant.c50,4.64,4.02,0.5734,lexique,,
5,,copropriété,destination,nom.f.s.consonant.c50,3.34,4.43,0.4328,lexique,,
5,,disposition,session,nom.f.s.consonant.c50,4.68,4.29,0.4813,lexique,,
5,,dégustation,scolarisation,nom.f.s.consonant.c50,3.59,3.23,0.469,lexique,,
5,,démarche,réanimation,nom.f.s.consonant.c50,4.45,3.29,0.5415,lexique,,
5,,déontologie,rémunération,nom.f.s.consonant.c50,3.51,4.12,0.5571,lexique,,
5,,fiscalité,médiation,nom.f.s.consonant.c50,4.04,3.8,0.6249,lexique,,
5,,félicitation,priorité,nom.f.s.consonant.c50,3.21,4.4,0.3759,lexique,,
5,,gouvernance,certification,nom.f.s.consonant.c50,3.95,3.65,0.6381,lexique,,
5,,location,cotisation,nom.f.s.consonant.c50,4.2,3.79,0.6056,lexique,,
5,,promotion,filière,nom.f.s.consonant.c50,4.54,4.09,0.6114,lexique,,
5,,prépa,désinformation,nom.f.s.consonant.c50,3.57,3.38,0.5242,lexique,,
5,,prévention,profession,nom.f.s.consonant.c50,4.28,4.31,0.6229,lexique,,
5,,prévoyance,présentation,nom.f.s.consonant.c50,3.49,4.6,0.6025,lexique,,
5,,retraite,subvention,nom.f.s.consonant.c50,4.8,3.87,0.4823,lexique,,
5,,réadaptation,classe,nom.f.s.consonant.c50,3.18,5.14,0.3561,lexique,,
5,,rétribution,sélection,nom.f.s.consonant.c50,3.0,4.7,0.5666,lexique,,
5,,section,santé,nom.f.s.consonant.c50,4.73,5.22,0.3362,lexique,,
5,,supervision,place,nom.f.s.consonant.c50,3.6,5.66,0.3982,lexique,,
5,,cicatrice,déchirure,nom.f.s.consonant.c51,3.42,3.26,0.3965,lexique,,
5,,grossesse,blessure,nom.f.s.consonant.c51,4.1,4.29,0.3871,lexique,,
5,,prothèse,douleur,nom.f.s.consonant.c51,3.31,4.61,0.3534,lexique,,
5,,clinique,discipline,nom.f.s.consonant.c52,4.32,4.35,0.5053,lexique,,
5,,gymnastique,philosophie,nom.f.s.consonant.c52,3.57,4.55,0.4941,lexique,,
5,,morphologie,maternité,nom.f.s.consonant.c52,3.48,3.79,0.3575,lexique,,
5,,pathologie,philologie,nom.f.s.consonant.c52,3.63,3.1,0.5371,lexique,,
5,,physionomie,faculté,nom.f.s.consonant.c52,3.12,4.33,0.3393,lexique,,
5,,psychothérapie,thèse,nom.f.s.consonant.c52,3.17,4.41,0.3348,lexique,,
5,,pédagogie,radiographie,nom.f.s.consonant.c52,3.82,3.01,0.3965,lexique,,
5,,robotique,médecine,nom.f.s.consonant.c52,3.45,4.62,0.4577,lexique,,
5,,schizophrénie,philo,nom.f.s.consonant.c52,3.35,3.66,0.4538,lexique,,
5,,science,chimiothérapie,nom.f.s.consonant.c52,4.84,3.16,0.4408,lexique,,
5,,sociologie,chaire,nom.f.s.consonant.c52,4.0,3.81,0.4795,lexique,,
5,,sophie,géologie,nom.f.s.consonant.c52,4.29,3.52,0.5606,lexique,,
5,,sorbonne,psychologie,nom.f.s.consonant.c52,3.77,4.15,0.4111,lexique,,
5,,théologie,thérapie,nom.f.s.consonant.c52,3.94,3.9,0.3632,lexique,,
5,,théorie,chimie,nom.f.s.consonant.c52,4.75,4.25,0.4368,lexique,,
5,,brutalité,propagande,nom.f.s.consonant.c53,3.5,4.21,0.5959,lexique,,
5,,censure,discrimination,nom.f.s.consonant.c53,4.14,4.05,0.5438,lexique,,
5,,collusion,controverse,nom.f.s.consonant.c53,3.28,3.84,0.6278,lexique,,
5,,condamnation,mainmise,nom.f.s.consonant.c53,4.16,3.1,0.5612,lexique,,
5,,confusion,punition,nom.f.s.consonant.c53,4.17,3.86,0.6167,lexique,,
5,,cupidité,comparution,nom.f.s.consonant.c53,3.15,3.23,0.5697,lexique,,
5,,discorde,pauvreté,nom.f.s.consonant.c53,3.28,4.34,0.4657,lexique,,
5,,délinquance,dérision,nom.f.s.consonant.c53,3.77,3.43,0.5897,lexique,,
5,,face,pénitence,nom.f.s.consonant.c53,5.42,3.22,0.2519,lexique,,
5,,nullité,plaidoirie,nom.f.s.consonant.c53,3.4,3.03,0.3487,lexique,,
5,,police,mutilation,nom.f.s.consonant.c53,5.24,3.11,0.357,lexique,,
5,,polygamie,consternation,nom.f.s.consonant.c53,3.18,3.0,0.6209,lexique,,
5,,précarité,médiocrité,nom.f.s.consonant.c53,3.71,3.45,0.572,lexique,,
5,,préméditation,cause,nom.f.s.consonant.c53,3.05,5.4,0.5097,lexique,,
5,,raison,neutralité,nom.f.s.consonant.c53,5.5,3.91,0.5328,lexique,,
5,,sentence,contrefaçon,nom.f.s.consonant.c53,3.75,3.48,0.533,lexique,,
5,,servitude,provocation,nom.f.s.consonant.c53,3.31,3.77,0.578,lexique,,
5,,tentative,manif,nom.f.s.consonant.c53,4.48,3.93,0.3722,lexique,,
5,,xénophobie,présomption,nom.f.s.consonant.c53,3.14,3.65,0.4892,lexique,,
5,,fratrie,madeleine,nom.f.s.consonant.c54,3.12,4.02,0.3981,lexique,,
5,,lady,marraine,nom.f.s.consonant.c54,4.11,3.5,0.2006,lexique,,
5,,marguerite,compagne,nom.f.s.consonant.c54,3.99,3.97,0.34,lexique,,
5,,nièce,marquise,nom.f.s.consonant.c54,3.83,3.46,0.3754,lexique,,
5,,parenté,mademoiselle,nom.f.s.consonant.c54,3.53,4.08,0.2817,lexique,,
5,,patronne,noce,nom.f.s.consonant.c54,3.63,3.15,0.2286,lexique,,
5,,tante,piazza,nom.f.s.consonant.c54,4.15,3.04,0.1117,lexique,,
5,,remorque,cocaïne,nom.f.s.consonant.c55,3.47,3.78,0.0839,lexique,,
5,,bague,tige,nom.f.s.consonant.c57,3.99,3.76,0.5324,lexique,,
5,,baguette,crémaillère,nom.f.s.consonant.c57,3.81,3.07,0.3986,lexique,,
5,,berline,largeur,nom.f.s.consonant.c57,3.47,4.15,0.3128,lexique,,
5,,boussole,fente,nom.f.s.consonant.c57,3.35,3.27,0.446,lexique,,
5,,bride,flèche,nom.f.s.consonant.c57,3.41,3.99,0.4629,lexique,,
5,,broche,stéréo,nom.f.s.consonant.c57,3.33,3.36,0.2279,lexique,,
5,,came,poignée,nom.f.s.consonant.c57,3.41,4.13,0.4795,lexique,,
5,,capote,manille,nom.f.s.consonant.c57,3.52,3.18,0.3337,lexique,,
5,,chandelle,paire,nom.f.s.consonant.c57,3.42,4.33,0.5083,lexique,,
5,,chaussette,manivelle,nom.f.s.consonant.c57,3.28,3.0,0.3991,lexique,,
5,,coque,poussette,nom.f.s.consonant.c57,3.97,3.32,0.4667,lexique,,
5,,courroie,fourchette,nom.f.s.consonant.c57,3.06,3.74,0.4006,lexique,,
5,,douille,canne,nom.f.s.consonant.c57,3.3,3.8,0.4643,lexique,,
5,,grappe,coulisse,nom.f.s.consonant.c57,3.2,3.21,0.3925,lexique,,
5,,gâchette,trottinette,nom.f.s.consonant.c57,3.01,3.21,0.5556,lexique,,
5,,lame,béquille,nom.f.s.consonant.c57,4.02,3.02,0.3787,lexique,,
5,,lampe,bande,nom.f.s.consonant.c57,4.04,4.96,0.28,lexique,,
5,,matte,lentille,nom.f.s.consonant.c57,3.17,3.39,0.2385,lexique,,
5,,planche,pédale,nom.f.s.consonant.c57,4.13,3.56,0.3915,lexique,,
5,,portière,cote,nom.f.s.consonant.c57,3.32,4.24,0.1452,lexique,,
5,,raquette,courbure,nom.f.s.consonant.c57,3.32,3.16,0.439,lexique,,
5,,roulette,roue,nom.f.s.consonant.c57,3.33,4.21,0.4664,lexique,,
5,,spirale,lunette,nom.f.s.consonant.c57,3.7,3.55,0.3792,lexique,,
5,,tondeuse,monture,nom.f.s.consonant.c57,3.28,3.43,0.475,lexique,,
5,,trappe,pellicule,nom.f.s.consonant.c57,3.52,3.42,0.3872,lexique,,
5,,raffinerie,chaîne,nom.f.s.consonant.c6,3.23,4.82,0.3458,lexique,,
5,,capitulation,cassation,nom.f.s.consonant.c7,3.35,3.93,0.6449,lexique,,
5,,caution,faction,nom.f.s.consonant.c7,3.99,3.54,0.6168,lexique,,
5,,clôture,soumission,nom.f.s.consonant.c7,4.11,3.93,0.3738,lexique,,
5,,conclusion,conformité,nom.f.s.consonant.c7,4.42,3.82,0.551,lexique,,
5,,consigne,négociation,nom.f.s.consonant.c7,3.63,4.11,0.5444,lexique,,
5,,consonne,révision,nom.f.s.consonant.c7,3.04,4.13,0.5977,lexique,,
5,,constitution,régence,nom.f.s.consonant.c7,4.66,3.39,0.5693,lexique,,
5,,contravention,reddition,nom.f.s.consonant.c7,3.35,3.35,0.6075,lexique,,
5,,convention,précaution,nom.f.s.consonant.c7,4.54,3.88,0.632,lexique,,
5,,dissertation,vigueur,nom.f.s.consonant.c7,3.36,4.49,0.3569,lexique,,
5,,formalité,possession,nom.f.s.consonant.c7,3.36,4.34,0.6022,lexique,,
5,,modération,réception,nom.f.s.consonant.c7,3.93,4.35,0.5986,lexique,,
5,,motion,discussion,nom.f.s.consonant.c7,3.98,4.62,0.5965,lexique,,
5,,normalité,liquidation,nom.f.s.consonant.c7,3.18,3.71,0.6307,lexique,,
5,,poursuite,réconciliation,nom.f.s.consonant.c7,4.33,3.76,0.613,lexique,,
5,,prononciation,succession,nom.f.s.consonant.c7,3.67,4.27,0.6195,lexique,,
5,,propriété,pénalité,nom.f.s.consonant.c7,4.74,3.6,0.4122,lexique,,
5,,péréquation,procédure,nom.f.s.consonant.c7,3.11,4.63,0.61,lexique,,
5,,pétition,vaccination,nom.f.s.consonant.c7,4.11,3.71,0.6106,lexique,,
5,,ratification,tutelle,nom.f.s.consonant.c7,3.35,3.88,0.5676,lexique,,
5,,revendication,délivrance,nom.f.s.consonant.c7,3.7,3.68,0.6246,lexique,,
5,,réforme,prolongation,nom.f.s.consonant.c7,4.69,3.8,0.5847,lexique,,
5,,rémission,décision,nom.f.s.consonant.c7,3.12,4.97,0.6082,lexique,,
5,,scission,falsification,nom.f.s.consonant.c7,3.4,3.03,0.6164,lexique,,
5,,séparation,permission,nom.f.s.consonant.c7,4.32,4.04,0.5936,lexique,,
5,,séquestration,notification,nom.f.s.consonant.c7,3.02,3.62,0.6179,lexique,,
5,,sûreté,désignation,nom.f.s.consonant.c7,4.16,3.87,0.4245,lexique,,
5,,totalité,reconnaissance,nom.f.s.consonant.c7,4.4,4.56,0.5978,lexique,,
5,,vertu,mention,nom.f.s.consonant.c7,4.3,4.47,0.4531,lexique,,
5,,allégeance,extase,nom.f.s.elides.c0,3.51,3.31,0.3156,lexique,,
5,,altesse,estrade,nom.f.s.elides.c0,3.5,3.16,0.2477,lexique,,
5,,apothéose,orthodoxie,nom.f.s.elides.c0,3.09,3.18,0.2164,lexique,,
5,,immortalité,église,nom.f.s.elides.c0,3.35,4.98,0.2534,lexique,,
5,,éternité,abbaye,nom.f.s.elides.c0,3.92,4.12,0.2243,lexique,,
5,,abstention,intendance,nom.f.s.elides.c1,3.71,3.09,0.6472,lexique,,
5,,affirmation,excision,nom.f.s.elides.c1,3.99,3.05,0.6406,lexique,,
5,,aliénation,incapacité,nom.f.s.elides.c1,3.31,3.95,0.6117,lexique,,
5,,allocution,aubaine,nom.f.s.elides.c1,3.35,3.27,0.4125,lexique,,
5,,amende,outrance,nom.f.s.elides.c1,4.34,3.38,0.2781,lexique,,
5,,attente,exaspération,nom.f.s.elides.c1,4.52,3.02,0.5049,lexique,,
5,,audience,émanation,nom.f.s.elides.c1,4.33,3.0,0.4896,lexique,,
5,,entente,autorité,nom.f.s.elides.c1,4.09,4.74,0.5062,lexique,,
5,,exagération,unanimité,nom.f.s.elides.c1,3.31,3.96,0.3948,lexique,,
5,,extradition,importance,nom.f.s.elides.c1,3.36,4.85,0.6427,lexique,,
5,,impossibilité,ingérence,nom.f.s.elides.c1,3.79,3.46,0.6359,lexique,,
5,,incompétence,invalidité,nom.f.s.elides.c1,3.58,3.34,0.5066,lexique,,
5,,indemnité,immunité,nom.f.s.elides.c1,3.85,3.88,0.4256,lexique,,
5,,initiative,acceptation,nom.f.s.elides.c1,4.57,3.88,0.576,lexique,,
5,,omission,ambition,nom.f.s.elides.c1,3.2,4.23,0.4959,lexique,,
5,,opportunité,exclusion,nom.f.s.elides.c1,4.25,4.04,0.4515,lexique,,
5,,éminence,urgence,nom.f.s.elides.c1,3.02,4.67,0.573,lexique,,
5,,abstinence,efficacité,nom.f.s.elides.c10,3.17,4.47,0.5547,lexique,,
5,,agilité,obéissance,nom.f.s.elides.c10,3.22,3.43,0.5979,lexique,,
5,,aisance,émotion,nom.f.s.elides.c10,3.49,4.32,0.6157,lexique,,
5,,aptitude,affinité,nom.f.s.elides.c10,3.64,3.4,0.5206,lexique,,
5,,ardeur,élasticité,nom.f.s.elides.c10,3.41,3.17,0.2589,lexique,,
5,,authenticité,admiration,nom.f.s.elides.c10,3.73,3.82,0.5809,lexique,,
5,,empathie,intimité,nom.f.s.elides.c10,3.58,3.94,0.5426,lexique,,
5,,empreinte,impatience,nom.f.s.elides.c10,4.06,3.99,0.2749,lexique,,
5,,ergonomie,acuité,nom.f.s.elides.c10,3.13,3.09,0.2193,lexique,,
5,,espérance,excellence,nom.f.s.elides.c10,4.1,4.25,0.4866,lexique,,
5,,exactitude,universalité,nom.f.s.elides.c10,3.45,3.19,0.5404,lexique,,
5,,indulgence,élégance,nom.f.s.elides.c10,3.19,3.86,0.5308,lexique,,
5,,infinité,endurance,nom.f.s.elides.c10,3.15,3.62,0.1705,lexique,,
5,,insouciance,audace,nom.f.s.elides.c10,3.14,3.78,0.3905,lexique,,
5,,intuition,adhérence,nom.f.s.elides.c10,3.77,3.26,0.5447,lexique,,
5,,intégrité,amabilité,nom.f.s.elides.c10,4.01,3.01,0.6143,lexique,,
5,,unicité,assiduité,nom.f.s.elides.c10,3.09,3.04,0.5533,lexique,,
5,,aine,algue,nom.f.s.elides.c11,3.03,3.0,0.21,lexique,,
5,,araignée,allure,nom.f.s.elides.c11,3.74,4.06,0.3604,lexique,,
5,,argile,amertume,nom.f.s.elides.c11,3.71,3.54,0.2908,lexique,,
5,,avoine,ale,nom.f.s.elides.c11,3.38,3.14,0.3145,lexique,,
5,,envie,acidité,nom.f.s.elides.c11,5.19,3.33,0.2343,lexique,,
5,,odeur,écharpe,nom.f.s.elides.c11,4.4,3.61,0.296,lexique,,
5,,oie,urine,nom.f.s.elides.c11,3.5,3.66,0.1867,lexique,,
5,,épice,encre,nom.f.s.elides.c11,3.05,3.97,0.214,lexique,,
5,,étoffe,écume,nom.f.s.elides.c11,3.38,3.14,0.2814,lexique,,
5,,alarme,acre,nom.f.s.elides.c12,4.08,3.07,-0.0063,lexique,,
5,,armoire,antenne,nom.f.s.elides.c12,3.69,4.12,0.2897,lexique,,
5,,autoroute,inertie,nom.f.s.elides.c12,4.34,3.55,0.206,lexique,,
5,,ellipse,altitude,nom.f.s.elides.c12,3.04,4.18,0.2607,lexique,,
5,,embouchure,ampoule,nom.f.s.elides.c12,3.51,3.61,0.1767,lexique,,
5,,onde,artère,nom.f.s.elides.c12,4.04,3.68,0.2853,lexique,,
5,,orbite,épingle,nom.f.s.elides.c12,3.9,3.53,0.0717,lexique,,
5,,update,armature,nom.f.s.elides.c12,3.37,3.09,0.0575,lexique,,
5,,épaisseur,arcade,nom.f.s.elides.c12,4.03,3.59,0.2446,lexique,,
5,,épaule,étanchéité,nom.f.s.elides.c12,4.22,3.16,0.1931,lexique,,
5,,étiquette,aile,nom.f.s.elides.c12,4.05,4.2,0.28,lexique,,
5,,absurdité,attitude,nom.f.s.elides.c13,3.43,4.5,0.3516,lexique,,
5,,ambiguïté,obscurité,nom.f.s.elides.c13,3.66,3.85,0.4786,lexique,,
5,,asse,insécurité,nom.f.s.elides.c13,3.15,3.82,0.3833,lexique,,
5,,attirance,affaire,nom.f.s.elides.c13,3.47,5.19,0.4121,lexique,,
5,,austérité,ironie,nom.f.s.elides.c13,3.88,3.96,0.3746,lexique,,
5,,avidité,insolence,nom.f.s.elides.c13,3.04,3.23,0.6448,lexique,,
5,,escroquerie,obsession,nom.f.s.elides.c13,3.67,3.82,0.4091,lexique,,
5,,ignorance,idée,nom.f.s.elides.c13,4.05,5.38,0.4151,lexique,,
5,,imposture,inquiétude,nom.f.s.elides.c13,3.29,4.08,0.6339,lexique,,
5,,incertitude,ivresse,nom.f.s.elides.c13,3.85,3.56,0.3197,lexique,,
5,,injustice,incompréhension,nom.f.s.elides.c13,3.93,3.57,0.6488,lexique,,
5,,intransigeance,erreur,nom.f.s.elides.c13,3.01,4.91,0.3725,lexique,,
5,,inégalité,ampleur,nom.f.s.elides.c13,3.69,4.2,0.4544,lexique,,
5,,ire,indifférence,nom.f.s.elides.c13,3.21,3.81,0.4594,lexique,,
5,,opinion,innocence,nom.f.s.elides.c13,4.75,3.97,0.4741,lexique,,
5,,oppression,allusion,nom.f.s.elides.c13,3.67,3.94,0.5335,lexique,,
5,,adoption,électricité,nom.f.s.elides.c14,4.29,4.57,0.4165,lexique,,
5,,amélioration,immatriculation,nom.f.s.elides.c14,4.41,3.64,0.5979,lexique,,
5,,appellation,inactivité,nom.f.s.elides.c14,3.87,3.16,0.605,lexique,,
5,,association,isolation,nom.f.s.elides.c14,5.06,3.6,0.5283,lexique,,
5,,autonomie,inscription,nom.f.s.elides.c14,4.34,4.43,0.4258,lexique,,
5,,autorisation,automatisation,nom.f.s.elides.c14,4.47,3.48,0.6415,lexique,,
5,,entremise,option,nom.f.s.elides.c14,3.38,4.54,0.5684,lexique,,
5,,exception,industrialisation,nom.f.s.elides.c14,4.6,3.47,0.6376,lexique,,
5,,exclusivité,incinération,nom.f.s.elides.c14,3.78,3.05,0.4348,lexique,,
5,,exportation,ouverture,nom.f.s.elides.c14,3.88,4.9,0.6225,lexique,,
5,,extension,assurance,nom.f.s.elides.c14,4.39,4.74,0.474,lexique,,
5,,inclusion,économie,nom.f.s.elides.c14,3.47,5.05,0.5369,lexique,,
5,,infrastructure,abréviation,nom.f.s.elides.c14,3.97,3.16,0.5706,lexique,,
5,,instauration,ordure,nom.f.s.elides.c14,3.63,3.45,0.3143,lexique,,
5,,obtention,alimentation,nom.f.s.elides.c14,3.92,4.42,0.624,lexique,,
5,,opération,assistance,nom.f.s.elides.c14,4.87,4.35,0.6465,lexique,,
5,,orientation,équivalence,nom.f.s.elides.c14,4.35,3.46,0.6499,lexique,,
5,,ovation,estimation,nom.f.s.elides.c14,3.14,4.03,0.6497,lexique,,
5,,étable,accréditation,nom.f.s.elides.c14,3.12,3.07,0.6301,lexique,,
5,,abondance,érection,nom.f.s.elides.c16,3.78,3.65,0.5285,lexique,,
5,,apparition,érosion,nom.f.s.elides.c16,4.42,3.64,0.6032,lexique,,
5,,assimilation,anomalie,nom.f.s.elides.c16,3.65,3.66,0.3759,lexique,,
5,,enzyme,ingestion,nom.f.s.elides.c16,3.1,3.18,0.3707,lexique,,
5,,explosion,exhibition,nom.f.s.elides.c16,4.33,3.27,0.4407,lexique,,
5,,inaction,épilation,nom.f.s.elides.c16,3.41,3.13,0.5705,lexique,,
5,,incision,accélération,nom.f.s.elides.c16,3.05,3.83,0.5433,lexique,,
5,,induction,espèce,nom.f.s.elides.c16,3.34,4.91,0.3509,lexique,,
5,,infusion,absence,nom.f.s.elides.c16,3.14,4.83,0.5399,lexique,,
5,,injection,affluence,nom.f.s.elides.c16,3.94,3.54,0.3891,lexique,,
5,,insuffisance,aspiration,nom.f.s.elides.c16,3.75,3.55,0.6488,lexique,,
5,,intensité,intrusion,nom.f.s.elides.c16,4.16,3.56,0.4735,lexique,,
5,,obsolescence,addiction,nom.f.s.elides.c16,3.01,3.52,0.5677,lexique,,
5,,usure,obstruction,nom.f.s.elides.c16,3.69,3.36,0.4432,lexique,,
5,,énergie,incidence,nom.f.s.elides.c16,4.99,3.75,0.4168,lexique,,
5,,infirmerie,écurie,nom.f.s.elides.c17,3.53,3.72,0.2051,lexique,,
5,,infirmière,épicerie,nom.f.s.elides.c17,4.04,3.83,0.2899,lexique,,
5,,ingénierie,officine,nom.f.s.elides.c17,3.92,3.11,0.3071,lexique,,
5,,usine,académie,nom.f.s.elides.c17,4.6,4.58,0.2692,lexique,,
5,,acné,amnésie,nom.f.s.elides.c18,3.22,3.13,0.3543,lexique,,
5,,anesthésie,anorexie,nom.f.s.elides.c18,3.51,3.05,0.3657,lexique,,
5,,anémie,aise,nom.f.s.elides.c18,3.12,4.44,0.1272,lexique,,
5,,entorse,adrénaline,nom.f.s.elides.c18,3.29,3.46,0.2538,lexique,,
5,,overdose,euphorie,nom.f.s.elides.c18,3.43,3.28,0.365,lexique,,
5,,anarchie,envergure,nom.f.s.elides.c19,3.52,3.88,0.2611,lexique,,
5,,ancienneté,aristocratie,nom.f.s.elides.c19,3.66,3.46,0.4037,lexique,,
5,,apologie,autodéfense,nom.f.s.elides.c19,3.65,3.09,0.4205,lexique,,
5,,appartenance,influence,nom.f.s.elides.c19,3.96,4.74,0.5862,lexique,,
5,,infériorité,ethnie,nom.f.s.elides.c19,3.43,3.46,0.4221,lexique,,
5,,obédience,idéologie,nom.f.s.elides.c19,3.0,4.06,0.5896,lexique,,
5,,union,ivoirienne,nom.f.s.elides.c19,4.99,3.31,0.3322,lexique,,
5,,unité,égide,nom.f.s.elides.c19,4.77,3.57,0.211,lexique,,
5,,élite,identité,nom.f.s.elides.c19,4.24,4.76,0.3522,lexique,,
5,,éloquence,escrime,nom.f.s.elides.c19,3.18,3.5,0.2749,lexique,,
5,,époque,indépendance,nom.f.s.elides.c19,5.23,4.68,0.4358,lexique,,
5,,arène,île,nom.f.s.elides.c2,3.71,4.88,0.2388,lexique,,
5,,autruche,aurore,nom.f.s.elides.c2,3.22,3.68,0.2146,lexique,,
5,,avalanche,apocalypse,nom.f.s.elides.c2,3.52,3.79,0.2361,lexique,,
5,,effigie,ancre,nom.f.s.elides.c2,3.47,3.56,0.1894,lexique,,
5,,orée,icône,nom.f.s.elides.c2,3.07,3.76,0.1708,lexique,,
5,,épave,odyssée,nom.f.s.elides.c2,3.59,3.44,0.1872,lexique,,
5,,étoile,ère,nom.f.s.elides.c2,4.38,4.31,0.1649,lexique,,
5,,abdication,expédition,nom.f.s.elides.c3,3.12,4.24,0.5707,lexique,,
5,,ambulance,émigration,nom.f.s.elides.c3,3.66,3.46,0.3787,lexique,,
5,,arrestation,épidémie,nom.f.s.elides.c3,4.18,3.97,0.4381,lexique,,
5,,ascension,embarcation,nom.f.s.elides.c3,3.95,3.23,0.4648,lexique,,
5,,immigration,inauguration,nom.f.s.elides.c3,4.38,3.91,0.5364,lexique,,
5,,occupation,élection,nom.f.s.elides.c3,4.29,4.81,0.6181,lexique,,
5,,alchimie,ode,nom.f.s.elides.c4,3.36,3.34,0.2194,lexique,,
5,,astrologie,encyclopédie,nom.f.s.elides.c4,3.36,3.66,0.4216,lexique,,
5,,orthographe,astronomie,nom.f.s.elides.c4,3.99,3.59,0.3519,lexique,,
5,,amitié,étape,nom.f.s.elides.c5,4.55,4.71,0.1271,lexique,,
5,,antichambre,escale,nom.f.s.elides.c5,3.02,3.68,0.2087,lexique,,
5,,épreuve,apnée,nom.f.s.elides.c5,4.59,3.1,0.2299,lexique,,
5,,abstraction,alternance,nom.f.s.elides.c6,3.63,4.04,0.601,lexique,,
5,,actualité,occurrence,nom.f.s.elides.c6,4.51,3.94,0.4757,lexique,,
5,,algèbre,échographie,nom.f.s.elides.c6,3.26,3.25,0.5128,lexique,,
5,,altercation,expérience,nom.f.s.elides.c6,3.24,5.06,0.6424,lexique,,
5,,analogie,évocation,nom.f.s.elides.c6,3.68,3.5,0.6467,lexique,,
5,,architecture,interférence,nom.f.s.elides.c6,4.43,3.16,0.5764,lexique,,
5,,emphase,attraction,nom.f.s.elides.c6,3.12,3.92,0.3325,lexique,,
5,,existence,image,nom.f.s.elides.c6,4.73,5.1,0.4016,lexique,,
5,,exposition,échelle,nom.f.s.elides.c6,4.74,4.64,0.5377,lexique,,
5,,illumination,adaptation,nom.f.s.elides.c6,3.18,4.37,0.6452,lexique,,
5,,imagerie,éclosion,nom.f.s.elides.c6,3.63,3.32,0.4439,lexique,,
5,,imagination,animation,nom.f.s.elides.c6,4.19,4.36,0.6135,lexique,,
5,,immersion,observation,nom.f.s.elides.c6,3.7,4.26,0.5645,lexique,,
5,,impulsion,évolution,nom.f.s.elides.c6,3.95,4.85,0.5889,lexique,,
5,,interrogation,impression,nom.f.s.elides.c6,3.65,5.06,0.6007,lexique,,
5,,écologie,imitation,nom.f.s.elides.c6,4.16,3.66,0.533,lexique,,
5,,évidence,essence,nom.f.s.elides.c6,4.44,4.5,0.5315,lexique,,
5,,area,idole,nom.f.s.elides.c8,3.2,3.71,0.0282,lexique,,
5,,ébène,amante,nom.f.s.elides.c8,3.03,3.11,0.0341,lexique,,
5,,barrages,minerais,nom.m.p.consonant.c0,3.82,3.21,0.2653,lexique,,
5,,bombardiers,pistons,nom.m.p.consonant.c0,3.14,3.08,0.4005,lexique,,
5,,cambriolages,cylindres,nom.m.p.consonant.c0,3.2,3.74,0.1298,lexique,,
5,,chargeurs,radars,nom.m.p.consonant.c0,3.21,3.7,0.3639,lexique,,
5,,combustibles,prototypes,nom.m.p.consonant.c0,3.33,3.3,0.3973,lexique,,
5,,conteneurs,pépins,nom.m.p.consonant.c0,3.42,3.08,0.4902,lexique,,
5,,drones,générateurs,nom.m.p.consonant.c0,3.72,3.34,0.524,lexique,,
5,,débouchés,satellites,nom.m.p.consonant.c0,3.41,3.92,0.5856,lexique,,
5,,forages,lancers,nom.m.p.consonant.c0,3.07,3.15,0.141,lexique,,
5,,renforts,fusils,nom.m.p.consonant.c0,3.77,3.75,0.3427,lexique,,
5,,réservoirs,missiles,nom.m.p.consonant.c0,3.55,3.95,0.5183,lexique,,
5,,tirs,métaux,nom.m.p.consonant.c0,4.13,3.95,0.1218,lexique,,
5,,vaisseaux,projectiles,nom.m.p.consonant.c0,4.03,3.42,0.4632,lexique,,
5,,véhicules,noyaux,nom.m.p.consonant.c0,4.54,3.38,0.3356,lexique,,
5,,barons,chasseurs,nom.m.p.consonant.c1,3.44,4.14,0.5593,lexique,,
5,,cheminots,chevaliers,nom.m.p.consonant.c1,3.55,3.95,0.5275,lexique,,
5,,colons,tirailleurs,nom.m.p.consonant.c1,3.85,3.15,0.5685,lexique,,
5,,compagnons,rangs,nom.m.p.consonant.c1,4.02,4.16,0.4511,lexique,,
5,,devants,capucins,nom.m.p.consonant.c1,3.22,3.06,0.4342,lexique,,
5,,défenseurs,dominicains,nom.m.p.consonant.c1,4.01,3.13,0.4835,lexique,,
5,,fronts,ricains,nom.m.p.consonant.c1,3.47,3.44,0.4144,lexique,,
5,,gangsters,camps,nom.m.p.consonant.c1,3.1,4.27,0.4794,lexique,,
5,,lieutenants,templiers,nom.m.p.consonant.c1,3.26,3.25,0.6184,lexique,,
5,,partisans,justiciers,nom.m.p.consonant.c1,4.29,3.01,0.5401,lexique,,
5,,paysans,miliciens,nom.m.p.consonant.c1,4.06,3.28,0.5938,lexique,,
5,,pillages,jésuites,nom.m.p.consonant.c1,3.23,3.64,0.2841,lexique,,
5,,pionniers,gendarmes,nom.m.p.consonant.c1,3.55,3.98,0.3053,lexique,,
5,,policiers,seigneurs,nom.m.p.consonant.c1,4.63,4.0,0.4559,lexique,,
5,,pompiers,négociants,nom.m.p.consonant.c1,4.18,3.15,0.3185,lexique,,
5,,rangers,talibans,nom.m.p.consonant.c1,3.79,3.37,0.3734,lexique,,
5,,survivants,carmes,nom.m.p.consonant.c1,3.9,3.03,0.4206,lexique,,
5,,tireurs,clans,nom.m.p.consonant.c1,3.45,3.65,0.4875,lexique,,
5,,trafiquants,meneurs,nom.m.p.consonant.c1,3.42,3.18,0.5913,lexique,,
5,,tueurs,légionnaires,nom.m.p.consonant.c1,3.75,3.02,0.5768,lexique,,
5,,vassaux,soldats,nom.m.p.consonant.c1,3.24,4.74,0.5169,lexique,,
5,,ballets,supers,nom.m.p.consonant.c10,3.17,3.32,0.1082,lexique,,
5,,boys,violons,nom.m.p.consonant.c10,3.98,3.33,0.0668,lexique,,
5,,brooks,podiums,nom.m.p.consonant.c10,3.38,3.2,0.0631,lexique,,
5,,clowns,culs,nom.m.p.consonant.c10,3.5,3.63,0.1084,lexique,,
5,,coachs,bouquins,nom.m.p.consonant.c10,3.24,3.49,0.0988,lexique,,
5,,masters,surnoms,nom.m.p.consonant.c10,3.75,3.2,-0.0048,lexique,,
5,,sets,gangs,nom.m.p.consonant.c10,3.48,3.47,0.0563,lexique,,
5,,slogans,rounds,nom.m.p.consonant.c10,3.45,3.0,-0.0049,lexique,,
5,,tanks,cuivres,nom.m.p.consonant.c10,3.31,3.1,0.0913,lexique,,
5,,tops,clins,nom.m.p.consonant.c10,3.19,3.04,0.0761,lexique,,
5,,waters,boulots,nom.m.p.consonant.c10,3.06,3.44,-0.0012,lexique,,
5,,canots,trottoirs,nom.m.p.consonant.c11,3.07,3.54,0.4937,lexique,,
5,,ferries,ponts,nom.m.p.consonant.c11,3.0,4.21,0.2996,lexique,,
5,,passagers,parkings,nom.m.p.consonant.c11,4.25,3.42,0.451,lexique,,
5,,tonneaux,bagages,nom.m.p.consonant.c11,3.32,3.91,0.5032,lexique,,
5,,vélos,tunnels,nom.m.p.consonant.c11,3.88,3.63,0.3546,lexique,,
5,,wagons,vols,nom.m.p.consonant.c11,3.68,4.22,0.3391,lexique,,
5,,blocs,circuits,nom.m.p.consonant.c12,4.0,4.01,0.5206,lexique,,
5,,cycles,rouages,nom.m.p.consonant.c12,3.81,3.29,0.4828,lexique,,
5,,diagrammes,compartiments,nom.m.p.consonant.c12,3.07,3.33,0.4913,lexique,,
5,,freins,calculs,nom.m.p.consonant.c12,3.73,4.05,0.3383,lexique,,
5,,jets,skins,nom.m.p.consonant.c12,3.67,3.03,0.4165,lexique,,
5,,kits,processeurs,nom.m.p.consonant.c12,3.24,3.2,0.3593,lexique,,
5,,neutrons,marqueurs,nom.m.p.consonant.c12,3.05,3.41,0.4473,lexique,,
5,,pièges,packs,nom.m.p.consonant.c12,3.65,3.27,0.2649,lexique,,
5,,robots,sons,nom.m.p.consonant.c12,4.02,4.25,0.3549,lexique,,
5,,sauts,systèmes,nom.m.p.consonant.c12,3.44,4.65,0.2108,lexique,,
5,,serveurs,niveaux,nom.m.p.consonant.c12,4.02,4.48,0.544,lexique,,
5,,sorts,chocs,nom.m.p.consonant.c12,3.31,3.72,0.3475,lexique,,
5,,standards,faisceaux,nom.m.p.consonant.c12,3.87,3.25,0.3804,lexique,,
5,,tests,lasers,nom.m.p.consonant.c12,4.43,3.18,0.2659,lexique,,
5,,tirages,signaux,nom.m.p.consonant.c12,3.31,3.95,0.4283,lexique,,
5,,types,bonds,nom.m.p.consonant.c12,4.7,3.1,0.2639,lexique,,
5,,téléviseurs,leviers,nom.m.p.consonant.c12,3.05,3.41,0.3455,lexique,,
5,,virages,parleurs,nom.m.p.consonant.c12,3.35,3.25,0.391,lexique,,
5,,volumes,ressorts,nom.m.p.consonant.c12,4.25,3.43,0.4225,lexique,,
5,,dialectes,bataillons,nom.m.p.consonant.c13,3.29,3.58,0.2169,lexique,,
5,,lords,monastères,nom.m.p.consonant.c13,3.19,3.42,0.0202,lexique,,
5,,chanoines,torts,nom.m.p.consonant.c14,3.34,3.34,0.4934,lexique,,
5,,cieux,paroissiens,nom.m.p.consonant.c14,3.75,3.19,0.4591,lexique,,
5,,clercs,maris,nom.m.p.consonant.c14,3.19,3.61,0.2647,lexique,,
5,,curés,tourments,nom.m.p.consonant.c14,3.25,3.18,0.5503,lexique,,
5,,desseins,latinos,nom.m.p.consonant.c14,3.05,3.01,0.1503,lexique,,
5,,désastres,monarques,nom.m.p.consonant.c14,3.09,3.02,0.5918,lexique,,
5,,génies,pères,nom.m.p.consonant.c14,3.57,4.11,0.5491,lexique,,
5,,malentendus,prédécesseurs,nom.m.p.consonant.c14,3.01,3.65,0.5808,lexique,,
5,,mathématiciens,martyrs,nom.m.p.consonant.c14,3.1,3.68,0.3792,lexique,,
5,,meurtres,tyrans,nom.m.p.consonant.c14,3.97,3.06,0.4594,lexique,,
5,,miracles,frères,nom.m.p.consonant.c14,3.84,4.82,0.3362,lexique,,
5,,poètes,sacrifices,nom.m.p.consonant.c14,3.86,3.8,0.3217,lexique,,
5,,prétendants,dieux,nom.m.p.consonant.c14,3.33,4.32,0.4394,lexique,,
5,,prétextes,prêtres,nom.m.p.consonant.c14,3.19,4.07,0.3097,lexique,,
5,,pèlerinages,malheurs,nom.m.p.consonant.c14,3.01,3.52,0.2281,lexique,,
5,,pèlerins,bourbons,nom.m.p.consonant.c14,3.59,3.01,0.3764,lexique,,
5,,péchés,théoriciens,nom.m.p.consonant.c14,3.84,3.09,0.3973,lexique,,
5,,rabbins,penseurs,nom.m.p.consonant.c14,3.01,3.45,0.1299,lexique,,
5,,rites,peuples,nom.m.p.consonant.c14,3.6,4.4,0.5283,lexique,,
5,,sermons,massacres,nom.m.p.consonant.c14,3.13,3.76,0.3308,lexique,,
5,,successeurs,mystères,nom.m.p.consonant.c14,3.47,3.8,0.4374,lexique,,
5,,témoins,fils,nom.m.p.consonant.c14,4.43,5.4,0.2477,lexique,,
5,,devoirs,médocs,nom.m.p.consonant.c15,4.3,3.21,0.4153,lexique,,
5,,massages,diagnostics,nom.m.p.consonant.c15,3.21,3.19,0.3235,lexique,,
5,,préservatifs,remèdes,nom.m.p.consonant.c15,3.29,3.45,0.3622,lexique,,
5,,soins,vices,nom.m.p.consonant.c15,4.67,3.46,0.3511,lexique,,
5,,vaccins,besoins,nom.m.p.consonant.c15,3.71,4.69,0.3383,lexique,,
5,,citoyens,délits,nom.m.p.consonant.c16,4.74,3.78,0.3788,lexique,,
5,,comités,juges,nom.m.p.consonant.c16,3.86,4.45,0.4331,lexique,,
5,,consuls,négociateurs,nom.m.p.consonant.c16,3.16,3.06,0.3338,lexique,,
5,,dirigeants,méfaits,nom.m.p.consonant.c16,4.5,3.4,0.4537,lexique,,
5,,gouvernements,pharmaciens,nom.m.p.consonant.c16,4.35,3.45,0.559,lexique,,
5,,gouverneurs,chirurgiens,nom.m.p.consonant.c16,3.62,3.49,0.559,lexique,,
5,,magistrats,concitoyens,nom.m.p.consonant.c16,3.9,3.75,0.5813,lexique,,
5,,mandats,prélats,nom.m.p.consonant.c16,3.98,3.23,0.4228,lexique,,
5,,membres,notaires,nom.m.p.consonant.c16,5.23,3.66,0.5148,lexique,,
5,,ministres,conseillers,nom.m.p.consonant.c16,4.53,4.3,0.6468,lexique,,
5,,médecins,jurés,nom.m.p.consonant.c16,4.59,3.69,0.5512,lexique,,
5,,papes,statuts,nom.m.p.consonant.c16,3.39,3.97,0.4366,lexique,,
5,,pourparlers,reporters,nom.m.p.consonant.c16,3.43,3.25,0.4998,lexique,,
5,,présidents,viols,nom.m.p.consonant.c16,4.14,3.7,0.0956,lexique,,
5,,syndicats,crimes,nom.m.p.consonant.c16,4.32,4.43,0.332,lexique,,
5,,sévices,décrets,nom.m.p.consonant.c16,3.03,3.6,0.3828,lexique,,
5,,chênes,cailloux,nom.m.p.consonant.c17,3.39,3.66,0.4436,lexique,,
5,,ciels,pins,nom.m.p.consonant.c17,3.02,3.72,0.4556,lexique,,
5,,fûts,prés,nom.m.p.consonant.c17,3.26,3.86,0.265,lexique,,
5,,soleils,feux,nom.m.p.consonant.c17,3.11,4.31,0.3286,lexique,,
5,,bobos,bandits,nom.m.p.consonant.c18,3.47,3.48,0.4845,lexique,,
5,,copains,passants,nom.m.p.consonant.c18,4.17,3.62,0.4596,lexique,,
5,,garçons,ravisseurs,nom.m.p.consonant.c18,4.48,3.09,0.4066,lexique,,
5,,jumeaux,mecs,nom.m.p.consonant.c18,3.86,4.71,0.3167,lexique,,
5,,magiciens,bourreaux,nom.m.p.consonant.c18,3.17,3.29,0.6304,lexique,,
5,,mendiants,cousins,nom.m.p.consonant.c18,3.15,3.88,0.335,lexique,,
5,,motards,titans,nom.m.p.consonant.c18,3.49,3.32,0.4047,lexique,,
5,,parents,dealers,nom.m.p.consonant.c18,5.21,3.38,0.4589,lexique,,
5,,potes,voyous,nom.m.p.consonant.c18,4.35,3.53,0.4032,lexique,,
5,,vampires,scrupules,nom.m.p.consonant.c18,3.68,3.31,0.6462,lexique,,
5,,zombies,malfaiteurs,nom.m.p.consonant.c18,3.62,3.27,0.5036,lexique,,
5,,créneaux,renvois,nom.m.p.consonant.c19,3.24,3.0,0.0337,lexique,,
5,,livrets,lobbies,nom.m.p.consonant.c19,3.3,3.12,0.0003,lexique,,
5,,visas,receveurs,nom.m.p.consonant.c19,3.31,3.04,0.0733,lexique,,
5,,championnats,concerts,nom.m.p.consonant.c2,4.05,4.26,0.4278,lexique,,
5,,combats,chanteurs,nom.m.p.consonant.c2,4.42,3.83,0.3735,lexique,,
5,,coéquipiers,césars,nom.m.p.consonant.c2,3.66,3.19,0.2675,lexique,,
5,,côtés,départs,nom.m.p.consonant.c2,4.75,3.82,0.2057,lexique,,
5,,lauréats,tournois,nom.m.p.consonant.c2,3.59,3.94,0.3513,lexique,,
5,,mariages,trophées,nom.m.p.consonant.c2,4.04,3.72,0.3156,lexique,,
5,,quarts,théâtres,nom.m.p.consonant.c2,4.11,3.64,0.3013,lexique,,
5,,raids,gradins,nom.m.p.consonant.c2,3.58,3.38,0.1178,lexique,,
5,,rappeurs,records,nom.m.p.consonant.c2,3.34,4.0,0.3192,lexique,,
5,,sculpteurs,matches,nom.m.p.consonant.c2,3.22,4.1,0.1876,lexique,,
5,,stades,tournages,nom.m.p.consonant.c2,3.85,3.12,0.2142,lexique,,
5,,blocages,conflits,nom.m.p.consonant.c20,3.3,4.33,0.6387,lexique,,
5,,changements,respects,nom.m.p.consonant.c20,4.56,3.02,0.446,lexique,,
5,,climats,facteurs,nom.m.p.consonant.c20,3.29,4.42,0.3489,lexique,,
5,,croissants,clivages,nom.m.p.consonant.c20,3.43,3.15,0.5144,lexique,,
5,,dangers,régimes,nom.m.p.consonant.c20,3.96,4.08,0.4938,lexique,,
5,,divertissements,périls,nom.m.p.consonant.c20,3.19,3.2,0.4312,lexique,,
5,,dépassements,spectres,nom.m.p.consonant.c20,3.05,3.07,0.4197,lexique,,
5,,désagréments,déboires,nom.m.p.consonant.c20,3.07,3.32,0.3859,lexique,,
5,,désordres,questionnements,nom.m.p.consonant.c20,3.15,3.05,0.5233,lexique,,
5,,détournements,contrastes,nom.m.p.consonant.c20,3.14,3.21,0.5804,lexique,,
5,,développements,roubles,nom.m.p.consonant.c20,3.77,3.24,0.5476,lexique,,
5,,fondements,réflexes,nom.m.p.consonant.c20,3.71,3.55,0.5464,lexique,,
5,,licenciements,termes,nom.m.p.consonant.c20,3.37,4.77,0.4464,lexique,,
5,,ligaments,phénomènes,nom.m.p.consonant.c20,3.23,4.1,0.5692,lexique,,
5,,manquements,constats,nom.m.p.consonant.c20,3.15,3.2,0.4996,lexique,,
5,,paradoxes,bastions,nom.m.p.consonant.c20,3.09,3.17,0.1659,lexique,,
5,,pouvoirs,rebondissements,nom.m.p.consonant.c20,4.63,3.32,0.4678,lexique,,
5,,problèmes,lancements,nom.m.p.consonant.c20,5.09,3.03,0.3594,lexique,,
5,,qualificatifs,traumatismes,nom.m.p.consonant.c20,3.02,3.26,0.273,lexique,,
5,,questionnaires,complots,nom.m.p.consonant.c20,3.08,3.26,0.4368,lexique,,
5,,rapports,tremblements,nom.m.p.consonant.c20,4.59,3.39,0.3822,lexique,,
5,,scandales,battements,nom.m.p.consonant.c20,3.66,3.3,0.4472,lexique,,
5,,cônes,métros,nom.m.p.consonant.c21,3.13,3.08,0.0876,lexique,,
5,,donjons,condos,nom.m.p.consonant.c21,3.03,3.09,0.1619,lexique,,
5,,greniers,boulevards,nom.m.p.consonant.c21,3.08,3.28,0.2,lexique,,
5,,pignons,tramways,nom.m.p.consonant.c21,3.09,3.26,0.1671,lexique,,
5,,refuges,mortiers,nom.m.p.consonant.c21,3.3,3.13,0.1921,lexique,,
5,,bâtiments,régionaux,nom.m.p.consonant.c22,4.46,4.05,0.4405,lexique,,
5,,cabinets,péages,nom.m.p.consonant.c22,3.71,3.26,0.2893,lexique,,
5,,classements,territoires,nom.m.p.consonant.c22,3.46,4.42,0.5882,lexique,,
5,,colloques,parcs,nom.m.p.consonant.c22,3.25,4.13,0.3559,lexique,,
5,,continents,quartiers,nom.m.p.consonant.c22,3.7,4.53,0.5383,lexique,,
5,,déplacements,secteurs,nom.m.p.consonant.c22,4.12,4.37,0.6244,lexique,,
5,,faubourgs,métiers,nom.m.p.consonant.c22,3.16,4.36,0.5162,lexique,,
5,,foyers,domaines,nom.m.p.consonant.c22,4.01,4.54,0.4376,lexique,,
5,,groupes,silos,nom.m.p.consonant.c22,4.96,3.03,0.4401,lexique,,
5,,labos,chantiers,nom.m.p.consonant.c22,3.12,4.02,0.5935,lexique,,
5,,musées,gilles,nom.m.p.consonant.c22,4.13,4.31,0.3867,lexique,,
5,,portiques,collèges,nom.m.p.consonant.c22,3.21,3.89,0.3614,lexique,,
5,,projets,ménages,nom.m.p.consonant.c22,4.92,4.11,0.4291,lexique,,
5,,pôles,lieux,nom.m.p.consonant.c22,3.77,4.92,0.4528,lexique,,
5,,réseaux,logements,nom.m.p.consonant.c22,4.82,4.41,0.5384,lexique,,
5,,terrains,services,nom.m.p.consonant.c22,4.34,5.23,0.4554,lexique,,
5,,transports,conservatoires,nom.m.p.consonant.c22,4.69,3.04,0.4243,lexique,,
5,,travaux,rassemblements,nom.m.p.consonant.c22,5.12,3.46,0.5211,lexique,,
5,,vestiaires,patrimoines,nom.m.p.consonant.c22,3.53,3.18,0.1713,lexique,,
5,,cinémas,voyages,nom.m.p.consonant.c23,3.47,4.37,0.336,lexique,,
5,,séjours,cafés,nom.m.p.consonant.c23,3.64,3.8,0.3381,lexique,,
5,,cernes,nitrates,nom.m.p.consonant.c25,3.05,3.02,0.2815,lexique,,
5,,cerveaux,symptômes,nom.m.p.consonant.c25,3.61,4.25,0.4951,lexique,,
5,,chromosomes,ravages,nom.m.p.consonant.c25,3.14,3.59,0.342,lexique,,
5,,muscles,pesticides,nom.m.p.consonant.c25,4.04,3.75,0.2088,lexique,,
5,,poumons,germes,nom.m.p.consonant.c25,3.82,3.23,0.433,lexique,,
5,,vertiges,globules,nom.m.p.consonant.c25,3.21,3.25,0.3465,lexique,,
5,,bijoux,dessins,nom.m.p.consonant.c26,4.26,4.38,0.4556,lexique,,
5,,bracelets,squelettes,nom.m.p.consonant.c26,3.6,3.27,0.3306,lexique,,
5,,casques,papiers,nom.m.p.consonant.c26,3.68,4.37,0.4222,lexique,,
5,,chapeaux,diamants,nom.m.p.consonant.c26,3.66,3.75,0.5115,lexique,,
5,,contours,cils,nom.m.p.consonant.c26,3.74,3.51,0.3788,lexique,,
5,,couplets,nichons,nom.m.p.consonant.c26,3.06,3.11,0.3203,lexique,,
5,,drapeaux,pinceaux,nom.m.p.consonant.c26,3.93,3.18,0.398,lexique,,
5,,manteaux,styles,nom.m.p.consonant.c26,3.45,3.97,0.5055,lexique,,
5,,masques,sourcils,nom.m.p.consonant.c26,3.87,3.75,0.3825,lexique,,
5,,motifs,jouets,nom.m.p.consonant.c26,4.27,3.97,0.3287,lexique,,
5,,pigments,seins,nom.m.p.consonant.c26,3.15,4.27,0.3516,lexique,,
5,,portraits,carats,nom.m.p.consonant.c26,4.02,3.15,0.3948,lexique,,
5,,reflets,morceaux,nom.m.p.consonant.c26,3.5,4.41,0.4367,lexique,,
5,,tatouages,cheveux,nom.m.p.consonant.c26,3.55,4.85,0.5358,lexique,,
5,,tropiques,visages,nom.m.p.consonant.c26,3.2,4.06,0.4936,lexique,,
5,,tétons,cristaux,nom.m.p.consonant.c26,3.26,3.76,0.3118,lexique,,
5,,jeux,duos,nom.m.p.consonant.c27,5.18,3.16,0.3663,lexique,,
5,,mangas,journaux,nom.m.p.consonant.c27,3.49,4.53,0.3198,lexique,,
5,,manuscrits,clips,nom.m.p.consonant.c27,3.85,3.76,0.1478,lexique,,
5,,posters,poèmes,nom.m.p.consonant.c27,3.16,3.99,0.3006,lexique,,
5,,tomes,sketchs,nom.m.p.consonant.c27,3.69,3.07,0.4389,lexique,,
5,,cauchemars,moments,nom.m.p.consonant.c28,3.61,4.65,0.2413,lexique,,
5,,coups,diables,nom.m.p.consonant.c28,4.83,3.5,0.3631,lexique,,
5,,drames,baisers,nom.m.p.consonant.c28,3.53,3.56,0.183,lexique,,
5,,désirs,soucis,nom.m.p.consonant.c28,3.91,4.47,0.3467,lexique,,
5,,fantasmes,démêlés,nom.m.p.consonant.c28,3.68,3.03,0.3252,lexique,,
5,,maux,cris,nom.m.p.consonant.c28,4.03,4.19,0.3855,lexique,,
5,,mensonges,soupirs,nom.m.p.consonant.c28,4.11,3.17,0.1276,lexique,,
5,,plaisirs,sanglots,nom.m.p.consonant.c28,3.85,3.21,0.3066,lexique,,
5,,pleurs,gags,nom.m.p.consonant.c28,3.79,3.09,0.3643,lexique,,
5,,silences,yeux,nom.m.p.consonant.c28,3.19,5.31,0.3313,lexique,,
5,,soupçons,sifflets,nom.m.p.consonant.c28,3.78,3.09,0.3541,lexique,,
5,,boxeurs,projecteurs,nom.m.p.consonant.c29,3.03,3.47,0.5254,lexique,,
5,,chauffeurs,praticiens,nom.m.p.consonant.c29,3.73,3.42,0.5876,lexique,,
5,,chômeurs,ressortissants,nom.m.p.consonant.c29,4.02,3.65,0.5646,lexique,,
5,,clients,détracteurs,nom.m.p.consonant.c29,4.83,3.52,0.5073,lexique,,
5,,commentateurs,lycéens,nom.m.p.consonant.c29,3.69,3.84,0.3744,lexique,,
5,,compteurs,docteurs,nom.m.p.consonant.c29,3.49,3.75,0.4985,lexique,,
5,,compétiteurs,managers,nom.m.p.consonant.c29,3.11,3.54,0.529,lexique,,
5,,couples,bacheliers,nom.m.p.consonant.c29,4.31,3.12,0.4579,lexique,,
5,,coureurs,surveillants,nom.m.p.consonant.c29,3.92,3.23,0.5151,lexique,,
5,,demandeurs,compositeurs,nom.m.p.consonant.c29,3.84,3.51,0.4921,lexique,,
5,,distributeurs,mécaniciens,nom.m.p.consonant.c29,3.72,3.11,0.6109,lexique,,
5,,décideurs,spectateurs,nom.m.p.consonant.c29,3.54,4.15,0.5966,lexique,,
5,,fabricants,traducteurs,nom.m.p.consonant.c29,3.9,3.33,0.4706,lexique,,
5,,fournisseurs,rédacteurs,nom.m.p.consonant.c29,4.02,3.43,0.582,lexique,,
5,,fumeurs,chroniqueurs,nom.m.p.consonant.c29,3.67,3.54,0.5676,lexique,,
5,,leaders,tuteurs,nom.m.p.consonant.c29,3.95,3.11,0.4135,lexique,,
5,,lecteurs,promoteurs,nom.m.p.consonant.c29,4.32,3.58,0.5827,lexique,,
5,,maghrébins,producteurs,nom.m.p.consonant.c29,3.34,4.31,0.4733,lexique,,
5,,médias,milliers,nom.m.p.consonant.c29,4.94,4.7,0.3041,lexique,,
5,,navigateurs,consommateurs,nom.m.p.consonant.c29,3.4,4.29,0.5803,lexique,,
5,,patrons,réalisateurs,nom.m.p.consonant.c29,4.09,3.67,0.5179,lexique,,
5,,possesseurs,nageurs,nom.m.p.consonant.c29,3.15,3.27,0.5473,lexique,,
5,,pêcheurs,moniteurs,nom.m.p.consonant.c29,3.89,3.14,0.5266,lexique,,
5,,remplaçants,téléspectateurs,nom.m.p.consonant.c29,3.18,3.81,0.5127,lexique,,
5,,restaurateurs,physiciens,nom.m.p.consonant.c29,3.19,3.18,0.5786,lexique,,
5,,revendeurs,sponsors,nom.m.p.consonant.c29,3.05,3.43,0.4272,lexique,,
5,,sapeurs,concurrents,nom.m.p.consonant.c29,3.44,4.04,0.3981,lexique,,
5,,tenants,participants,nom.m.p.consonant.c29,3.52,4.38,0.5624,lexique,,
5,,vendeurs,voyageurs,nom.m.p.consonant.c29,3.88,4.33,0.5658,lexique,,
5,,vignerons,collégiens,nom.m.p.consonant.c29,3.39,3.42,0.4601,lexique,,
5,,visiteurs,recruteurs,nom.m.p.consonant.c29,4.35,3.35,0.5865,lexique,,
5,,francs,miles,nom.m.p.consonant.c3,4.34,3.88,0.2959,lexique,,
5,,grammes,points,nom.m.p.consonant.c3,3.84,5.22,0.4085,lexique,,
5,,kilos,watts,nom.m.p.consonant.c3,4.12,3.45,0.2278,lexique,,
5,,maxima,pouces,nom.m.p.consonant.c3,3.05,4.06,0.2505,lexique,,
5,,milliards,pixels,nom.m.p.consonant.c3,4.75,3.4,0.2984,lexique,,
5,,millions,centimètres,nom.m.p.consonant.c3,5.21,3.95,0.4297,lexique,,
5,,mètres,centimes,nom.m.p.consonant.c3,4.9,3.85,0.3278,lexique,,
5,,yards,kilogrammes,nom.m.p.consonant.c3,3.41,3.03,0.387,lexique,,
5,,bains,chapiteaux,nom.m.p.consonant.c30,4.25,3.19,0.3071,lexique,,
5,,barreaux,maçons,nom.m.p.consonant.c30,3.59,3.49,0.3806,lexique,,
5,,caissons,phares,nom.m.p.consonant.c30,3.01,3.81,0.2032,lexique,,
5,,carreaux,piliers,nom.m.p.consonant.c30,3.58,3.8,0.5301,lexique,,
5,,couloirs,fauteuils,nom.m.p.consonant.c30,3.8,3.44,0.4809,lexique,,
5,,fours,planchers,nom.m.p.consonant.c30,3.6,3.16,0.464,lexique,,
5,,lits,panneaux,nom.m.p.consonant.c30,3.95,4.17,0.3579,lexique,,
5,,lustres,bancs,nom.m.p.consonant.c30,3.35,3.81,0.3948,lexique,,
5,,pavillons,combles,nom.m.p.consonant.c30,3.36,3.14,0.4773,lexique,,
5,,placards,pavés,nom.m.p.consonant.c30,3.29,3.53,0.485,lexique,,
5,,portails,meubles,nom.m.p.consonant.c30,3.15,4.17,0.4612,lexique,,
5,,vitraux,fourneaux,nom.m.p.consonant.c30,3.33,3.3,0.5005,lexique,,
5,,bassins,champs,nom.m.p.consonant.c31,3.75,4.56,0.4966,lexique,,
5,,bords,randonneurs,nom.m.p.consonant.c31,4.11,3.16,0.3965,lexique,,
5,,cols,fleuves,nom.m.p.consonant.c31,3.47,3.49,0.5006,lexique,,
5,,confins,marcheurs,nom.m.p.consonant.c31,3.4,3.25,0.3785,lexique,,
5,,coteaux,pics,nom.m.p.consonant.c31,3.28,3.64,0.3274,lexique,,
5,,flancs,villages,nom.m.p.consonant.c31,3.47,4.36,0.3931,lexique,,
5,,flots,coins,nom.m.p.consonant.c31,3.48,4.08,0.3881,lexique,,
5,,joyaux,vignobles,nom.m.p.consonant.c31,3.23,3.46,0.3989,lexique,,
5,,monuments,globes,nom.m.p.consonant.c31,4.2,3.26,0.149,lexique,,
5,,méandres,charmes,nom.m.p.consonant.c31,3.1,3.48,0.3882,lexique,,
5,,ruisseaux,châteaux,nom.m.p.consonant.c31,3.34,3.82,0.5556,lexique,,
5,,récifs,paysages,nom.m.p.consonant.c31,3.09,4.08,0.4308,lexique,,
5,,sentiers,reliefs,nom.m.p.consonant.c31,3.78,3.49,0.5157,lexique,,
5,,skieurs,moulins,nom.m.p.consonant.c31,3.03,3.79,0.3626,lexique,,
5,,temples,recoins,nom.m.p.consonant.c31,3.74,3.11,0.4825,lexique,,
5,,trésors,torrents,nom.m.p.consonant.c31,3.85,3.23,0.1692,lexique,,
5,,versants,thermes,nom.m.p.consonant.c31,3.15,3.2,0.4865,lexique,,
5,,vestiges,rivages,nom.m.p.consonant.c31,3.74,3.3,0.5154,lexique,,
5,,volcans,vergers,nom.m.p.consonant.c31,3.41,3.19,0.4665,lexique,,
5,,bols,glucides,nom.m.p.consonant.c32,3.05,3.19,0.2263,lexique,,
5,,bourgeons,cubes,nom.m.p.consonant.c32,3.0,3.64,0.2788,lexique,,
5,,cartons,plants,nom.m.p.consonant.c32,3.83,3.6,0.4097,lexique,,
5,,cigares,lipides,nom.m.p.consonant.c32,3.17,3.11,0.3208,lexique,,
5,,feuillets,cachets,nom.m.p.consonant.c32,3.1,3.2,0.4688,lexique,,
5,,glands,glaçons,nom.m.p.consonant.c32,3.02,3.27,0.5511,lexique,,
5,,nutriments,verres,nom.m.p.consonant.c32,3.2,4.1,0.3986,lexique,,
5,,raisins,bacs,nom.m.p.consonant.c32,3.63,3.5,0.3354,lexique,,
5,,sables,champignons,nom.m.p.consonant.c32,3.88,3.93,0.4999,lexique,,
5,,sols,sucres,nom.m.p.consonant.c32,4.17,3.55,0.3518,lexique,,
5,,bisous,meetings,nom.m.p.consonant.c33,3.99,3.43,0.0855,lexique,,
5,,bilans,carnets,nom.m.p.consonant.c4,3.37,3.56,0.3495,lexique,,
5,,cookies,cahiers,nom.m.p.consonant.c4,3.73,3.96,0.2122,lexique,,
5,,dons,scores,nom.m.p.consonant.c4,4.27,3.67,0.2808,lexique,,
5,,dossiers,timbres,nom.m.p.consonant.c4,4.43,3.6,0.4011,lexique,,
5,,graffitis,profils,nom.m.p.consonant.c4,3.07,3.88,0.332,lexique,,
5,,registres,mails,nom.m.p.consonant.c4,3.8,3.92,0.3294,lexique,,
5,,résultats,billets,nom.m.p.consonant.c4,5.15,4.48,0.3265,lexique,,
5,,sites,remerciements,nom.m.p.consonant.c4,4.78,3.49,0.3426,lexique,,
5,,sondages,voeux,nom.m.p.consonant.c4,4.21,3.72,0.2384,lexique,,
5,,souhaits,bulletins,nom.m.p.consonant.c4,3.51,3.82,0.2762,lexique,,
5,,balais,clous,nom.m.p.consonant.c5,3.36,3.65,0.5514,lexique,,
5,,ballons,poings,nom.m.p.consonant.c5,3.82,3.51,0.2746,lexique,,
5,,bouchers,jeans,nom.m.p.consonant.c5,3.08,3.7,0.1786,lexique,,
5,,boucliers,skis,nom.m.p.consonant.c5,3.5,3.37,0.1053,lexique,,
5,,boulets,bâtons,nom.m.p.consonant.c5,3.37,3.65,0.4877,lexique,,
5,,boulons,robinets,nom.m.p.consonant.c5,3.1,3.02,0.2131,lexique,,
5,,boutons,crocs,nom.m.p.consonant.c5,3.99,3.27,0.3631,lexique,,
5,,bouts,pneus,nom.m.p.consonant.c5,3.83,4.03,0.3333,lexique,,
5,,ciseaux,mollets,nom.m.p.consonant.c5,3.54,3.06,0.4639,lexique,,
5,,cordons,chariots,nom.m.p.consonant.c5,3.18,3.33,0.2743,lexique,,
5,,doigts,coffrets,nom.m.p.consonant.c5,4.58,3.05,0.1101,lexique,,
5,,gants,filets,nom.m.p.consonant.c5,3.92,3.8,0.5124,lexique,,
5,,genoux,rouleaux,nom.m.p.consonant.c5,4.2,3.44,0.2408,lexique,,
5,,gilets,noeuds,nom.m.p.consonant.c5,3.38,3.26,0.3308,lexique,,
5,,pieds,tuyaux,nom.m.p.consonant.c5,4.92,3.79,0.4366,lexique,,
5,,pistolets,fers,nom.m.p.consonant.c5,3.33,3.33,0.3465,lexique,,
5,,plombs,pantalons,nom.m.p.consonant.c5,3.49,3.65,0.1524,lexique,,
5,,pulls,bidons,nom.m.p.consonant.c5,3.26,3.33,0.2052,lexique,,
5,,rubans,coffres,nom.m.p.consonant.c5,3.29,3.53,0.2466,lexique,,
5,,sabots,crampons,nom.m.p.consonant.c5,3.31,3.22,0.3779,lexique,,
5,,sabres,tampons,nom.m.p.consonant.c5,3.33,3.26,0.0222,lexique,,
5,,sacs,flacons,nom.m.p.consonant.c5,4.24,3.14,0.3116,lexique,,
5,,tailleurs,stylos,nom.m.p.consonant.c5,3.02,3.23,0.2982,lexique,,
5,,talons,maillots,nom.m.p.consonant.c5,3.91,3.55,0.4311,lexique,,
5,,tubes,poils,nom.m.p.consonant.c5,3.97,4.1,0.3321,lexique,,
5,,vinyles,tentacules,nom.m.p.consonant.c5,3.02,3.09,0.2015,lexique,,
5,,brevets,pourcentages,nom.m.p.consonant.c6,3.8,3.25,0.2855,lexique,,
5,,budgets,transferts,nom.m.p.consonant.c6,3.89,3.94,0.5077,lexique,,
5,,bénéfices,chèques,nom.m.p.consonant.c6,4.27,3.72,0.5207,lexique,,
5,,congés,certificats,nom.m.p.consonant.c6,3.84,3.61,0.3607,lexique,,
5,,coûts,privilèges,nom.m.p.consonant.c6,4.35,3.88,0.3795,lexique,,
5,,deniers,forfaits,nom.m.p.consonant.c6,3.43,3.65,0.2812,lexique,,
5,,diplômes,profits,nom.m.p.consonant.c6,3.86,3.99,0.2941,lexique,,
5,,délais,crédits,nom.m.p.consonant.c6,4.11,4.25,0.4904,lexique,,
5,,financements,gains,nom.m.p.consonant.c6,3.68,3.96,0.5728,lexique,,
5,,grades,remboursements,nom.m.p.consonant.c6,3.4,3.37,0.3297,lexique,,
5,,lingots,montants,nom.m.p.consonant.c6,3.09,3.74,0.3868,lexique,,
5,,minima,débits,nom.m.p.consonant.c6,3.57,3.39,0.4571,lexique,,
5,,retards,totaux,nom.m.p.consonant.c6,3.68,3.11,0.2406,lexique,,
5,,seuils,contrats,nom.m.p.consonant.c6,3.46,4.42,0.4501,lexique,,
5,,stocks,loyers,nom.m.p.consonant.c6,3.87,3.92,0.4707,lexique,,
5,,tarifs,dépôts,nom.m.p.consonant.c6,4.29,4.02,0.3112,lexique,,
5,,beignets,sodas,nom.m.p.consonant.c7,3.11,3.07,0.5512,lexique,,
5,,boulangers,lardons,nom.m.p.consonant.c7,3.01,3.03,0.2606,lexique,,
5,,choux,bonbons,nom.m.p.consonant.c7,3.68,3.87,0.4761,lexique,,
5,,cuisiniers,goûts,nom.m.p.consonant.c7,3.19,4.12,0.2715,lexique,,
5,,fruits,cocktails,nom.m.p.consonant.c7,4.58,3.6,0.4343,lexique,,
5,,légumes,parfums,nom.m.p.consonant.c7,4.27,3.71,0.4982,lexique,,
5,,steaks,thés,nom.m.p.consonant.c7,3.19,3.01,0.3477,lexique,,
5,,yaourts,citrons,nom.m.p.consonant.c7,3.17,3.04,0.3641,lexique,,
5,,bergers,renards,nom.m.p.consonant.c8,3.38,3.12,0.5303,lexique,,
5,,bestiaux,castors,nom.m.p.consonant.c8,3.0,3.01,0.442,lexique,,
5,,bulls,poissons,nom.m.p.consonant.c8,3.27,4.43,0.5436,lexique,,
5,,bébés,coqs,nom.m.p.consonant.c8,4.15,3.15,0.166,lexique,,
5,,cadavres,crabes,nom.m.p.consonant.c8,3.87,3.27,0.4628,lexique,,
5,,cafards,chiots,nom.m.p.consonant.c8,3.19,3.19,0.3126,lexique,,
5,,cerfs,primates,nom.m.p.consonant.c8,3.3,3.05,0.3278,lexique,,
5,,chameaux,loups,nom.m.p.consonant.c8,3.08,3.98,0.5506,lexique,,
5,,chevaux,lions,nom.m.p.consonant.c8,4.48,3.94,0.5817,lexique,,
5,,chiens,poulets,nom.m.p.consonant.c8,4.52,3.51,0.6286,lexique,,
5,,cobayes,canards,nom.m.p.consonant.c8,3.07,3.59,0.5689,lexique,,
5,,coquillages,poneys,nom.m.p.consonant.c8,3.32,3.19,0.4553,lexique,,
5,,coraux,taureaux,nom.m.p.consonant.c8,3.05,3.26,0.4553,lexique,,
5,,crustacés,rats,nom.m.p.consonant.c8,3.23,3.9,0.5308,lexique,,
5,,dauphins,moutons,nom.m.p.consonant.c8,3.54,3.97,0.3773,lexique,,
5,,dragons,poussins,nom.m.p.consonant.c8,3.83,3.22,0.3108,lexique,,
5,,lambeaux,cygnes,nom.m.p.consonant.c8,3.06,3.11,0.4728,lexique,,
5,,porcs,chatons,nom.m.p.consonant.c8,3.65,3.36,0.409,lexique,,
5,,pâturages,dinosaures,nom.m.p.consonant.c8,3.27,3.56,0.4722,lexique,,
5,,rennes,mollusques,nom.m.p.consonant.c8,4.39,3.2,0.4268,lexique,,
5,,sangliers,spécimens,nom.m.p.consonant.c8,3.16,3.52,0.479,lexique,,
5,,scorpions,veaux,nom.m.p.consonant.c8,3.04,3.24,0.4816,lexique,,
5,,serpents,chats,nom.m.p.consonant.c8,3.67,4.27,0.5307,lexique,,
5,,singes,troupeaux,nom.m.p.consonant.c8,3.77,3.42,0.4963,lexique,,
5,,tigres,pets,nom.m.p.consonant.c8,3.51,3.06,0.5657,lexique,,
5,,cercles,préjugés,nom.m.p.consonant.c9,3.86,3.94,0.3169,lexique,,
5,,challenges,rythmes,nom.m.p.consonant.c9,3.39,3.69,0.4048,lexique,,
5,,chants,prénoms,nom.m.p.consonant.c9,3.96,3.8,0.3479,lexique,,
5,,codes,mots,nom.m.p.consonant.c9,4.18,5.16,0.4697,lexique,,
5,,concepts,personnages,nom.m.p.consonant.c9,4.06,4.71,0.5835,lexique,,
5,,contextes,paragraphes,nom.m.p.consonant.c9,3.51,3.52,0.5175,lexique,,
5,,défis,dires,nom.m.p.consonant.c9,4.07,3.66,0.2796,lexique,,
5,,griefs,genres,nom.m.p.consonant.c9,3.2,4.22,0.4429,lexique,,
5,,guillemets,signes,nom.m.p.consonant.c9,3.13,4.54,0.3753,lexique,,
5,,nombres,sexes,nom.m.p.consonant.c9,4.09,3.86,0.4037,lexique,,
5,,pronoms,liens,nom.m.p.consonant.c9,3.14,4.72,0.3623,lexique,,
5,,préceptes,psaumes,nom.m.p.consonant.c9,3.25,3.22,0.4758,lexique,,
5,,répertoires,mythes,nom.m.p.consonant.c9,3.0,3.67,0.3187,lexique,,
5,,savoirs,dialogues,nom.m.p.consonant.c9,3.51,3.81,0.5311,lexique,,
5,,scénarios,proverbes,nom.m.p.consonant.c9,3.94,3.18,0.4753,lexique,,
5,,stéréotypes,fragments,nom.m.p.consonant.c9,3.53,3.83,0.4066,lexique,,
5,,sujets,traits,nom.m.p.consonant.c9,4.76,4.13,0.5238,lexique,,
5,,symboles,principes,nom.m.p.consonant.c9,4.05,4.49,0.5502,lexique,,
5,,témoignages,chapitres,nom.m.p.consonant.c9,4.3,3.94,0.4809,lexique,,
5,,verbes,rôles,nom.m.p.consonant.c9,3.57,4.21,0.2976,lexique,,
5,,versets,thèmes,nom.m.p.consonant.c9,3.41,4.27,0.3967,lexique,,
5,,agendas,escadrons,nom.m.p.elides.c0,3.09,3.19,-0.0036,lexique,,
5,,ajouts,aéroports,nom.m.p.elides.c0,3.12,3.79,0.1952,lexique,,
5,,appuis,itinéraires,nom.m.p.elides.c0,3.55,3.46,0.3452,lexique,,
5,,autocars,assemblages,nom.m.p.elides.c0,3.01,3.06,0.3346,lexique,,
5,,abonnements,obstacles,nom.m.p.elides.c5,3.75,4.03,0.4257,lexique,,
5,,accidents,accords,nom.m.p.elides.c5,4.26,4.32,0.4045,lexique,,
5,,ages,arguments,nom.m.p.elides.c5,3.05,4.27,0.551,lexique,,
5,,amendements,environnements,nom.m.p.elides.c5,3.67,3.41,0.6266,lexique,,
5,,aménagements,intestins,nom.m.p.elides.c5,3.76,3.22,0.2791,lexique,,
5,,antécédents,antipodes,nom.m.p.elides.c5,3.63,3.12,0.4661,lexique,,
5,,applaudissements,actes,nom.m.p.elides.c5,3.7,4.73,0.5155,lexique,,
5,,apprentissages,agissements,nom.m.p.elides.c5,3.14,3.52,0.6113,lexique,,
5,,arrondissements,organes,nom.m.p.elides.c5,3.7,4.15,0.5392,lexique,,
5,,articles,aspects,nom.m.p.elides.c5,4.98,4.36,0.4797,lexique,,
5,,attraits,avoirs,nom.m.p.elides.c5,3.15,3.39,0.3418,lexique,,
5,,attributs,équipements,nom.m.p.elides.c5,3.55,4.3,0.5143,lexique,,
5,,avertissements,adjectifs,nom.m.p.elides.c5,3.43,3.21,0.3052,lexique,,
5,,avortements,atouts,nom.m.p.elides.c5,3.0,3.72,0.1067,lexique,,
5,,efforts,ovaires,nom.m.p.elides.c5,4.69,3.2,0.2949,lexique,,
5,,emplacements,antibiotiques,nom.m.p.elides.c5,3.44,3.62,0.5615,lexique,,
5,,emprunts,examens,nom.m.p.elides.c5,3.73,4.12,0.2742,lexique,,
5,,enjeux,incidents,nom.m.p.elides.c5,4.31,3.89,0.4678,lexique,,
5,,enregistrements,usages,nom.m.p.elides.c5,3.83,4.08,0.5978,lexique,,
5,,ensembles,effets,nom.m.p.elides.c5,3.92,4.82,0.4962,lexique,,
5,,excédents,avis,nom.m.p.elides.c5,3.02,5.21,0.1944,lexique,,
5,,exemples,enlèvements,nom.m.p.elides.c5,4.52,3.07,0.5618,lexique,,
5,,impacts,exercices,nom.m.p.elides.c5,3.79,4.15,0.4217,lexique,,
5,,indices,encouragements,nom.m.p.elides.c5,4.13,3.41,0.4176,lexique,,
5,,intervalles,engagements,nom.m.p.elides.c5,3.44,4.11,0.5851,lexique,,
5,,intérêts,interrogatoires,nom.m.p.elides.c5,4.75,3.18,0.5935,lexique,,
5,,inventaires,algorithmes,nom.m.p.elides.c5,3.23,3.53,0.4127,lexique,,
5,,électrons,échanges,nom.m.p.elides.c5,3.36,4.47,0.4121,lexique,,
5,,énoncés,approvisionnements,nom.m.p.elides.c5,3.29,3.22,0.3277,lexique,,
5,,équilibres,outils,nom.m.p.elides.c5,3.18,4.49,0.2671,lexique,,
5,,agresseurs,anges,nom.m.p.elides.c6,3.55,4.23,0.4605,lexique,,
5,,amants,évêques,nom.m.p.elides.c6,3.7,4.02,0.3993,lexique,,
5,,assassinats,envahisseurs,nom.m.p.elides.c6,3.4,3.29,0.4159,lexique,,
5,,attentats,accents,nom.m.p.elides.c6,4.25,3.67,0.3683,lexique,,
5,,avatars,apôtres,nom.m.p.elides.c6,3.02,3.57,0.2831,lexique,,
5,,expatriés,otages,nom.m.p.elides.c6,3.33,3.89,0.367,lexique,,
5,,imams,opposants,nom.m.p.elides.c6,3.2,4.01,0.3682,lexique,,
5,,orchestres,emblèmes,nom.m.p.elides.c6,3.09,3.01,0.3392,lexique,,
5,,âges,augustins,nom.m.p.elides.c6,3.97,3.01,0.2225,lexique,,
5,,éclaireurs,individus,nom.m.p.elides.c6,3.04,4.57,0.5164,lexique,,
5,,écrivains,esprits,nom.m.p.elides.c6,4.08,4.31,0.4751,lexique,,
5,,élans,archers,nom.m.p.elides.c6,3.06,3.22,0.3343,lexique,,
5,,équipiers,assaillants,nom.m.p.elides.c6,3.06,3.25,0.3631,lexique,,
5,,évangélistes,acolytes,nom.m.p.elides.c6,3.04,3.09,0.4217,lexique,,
5,,abords,abdos,nom.m.p.elides.c7,3.78,3.2,0.2516,lexique,,
5,,agrumes,ongles,nom.m.p.elides.c7,3.12,4.0,0.3185,lexique,,
5,,aliments,éclairages,nom.m.p.elides.c7,4.13,3.07,0.4632,lexique,,
5,,arômes,angles,nom.m.p.elides.c7,3.36,3.91,0.3335,lexique,,
5,,astéroïdes,oliviers,nom.m.p.elides.c7,3.03,3.31,0.2175,lexique,,
5,,escargots,anneaux,nom.m.p.elides.c7,3.23,3.86,0.42,lexique,,
5,,excréments,orteils,nom.m.p.elides.c7,3.21,3.37,0.212,lexique,,
5,,ingrédients,alliages,nom.m.p.elides.c7,3.88,3.03,0.4892,lexique,,
5,,insectes,égouts,nom.m.p.elides.c7,4.13,3.45,0.3286,lexique,,
5,,objets,oxydes,nom.m.p.elides.c7,4.75,3.04,0.1675,lexique,,
5,,oeufs,atomes,nom.m.p.elides.c7,4.02,3.64,0.2284,lexique,,
5,,orages,abris,nom.m.p.elides.c7,3.67,3.76,0.3893,lexique,,
5,,ustensiles,océans,nom.m.p.elides.c7,3.32,3.75,0.1831,lexique,,
5,,ânes,alentours,nom.m.p.elides.c7,3.27,4.12,0.3753,lexique,,
5,,écrans,animaux,nom.m.p.elides.c7,4.07,4.87,0.2959,lexique,,
5,,édifices,emballages,nom.m.p.elides.c7,3.82,3.44,0.3793,lexique,,
5,,épinards,artefacts,nom.m.p.elides.c7,3.21,3.06,0.284,lexique,,
5,,épis,arcs,nom.m.p.elides.c7,3.14,3.63,0.4224,lexique,,
5,,étalons,étages,nom.m.p.elides.c7,3.02,4.13,0.3426,lexique,,
5,,étangs,astres,nom.m.p.elides.c7,3.34,3.23,0.2965,lexique,,
5,,étés,arbres,nom.m.p.elides.c7,3.53,4.53,0.3172,lexique,,
5,,acheteurs,acteurs,nom.m.p.elides.c8,3.8,4.71,0.6035,lexique,,
5,,administrateurs,annonceurs,nom.m.p.elides.c8,3.83,3.34,0.6197,lexique,,
5,,agriculteurs,admirateurs,nom.m.p.elides.c8,4.21,3.3,0.6205,lexique,,
5,,apprentis,officiers,nom.m.p.elides.c8,3.58,4.32,0.4478,lexique,,
5,,assistants,émirats,nom.m.p.elides.c8,3.71,3.3,0.369,lexique,,
5,,ateliers,éditoriaux,nom.m.p.elides.c8,4.26,3.02,0.438,lexique,,
5,,auteurs,instituteurs,nom.m.p.elides.c8,4.71,3.15,0.6325,lexique,,
5,,entrepreneurs,asiles,nom.m.p.elides.c8,4.1,3.0,0.4754,lexique,,
5,,informateurs,usagers,nom.m.p.elides.c8,3.0,4.04,0.5906,lexique,,
5,,inspecteurs,autographes,nom.m.p.elides.c8,3.77,3.21,0.4569,lexique,,
5,,instituts,avocats,nom.m.p.elides.c8,3.64,4.31,0.4548,lexique,,
5,,inventeurs,acadiens,nom.m.p.elides.c8,3.09,3.16,0.5249,lexique,,
5,,offices,auditeurs,nom.m.p.elides.c8,3.54,3.7,0.4636,lexique,,
5,,orateurs,organismes,nom.m.p.elides.c8,3.04,4.37,0.5864,lexique,,
5,,ordinateurs,épargnants,nom.m.p.elides.c8,4.03,3.02,0.5671,lexique,,
5,,organisateurs,emplois,nom.m.p.elides.c8,3.85,4.61,0.4517,lexique,,
5,,utilisateurs,artisans,nom.m.p.elides.c8,4.47,4.07,0.4004,lexique,,
5,,écouteurs,ingénieurs,nom.m.p.elides.c8,3.52,4.26,0.4592,lexique,,
5,,éditeurs,intervenants,nom.m.p.elides.c8,4.02,3.82,0.6035,lexique,,
5,,électeurs,ambassadeurs,nom.m.p.elides.c8,4.47,3.68,0.5401,lexique,,
5,,étudiants,assureurs,nom.m.p.elides.c8,4.84,3.44,0.5177,lexique,,
5,,conteur,métrage,nom.m.s.consonant.c0,3.22,4.06,0.2843,lexique,,
5,,lecteur,film,nom.m.s.consonant.c0,4.34,5.36,0.2422,lexique,,
5,,manga,bayard,nom.m.s.consonant.c0,4.09,3.17,0.1189,lexique,,
5,,medium,roman,nom.m.s.consonant.c0,3.21,4.71,0.2114,lexique,,
5,,monologue,recueil,nom.m.s.consonant.c0,3.3,4.25,0.3836,lexique,,
5,,narrateur,journal,nom.m.s.consonant.c0,3.64,5.0,0.3374,lexique,,
5,,portrait,bouquin,nom.m.s.consonant.c0,4.51,3.72,0.2346,lexique,,
5,,quichotte,tome,nom.m.s.consonant.c0,3.19,4.46,0.2682,lexique,,
5,,scénario,microcosme,nom.m.s.consonant.c0,4.54,3.01,0.4285,lexique,,
5,,drapeau,psaume,nom.m.s.consonant.c1,4.44,3.26,0.1447,lexique,,
5,,patronyme,logo,nom.m.s.consonant.c1,3.11,4.2,0.2045,lexique,,
5,,sceau,slogan,nom.m.s.consonant.c1,3.66,3.91,0.2505,lexique,,
5,,verset,badge,nom.m.s.consonant.c1,3.56,3.53,0.0885,lexique,,
5,,bienfait,charisme,nom.m.s.consonant.c10,3.02,3.59,0.3834,lexique,,
5,,bonheur,tempérament,nom.m.s.consonant.c10,4.8,3.6,0.3738,lexique,,
5,,dessein,temps,nom.m.s.consonant.c10,3.5,6.01,0.307,lexique,,
5,,destin,regard,nom.m.s.consonant.c10,4.36,4.84,0.4378,lexique,,
5,,dynamisme,soupçon,nom.m.s.consonant.c10,3.68,3.59,0.2245,lexique,,
5,,dégoût,privilège,nom.m.s.consonant.c10,3.59,4.0,0.3743,lexique,,
5,,fantasme,pessimisme,nom.m.s.consonant.c10,3.75,3.21,0.2965,lexique,,
5,,genre,préjugé,nom.m.s.consonant.c10,5.51,3.31,0.336,lexique,,
5,,gré,souhait,nom.m.s.consonant.c10,4.09,3.97,0.2098,lexique,,
5,,labeur,souci,nom.m.s.consonant.c10,3.32,4.49,0.1657,lexique,,
5,,malentendu,devon,nom.m.s.consonant.c10,3.47,3.18,0.247,lexique,,
5,,monde,mystère,nom.m.s.consonant.c10,5.96,4.35,0.4461,lexique,,
5,,plaisir,prétexte,nom.m.s.consonant.c10,5.15,4.25,0.2963,lexique,,
5,,reflet,désir,nom.m.s.consonant.c10,3.89,4.48,0.3619,lexique,,
5,,réconfort,dédain,nom.m.s.consonant.c10,3.52,3.09,0.2628,lexique,,
5,,sarcasme,moment,nom.m.s.consonant.c10,3.15,5.66,0.2526,lexique,,
5,,soin,stratagème,nom.m.s.consonant.c10,4.7,3.18,0.2569,lexique,,
5,,tact,sursaut,nom.m.s.consonant.c10,3.27,3.38,0.1909,lexique,,
5,,talent,panache,nom.m.s.consonant.c10,4.55,3.25,0.3906,lexique,,
5,,zèle,sentiment,nom.m.s.consonant.c10,3.45,4.7,0.4057,lexique,,
5,,carrefour,voyage,nom.m.s.consonant.c11,4.18,4.99,0.2428,lexique,,
5,,chenal,safari,nom.m.s.consonant.c11,3.04,3.35,0.2093,lexique,,
5,,covoiturage,péage,nom.m.s.consonant.c11,3.44,3.6,0.323,lexique,,
5,,kilomètre,boulevard,nom.m.s.consonant.c11,3.82,4.26,0.3441,lexique,,
5,,mile,panorama,nom.m.s.consonant.c11,3.49,3.67,0.1105,lexique,,
5,,tram,périple,nom.m.s.consonant.c11,3.78,3.56,0.2369,lexique,,
5,,comparateur,collectionneur,nom.m.s.consonant.c12,3.04,3.45,0.4519,lexique,,
5,,célibat,livreur,nom.m.s.consonant.c12,3.34,3.55,0.1652,lexique,,
5,,discount,négociateur,nom.m.s.consonant.c12,3.36,3.21,0.2172,lexique,,
5,,gérant,brand,nom.m.s.consonant.c12,3.96,3.27,0.3101,lexique,,
5,,locuteur,copyright,nom.m.s.consonant.c12,3.02,3.5,0.0566,lexique,,
5,,mécène,trader,nom.m.s.consonant.c12,3.12,3.3,0.2027,lexique,,
5,,pharmacien,marketing,nom.m.s.consonant.c12,3.66,4.32,0.2508,lexique,,
5,,plombier,collecteur,nom.m.s.consonant.c12,3.5,3.28,0.2463,lexique,,
5,,producteur,serrurier,nom.m.s.consonant.c12,4.28,3.26,0.107,lexique,,
5,,site,cultivateur,nom.m.s.consonant.c12,5.47,3.03,0.2371,lexique,,
5,,sélectionneur,média,nom.m.s.consonant.c12,3.73,4.1,0.2679,lexique,,
5,,charme,cristal,nom.m.s.consonant.c13,4.35,3.97,0.2938,lexique,,
5,,cherry,lot,nom.m.s.consonant.c13,3.35,4.42,0.1645,lexique,,
5,,cygne,bic,nom.m.s.consonant.c13,3.35,3.21,0.4032,lexique,,
5,,diamant,parfum,nom.m.s.consonant.c13,3.95,4.2,0.3414,lexique,,
5,,décor,pep,nom.m.s.consonant.c13,4.21,3.1,0.464,lexique,,
5,,fard,lampadaire,nom.m.s.consonant.c13,3.02,3.04,0.2855,lexique,,
5,,glamour,clin,nom.m.s.consonant.c13,3.48,3.79,0.1996,lexique,,
5,,jasmin,collier,nom.m.s.consonant.c13,3.27,4.09,0.4582,lexique,,
5,,lego,décorateur,nom.m.s.consonant.c13,3.54,3.13,0.3066,lexique,,
5,,look,tatouage,nom.m.s.consonant.c13,4.12,3.86,0.398,lexique,,
5,,lustre,vintage,nom.m.s.consonant.c13,3.29,3.49,0.4522,lexique,,
5,,maquillage,brin,nom.m.s.consonant.c13,4.04,3.74,0.1957,lexique,,
5,,mascara,bracelet,nom.m.s.consonant.c13,3.23,3.94,0.3643,lexique,,
5,,miroir,cachet,nom.m.s.consonant.c13,4.32,3.6,0.3243,lexique,,
5,,motif,fétiche,nom.m.s.consonant.c13,4.34,3.32,0.072,lexique,,
5,,pendentif,dandy,nom.m.s.consonant.c13,3.16,3.07,0.258,lexique,,
5,,puzzle,cadeau,nom.m.s.consonant.c13,3.56,4.65,0.2592,lexique,,
5,,style,bronzage,nom.m.s.consonant.c13,4.98,3.26,0.4086,lexique,,
5,,bistrot,chalet,nom.m.s.consonant.c14,3.26,3.69,0.4266,lexique,,
5,,bricolage,restaurant,nom.m.s.consonant.c14,3.53,4.61,0.2641,lexique,,
5,,brunch,magasin,nom.m.s.consonant.c14,3.22,4.58,0.1615,lexique,,
5,,camping,jardin,nom.m.s.consonant.c14,3.99,4.67,0.478,lexique,,
5,,chalon,bar,nom.m.s.consonant.c14,3.37,4.64,0.2475,lexique,,
5,,coiffeur,parterre,nom.m.s.consonant.c14,3.69,3.31,0.2548,lexique,,
5,,jardinier,réveillon,nom.m.s.consonant.c14,3.58,3.4,0.2291,lexique,,
5,,lunch,jardinage,nom.m.s.consonant.c14,3.14,3.33,0.203,lexique,,
5,,motel,parking,nom.m.s.consonant.c14,3.24,4.21,0.4505,lexique,,
5,,pipi,salon,nom.m.s.consonant.c14,3.76,4.72,0.1159,lexique,,
5,,pâtissier,chateaubriand,nom.m.s.consonant.c14,3.27,3.06,0.1942,lexique,,
5,,sauna,loir,nom.m.s.consonant.c14,3.24,3.54,0.1723,lexique,,
5,,shopping,cottage,nom.m.s.consonant.c14,3.89,3.0,0.2312,lexique,,
5,,spa,snack,nom.m.s.consonant.c14,3.94,3.11,0.455,lexique,,
5,,standing,banquet,nom.m.s.consonant.c14,3.35,3.53,0.1534,lexique,,
5,,supermarché,tavernier,nom.m.s.consonant.c14,3.87,3.01,0.3353,lexique,,
5,,toboggan,kiosque,nom.m.s.consonant.c14,3.05,3.49,0.3372,lexique,,
5,,biberon,cobra,nom.m.s.consonant.c15,3.19,3.23,0.3268,lexique,,
5,,bébé,panda,nom.m.s.consonant.c15,4.81,3.48,0.3268,lexique,,
5,,chaton,crocodile,nom.m.s.consonant.c15,3.52,3.44,0.5565,lexique,,
5,,jaguar,chameau,nom.m.s.consonant.c15,3.41,3.32,0.4844,lexique,,
5,,labrador,mammouth,nom.m.s.consonant.c15,3.48,3.1,0.4885,lexique,,
5,,pelage,chien,nom.m.s.consonant.c15,3.11,4.86,0.4699,lexique,,
5,,plumage,léopard,nom.m.s.consonant.c15,3.11,3.39,0.4181,lexique,,
5,,poney,tigre,nom.m.s.consonant.c15,3.5,3.91,0.4844,lexique,,
5,,puma,cheval,nom.m.s.consonant.c15,3.34,4.7,0.4844,lexique,,
5,,terrier,chiot,nom.m.s.consonant.c15,3.26,3.38,0.3579,lexique,,
5,,totem,galop,nom.m.s.consonant.c15,3.21,3.41,0.4844,lexique,,
5,,toutou,lion,nom.m.s.consonant.c15,3.12,4.29,0.4824,lexique,,
5,,trot,pitbull,nom.m.s.consonant.c15,3.22,3.11,0.6224,lexique,,
5,,zèbre,nourrisson,nom.m.s.consonant.c15,3.03,3.3,0.3922,lexique,,
5,,cheveu,tendon,nom.m.s.consonant.c16,3.48,3.12,0.3568,lexique,,
5,,cou,vagin,nom.m.s.consonant.c16,4.41,3.71,0.4444,lexique,,
5,,crane,zizi,nom.m.s.consonant.c16,3.55,3.25,0.4511,lexique,,
5,,croc,minou,nom.m.s.consonant.c16,3.0,3.13,0.3208,lexique,,
5,,dard,rein,nom.m.s.consonant.c16,3.06,3.72,0.372,lexique,,
5,,fion,poignet,nom.m.s.consonant.c16,3.11,3.79,0.3492,lexique,,
5,,fémur,pli,nom.m.s.consonant.c16,3.0,3.36,0.3118,lexique,,
5,,genou,poil,nom.m.s.consonant.c16,4.04,4.23,0.3207,lexique,,
5,,gland,visage,nom.m.s.consonant.c16,3.43,4.87,0.3328,lexique,,
5,,lobe,coude,nom.m.s.consonant.c16,3.23,3.89,0.4463,lexique,,
5,,menton,bandage,nom.m.s.consonant.c16,3.85,3.05,0.5789,lexique,,
5,,nombril,tibia,nom.m.s.consonant.c16,3.37,3.21,0.5197,lexique,,
5,,sperme,sourcil,nom.m.s.consonant.c16,3.77,3.23,0.2147,lexique,,
5,,bercail,caillou,nom.m.s.consonant.c17,3.0,3.46,0.3447,lexique,,
5,,buisson,cercle,nom.m.s.consonant.c17,3.67,4.52,0.349,lexique,,
5,,bulbe,bruit,nom.m.s.consonant.c17,3.06,4.71,0.2632,lexique,,
5,,crépuscule,bouleau,nom.m.s.consonant.c17,3.54,3.13,0.2627,lexique,,
5,,dédale,sol,nom.m.s.consonant.c17,3.01,5.0,0.2887,lexique,,
5,,flambeau,sable,nom.m.s.consonant.c17,3.37,4.38,0.3087,lexique,,
5,,frisson,tronc,nom.m.s.consonant.c17,3.38,3.7,0.3417,lexique,,
5,,globe,rameau,nom.m.s.consonant.c17,4.11,3.34,0.2967,lexique,,
5,,gravier,mirage,nom.m.s.consonant.c17,3.33,3.42,0.4024,lexique,,
5,,monticule,narcisse,nom.m.s.consonant.c17,3.03,3.19,0.3879,lexique,,
5,,moustique,fleuron,nom.m.s.consonant.c17,3.41,3.08,0.1721,lexique,,
5,,pal,brouillard,nom.m.s.consonant.c17,3.4,3.81,0.1946,lexique,,
5,,palmier,goudron,nom.m.s.consonant.c17,3.27,3.22,0.3528,lexique,,
5,,plant,gazon,nom.m.s.consonant.c17,3.28,3.7,0.3263,lexique,,
5,,pollen,fond,nom.m.s.consonant.c17,3.35,5.2,0.2172,lexique,,
5,,roc,ciel,nom.m.s.consonant.c17,3.72,4.89,0.4691,lexique,,
5,,saule,tourbillon,nom.m.s.consonant.c17,3.03,3.42,0.3937,lexique,,
5,,soleil,trou,nom.m.s.consonant.c17,5.03,4.54,0.2745,lexique,,
5,,solstice,vent,nom.m.s.consonant.c17,3.05,4.8,0.4188,lexique,,
5,,trèfle,mistral,nom.m.s.consonant.c17,3.25,3.51,0.2595,lexique,,
5,,vacarme,rocher,nom.m.s.consonant.c17,3.05,4.03,0.35,lexique,,
5,,gang,tommy,nom.m.s.consonant.c18,4.13,3.82,0.2986,lexique,,
5,,majordome,bagne,nom.m.s.consonant.c18,3.16,3.08,0.352,lexique,,
5,,sergent,shérif,nom.m.s.consonant.c18,3.96,3.53,0.3707,lexique,,
5,,soldat,meurtre,nom.m.s.consonant.c18,4.35,4.52,0.4142,lexique,,
5,,vétéran,lynch,nom.m.s.consonant.c18,3.45,3.36,0.2612,lexique,,
5,,bull,saut,nom.m.s.consonant.c20,3.88,4.15,0.0786,lexique,,
5,,buteur,challenge,nom.m.s.consonant.c20,3.99,4.14,0.1902,lexique,,
5,,chelem,coéquipier,nom.m.s.consonant.c20,3.56,3.72,0.3029,lexique,,
5,,coureur,derby,nom.m.s.consonant.c20,3.78,3.87,0.2857,lexique,,
5,,critérium,grimpeur,nom.m.s.consonant.c20,3.01,3.01,0.4198,lexique,,
5,,joker,rallye,nom.m.s.consonant.c20,3.57,3.63,0.224,lexique,,
5,,passeur,meeting,nom.m.s.consonant.c20,3.43,3.9,0.0924,lexique,,
5,,peloton,trophée,nom.m.s.consonant.c20,3.75,4.12,0.2223,lexique,,
5,,podium,duel,nom.m.s.consonant.c20,4.02,4.02,0.334,lexique,,
5,,pole,pari,nom.m.s.consonant.c20,3.64,4.12,0.1688,lexique,,
5,,repêchage,marathon,nom.m.s.consonant.c20,3.52,4.01,0.0838,lexique,,
5,,slalom,raid,nom.m.s.consonant.c20,3.38,3.89,0.271,lexique,,
5,,sprint,yard,nom.m.s.consonant.c20,3.74,3.19,0.2003,lexique,,
5,,stadium,spring,nom.m.s.consonant.c20,3.45,3.34,0.1924,lexique,,
5,,tournoi,goal,nom.m.s.consonant.c20,4.51,3.22,0.4464,lexique,,
5,,back,spoiler,nom.m.s.consonant.c21,4.1,3.59,0.194,lexique,,
5,,basic,team,nom.m.s.consonant.c21,3.27,4.37,0.3368,lexique,,
5,,break,full,nom.m.s.consonant.c21,3.91,3.92,0.3399,lexique,,
5,,crack,fun,nom.m.s.consonant.c21,3.66,4.08,0.2956,lexique,,
5,,flash,jackpot,nom.m.s.consonant.c21,4.19,3.27,0.3422,lexique,,
5,,flip,deck,nom.m.s.consonant.c21,3.16,3.09,0.4142,lexique,,
5,,forum,shoot,nom.m.s.consonant.c21,4.39,3.36,0.3358,lexique,,
5,,ground,store,nom.m.s.consonant.c21,3.0,3.82,0.3405,lexique,,
5,,gun,staff,nom.m.s.consonant.c21,3.51,3.87,0.2174,lexique,,
5,,kit,game,nom.m.s.consonant.c21,3.93,4.28,0.182,lexique,,
5,,patch,jeu,nom.m.s.consonant.c21,3.39,5.49,0.431,lexique,,
5,,premium,drop,nom.m.s.consonant.c21,3.66,3.44,0.1209,lexique,,
5,,quick,set,nom.m.s.consonant.c21,3.54,4.0,0.3209,lexique,,
5,,skin,smash,nom.m.s.consonant.c21,3.31,3.29,0.4193,lexique,,
5,,spin,bill,nom.m.s.consonant.c21,3.43,4.32,0.2696,lexique,,
5,,spot,round,nom.m.s.consonant.c21,3.74,3.68,0.3166,lexique,,
5,,stop,tag,nom.m.s.consonant.c21,4.36,3.84,0.2592,lexique,,
5,,charbon,calcium,nom.m.s.consonant.c22,4.27,3.59,0.4329,lexique,,
5,,chlorure,monoxyde,nom.m.s.consonant.c22,3.23,3.07,0.6036,lexique,,
5,,cuivre,thermomètre,nom.m.s.consonant.c22,4.07,3.36,0.3866,lexique,,
5,,fer,silicium,nom.m.s.consonant.c22,4.82,3.23,0.2962,lexique,,
5,,kappa,chlore,nom.m.s.consonant.c22,3.05,3.39,0.2652,lexique,,
5,,kilo,soufre,nom.m.s.consonant.c22,3.63,3.47,0.1888,lexique,,
5,,manganèse,cyanure,nom.m.s.consonant.c22,3.04,3.11,0.5683,lexique,,
5,,mercure,plutonium,nom.m.s.consonant.c22,3.91,3.13,0.4905,lexique,,
5,,millimètre,cobalt,nom.m.s.consonant.c22,3.13,3.24,0.2785,lexique,,
5,,nitrate,bicarbonate,nom.m.s.consonant.c22,3.01,3.11,0.4865,lexique,,
5,,plasma,phosphore,nom.m.s.consonant.c22,3.58,3.31,0.4396,lexique,,
5,,plomb,potassium,nom.m.s.consonant.c22,4.12,3.43,0.4236,lexique,,
5,,pétrole,zinc,nom.m.s.consonant.c22,4.45,3.62,0.2745,lexique,,
5,,résidu,minerai,nom.m.s.consonant.c22,3.11,3.67,0.4461,lexique,,
5,,solvant,dioxyde,nom.m.s.consonant.c22,3.02,3.32,0.5261,lexique,,
5,,sulfate,gram,nom.m.s.consonant.c22,3.11,3.01,0.3447,lexique,,
5,,bac,feuillet,nom.m.s.consonant.c23,4.57,3.23,0.1756,lexique,,
5,,balai,carton,nom.m.s.consonant.c23,3.48,4.25,0.313,lexique,,
5,,bocal,grillage,nom.m.s.consonant.c23,3.27,3.21,0.4966,lexique,,
5,,chaudron,pinceau,nom.m.s.consonant.c23,3.25,3.53,0.3974,lexique,,
5,,cigare,seau,nom.m.s.consonant.c23,3.27,3.48,0.3429,lexique,,
5,,cordon,crayon,nom.m.s.consonant.c23,3.8,3.84,0.3168,lexique,,
5,,cornet,bol,nom.m.s.consonant.c23,3.44,4.19,0.3134,lexique,,
5,,couvercle,paquet,nom.m.s.consonant.c23,3.53,4.35,0.4416,lexique,,
5,,filet,panier,nom.m.s.consonant.c23,4.03,4.06,0.4911,lexique,,
5,,kraft,calice,nom.m.s.consonant.c23,3.08,3.33,0.3796,lexique,,
5,,récipient,rouleau,nom.m.s.consonant.c23,3.34,3.77,0.4345,lexique,,
5,,récup,chiffon,nom.m.s.consonant.c23,3.09,3.23,0.217,lexique,,
5,,tablier,magnum,nom.m.s.consonant.c23,3.48,3.26,0.3998,lexique,,
5,,tampon,tuyau,nom.m.s.consonant.c23,3.57,3.86,0.3994,lexique,,
5,,torchon,caissier,nom.m.s.consonant.c23,3.29,3.12,0.292,lexique,,
5,,verre,tube,nom.m.s.consonant.c23,4.75,4.21,0.4274,lexique,,
5,,bouc,magicien,nom.m.s.consonant.c24,3.6,3.69,0.3377,lexique,,
5,,cadavre,pingouin,nom.m.s.consonant.c24,3.92,3.2,0.4749,lexique,,
5,,cambrioleur,spider,nom.m.s.consonant.c24,3.16,3.64,0.302,lexique,,
5,,caméléon,troll,nom.m.s.consonant.c24,3.14,3.77,0.5277,lexique,,
5,,dinosaure,titan,nom.m.s.consonant.c24,3.45,3.55,0.3489,lexique,,
5,,dragon,garçon,nom.m.s.consonant.c24,4.19,4.64,0.4325,lexique,,
5,,gentleman,talisman,nom.m.s.consonant.c24,3.42,3.08,0.3627,lexique,,
5,,gnome,chasseur,nom.m.s.consonant.c24,3.1,4.03,0.4794,lexique,,
5,,monceau,samouraï,nom.m.s.consonant.c24,3.06,3.26,0.3134,lexique,,
5,,scorpion,braqueur,nom.m.s.consonant.c24,3.56,3.1,0.4752,lexique,,
5,,stratège,vieillard,nom.m.s.consonant.c24,3.3,3.48,0.3966,lexique,,
5,,zombie,cupidon,nom.m.s.consonant.c24,3.65,3.05,0.1914,lexique,,
5,,belvédère,bourg,nom.m.s.consonant.c25,3.11,4.0,0.4302,lexique,,
5,,bush,parc,nom.m.s.consonant.c25,3.88,4.87,0.3564,lexique,,
5,,delta,cimetière,nom.m.s.consonant.c25,3.8,4.15,0.178,lexique,,
5,,détroit,village,nom.m.s.consonant.c25,3.71,4.9,0.2846,lexique,,
5,,foret,golfe,nom.m.s.consonant.c25,3.28,4.07,0.2883,lexique,,
5,,fossé,sentier,nom.m.s.consonant.c25,3.83,3.9,0.4014,lexique,,
5,,gap,bassin,nom.m.s.consonant.c25,3.53,4.36,0.3981,lexique,,
5,,lac,vestige,nom.m.s.consonant.c25,4.67,3.18,0.241,lexique,,
5,,paysage,barrage,nom.m.s.consonant.c25,4.35,4.17,0.2994,lexique,,
5,,pic,littoral,nom.m.s.consonant.c25,4.11,3.9,0.1645,lexique,,
5,,refuge,glacier,nom.m.s.consonant.c25,4.13,3.51,0.3396,lexique,,
5,,ruisseau,magma,nom.m.s.consonant.c25,3.73,3.06,0.3255,lexique,,
5,,sillon,lagon,nom.m.s.consonant.c25,3.26,3.04,0.286,lexique,,
5,,sommet,rivage,nom.m.s.consonant.c25,4.65,3.48,0.3479,lexique,,
5,,torrent,cratère,nom.m.s.consonant.c25,3.62,3.34,0.3494,lexique,,
5,,val,rift,nom.m.s.consonant.c25,4.33,3.01,0.2009,lexique,,
5,,caprice,coeur,nom.m.s.consonant.c26,3.39,4.99,0.1458,lexique,,
5,,dam,sang,nom.m.s.consonant.c26,3.52,4.98,0.0947,lexique,,
5,,deuil,pitre,nom.m.s.consonant.c26,4.1,3.19,0.2806,lexique,,
5,,joug,regret,nom.m.s.consonant.c26,3.34,3.93,0.3484,lexique,,
5,,réveil,cachot,nom.m.s.consonant.c26,4.15,3.11,0.2701,lexique,,
5,,scrupule,graal,nom.m.s.consonant.c26,3.28,3.44,0.3204,lexique,,
5,,soupir,miracle,nom.m.s.consonant.c26,3.61,4.22,0.2576,lexique,,
5,,tic,répit,nom.m.s.consonant.c26,3.73,3.47,0.0918,lexique,,
5,,tort,devin,nom.m.s.consonant.c26,4.54,3.29,0.0929,lexique,,
5,,clap,kil,nom.m.s.consonant.c27,3.17,3.26,0.2887,lexique,,
5,,dal,lulu,nom.m.s.consonant.c27,3.2,3.35,0.1635,lexique,,
5,,dan,leu,nom.m.s.consonant.c27,4.27,3.36,0.323,lexique,,
5,,faf,pou,nom.m.s.consonant.c27,3.0,3.57,0.6462,lexique,,
5,,kiki,fra,nom.m.s.consonant.c27,3.34,3.56,0.6462,lexique,,
5,,lev,tom,nom.m.s.consonant.c27,3.07,4.5,0.3299,lexique,,
5,,nan,mary,nom.m.s.consonant.c27,4.3,4.25,0.2157,lexique,,
5,,rad,nestor,nom.m.s.consonant.c27,3.07,3.12,0.0932,lexique,,
5,,rai,pif,nom.m.s.consonant.c27,3.26,3.29,0.6029,lexique,,
5,,rep,pluton,nom.m.s.consonant.c27,3.4,3.11,0.4593,lexique,,
5,,ron,com,nom.m.s.consonant.c27,3.83,4.35,0.228,lexique,,
5,,sen,tain,nom.m.s.consonant.c27,3.54,3.36,0.1786,lexique,,
5,,sil,tan,nom.m.s.consonant.c27,3.31,3.46,0.2384,lexique,,
5,,sui,toto,nom.m.s.consonant.c27,3.49,3.29,0.4536,lexique,,
5,,tin,réa,nom.m.s.consonant.c27,3.43,3.0,0.235,lexique,,
5,,titi,siam,nom.m.s.consonant.c27,3.04,3.13,0.4604,lexique,,
5,,beurre,cake,nom.m.s.consonant.c29,4.29,3.43,0.4313,lexique,,
5,,biscuit,pain,nom.m.s.consonant.c29,3.43,4.64,0.5766,lexique,,
5,,boeuf,légume,nom.m.s.consonant.c29,3.69,3.42,0.4081,lexique,,
5,,bonbon,dessert,nom.m.s.consonant.c29,3.53,4.07,0.3871,lexique,,
5,,bouillon,fruit,nom.m.s.consonant.c29,3.75,4.38,0.408,lexique,,
5,,camembert,basilic,nom.m.s.consonant.c29,3.03,3.21,0.543,lexique,,
5,,chocolat,gratin,nom.m.s.consonant.c29,4.49,3.29,0.4878,lexique,,
5,,curry,régal,nom.m.s.consonant.c29,3.52,3.36,0.3492,lexique,,
5,,gingembre,yaourt,nom.m.s.consonant.c29,3.2,3.51,0.4477,lexique,,
5,,jambon,gourmet,nom.m.s.consonant.c29,3.82,3.03,0.3633,lexique,,
5,,kebab,gluten,nom.m.s.consonant.c29,3.36,3.42,0.3531,lexique,,
5,,lard,piment,nom.m.s.consonant.c29,3.44,3.52,0.4041,lexique,,
5,,laurier,tofu,nom.m.s.consonant.c29,3.59,3.21,0.5245,lexique,,
5,,mangeur,bacon,nom.m.s.consonant.c29,3.01,3.7,0.4454,lexique,,
5,,persil,flan,nom.m.s.consonant.c29,3.16,3.22,0.3115,lexique,,
5,,poivre,burger,nom.m.s.consonant.c29,3.76,3.76,0.232,lexique,,
5,,pâté,melon,nom.m.s.consonant.c29,3.44,3.47,0.4355,lexique,,
5,,roquefort,délice,nom.m.s.consonant.c29,3.08,3.35,0.4904,lexique,,
5,,sandwich,sésame,nom.m.s.consonant.c29,3.85,3.27,0.3331,lexique,,
5,,spaghetti,sirop,nom.m.s.consonant.c29,3.25,3.8,0.4228,lexique,,
5,,thé,concombre,nom.m.s.consonant.c29,4.34,3.2,0.4075,lexique,,
5,,toast,navet,nom.m.s.consonant.c29,3.05,3.06,0.3785,lexique,,
5,,veau,gâteau,nom.m.s.consonant.c29,3.68,4.22,0.3687,lexique,,
5,,bikini,maillot,nom.m.s.consonant.c3,3.4,4.31,0.3937,lexique,,
5,,blouson,peignoir,nom.m.s.consonant.c3,3.25,3.05,0.5761,lexique,,
5,,drap,buste,nom.m.s.consonant.c3,3.51,3.61,0.4111,lexique,,
5,,gant,brassard,nom.m.s.consonant.c3,3.5,3.34,0.4075,lexique,,
5,,gilet,costard,nom.m.s.consonant.c3,3.77,3.36,0.54,lexique,,
5,,marc,masque,nom.m.s.consonant.c3,4.67,4.29,0.2406,lexique,,
5,,noeud,costume,nom.m.s.consonant.c3,3.42,4.2,0.3238,lexique,,
5,,parapluie,pull,nom.m.s.consonant.c3,3.52,3.89,0.4322,lexique,,
5,,pompon,col,nom.m.s.consonant.c3,3.04,4.36,0.4334,lexique,,
5,,pyjama,bandeau,nom.m.s.consonant.c3,3.57,3.48,0.5493,lexique,,
5,,short,béret,nom.m.s.consonant.c3,3.94,3.07,0.3383,lexique,,
5,,smoking,manteau,nom.m.s.consonant.c3,3.09,4.12,0.6344,lexique,,
5,,string,capuchon,nom.m.s.consonant.c3,3.45,3.04,0.4413,lexique,,
5,,turban,sac,nom.m.s.consonant.c3,3.13,4.8,0.5235,lexique,,
5,,bilinguisme,mémo,nom.m.s.consonant.c30,3.19,3.19,0.506,lexique,,
5,,collector,folio,nom.m.s.consonant.c30,3.32,3.36,0.32,lexique,,
5,,commentaire,concept,nom.m.s.consonant.c30,4.58,4.68,0.4033,lexique,,
5,,concordat,colloque,nom.m.s.consonant.c30,3.09,3.92,0.3273,lexique,,
5,,décryptage,protocole,nom.m.s.consonant.c30,3.25,4.16,0.3852,lexique,,
5,,graphisme,tableau,nom.m.s.consonant.c30,3.35,4.82,0.3651,lexique,,
5,,jargon,lien,nom.m.s.consonant.c30,3.41,5.1,0.3668,lexique,,
5,,portfolio,chapitre,nom.m.s.consonant.c30,3.03,4.56,0.3434,lexique,,
5,,préambule,questionnaire,nom.m.s.consonant.c30,3.46,3.72,0.5246,lexique,,
5,,registre,détail,nom.m.s.consonant.c30,4.33,4.58,0.3792,lexique,,
5,,répertoire,génome,nom.m.s.consonant.c30,4.09,3.33,0.2393,lexique,,
5,,schéma,spécimen,nom.m.s.consonant.c30,4.13,3.47,0.1817,lexique,,
5,,scribe,cahier,nom.m.s.consonant.c30,3.04,4.07,0.3687,lexique,,
5,,sujet,catalogue,nom.m.s.consonant.c30,5.28,4.29,0.2956,lexique,,
5,,symposium,zodiaque,nom.m.s.consonant.c30,3.17,3.32,0.2857,lexique,,
5,,baron,prédécesseur,nom.m.s.consonant.c31,4.17,3.78,0.2665,lexique,,
5,,chancelier,pasteur,nom.m.s.consonant.c31,3.85,4.13,0.4817,lexique,,
5,,chanoine,sir,nom.m.s.consonant.c31,3.55,4.11,0.2313,lexique,,
5,,chirurgien,perrier,nom.m.s.consonant.c31,3.98,3.13,0.3112,lexique,,
5,,cormier,prévôt,nom.m.s.consonant.c31,3.0,3.14,0.3863,lexique,,
5,,curé,xavier,nom.m.s.consonant.c31,3.99,4.21,0.3009,lexique,,
5,,doyen,neveu,nom.m.s.consonant.c31,3.82,4.07,0.4041,lexique,,
5,,frère,gaspard,nom.m.s.consonant.c31,5.18,3.41,0.3705,lexique,,
5,,guillaume,docteur,nom.m.s.consonant.c31,4.49,4.71,0.4031,lexique,,
5,,lord,clerc,nom.m.s.consonant.c31,4.15,3.47,0.2059,lexique,,
5,,louis,charlot,nom.m.s.consonant.c31,5.06,3.06,0.2918,lexique,,
5,,légat,maître,nom.m.s.consonant.c31,3.07,4.95,0.3729,lexique,,
5,,mari,rousseau,nom.m.s.consonant.c31,4.8,3.88,0.1377,lexique,,
5,,mercier,capitaine,nom.m.s.consonant.c31,3.65,4.78,0.3276,lexique,,
5,,monsieur,césar,nom.m.s.consonant.c31,5.01,4.22,0.1845,lexique,,
5,,parmentier,banquier,nom.m.s.consonant.c31,3.03,3.92,0.1562,lexique,,
5,,parrain,vicaire,nom.m.s.consonant.c31,3.88,3.57,0.3069,lexique,,
5,,prédicateur,benjamin,nom.m.s.consonant.c31,3.24,4.18,0.3191,lexique,,
5,,prélat,patron,nom.m.s.consonant.c31,3.3,4.69,0.287,lexique,,
5,,père,lieutenant,nom.m.s.consonant.c31,5.44,4.51,0.4618,lexique,,
5,,sieur,joseph,nom.m.s.consonant.c31,3.49,4.5,0.4161,lexique,,
5,,blanchiment,rééquilibrage,nom.m.s.consonant.c33,3.52,3.0,0.3901,lexique,,
5,,bombardement,renouvellement,nom.m.s.consonant.c33,3.61,4.1,0.5642,lexique,,
5,,chantage,donateur,nom.m.s.consonant.c33,3.69,3.21,0.4492,lexique,,
5,,châtiment,débarquement,nom.m.s.consonant.c33,3.53,3.77,0.4482,lexique,,
5,,classement,corollaire,nom.m.s.consonant.c33,4.71,3.11,0.5142,lexique,,
5,,commandement,dénominateur,nom.m.s.consonant.c33,4.26,3.04,0.6305,lexique,,
5,,commentateur,ralliement,nom.m.s.consonant.c33,3.48,3.5,0.5323,lexique,,
5,,consistoire,respect,nom.m.s.consonant.c33,3.14,4.91,0.3338,lexique,,
5,,contexte,consentement,nom.m.s.consonant.c33,4.79,4.12,0.5521,lexique,,
5,,contournement,règlement,nom.m.s.consonant.c33,3.22,4.54,0.6192,lexique,,
5,,contributeur,dépit,nom.m.s.consonant.c33,3.13,4.2,0.1508,lexique,,
5,,discernement,continent,nom.m.s.consonant.c33,3.47,4.34,0.5593,lexique,,
5,,domino,qualificatif,nom.m.s.consonant.c33,3.29,3.39,0.4025,lexique,,
5,,déclencheur,soulagement,nom.m.s.consonant.c33,3.34,3.8,0.346,lexique,,
5,,démantèlement,remerciement,nom.m.s.consonant.c33,3.53,3.33,0.4906,lexique,,
5,,dérangement,patronat,nom.m.s.consonant.c33,3.17,3.59,0.4193,lexique,,
5,,favoritisme,franchissement,nom.m.s.consonant.c33,3.2,3.13,0.6089,lexique,,
5,,filon,sabotage,nom.m.s.consonant.c33,3.17,3.38,0.5943,lexique,,
5,,migrant,continuum,nom.m.s.consonant.c33,3.25,3.1,0.2859,lexique,,
5,,mécanisme,détournement,nom.m.s.consonant.c33,4.2,3.75,0.5342,lexique,,
5,,paludisme,déroulement,nom.m.s.consonant.c33,3.3,3.92,0.5514,lexique,,
5,,parlement,vieillissement,nom.m.s.consonant.c33,4.81,3.71,0.5628,lexique,,
5,,phénomène,désarmement,nom.m.s.consonant.c33,4.62,3.31,0.4258,lexique,,
5,,positionnement,commencement,nom.m.s.consonant.c33,3.73,3.77,0.6496,lexique,,
5,,postulat,diapason,nom.m.s.consonant.c33,3.26,3.1,0.3214,lexique,,
5,,pourvoi,détriment,nom.m.s.consonant.c33,3.13,4.04,0.5938,lexique,,
5,,pressing,bouleversement,nom.m.s.consonant.c33,3.26,3.25,0.5954,lexique,,
5,,problème,couronnement,nom.m.s.consonant.c33,5.41,3.46,0.3503,lexique,,
5,,profit,recensement,nom.m.s.consonant.c33,4.61,3.86,0.3523,lexique,,
5,,protectorat,danger,nom.m.s.consonant.c33,3.23,4.75,0.3797,lexique,,
5,,préservatif,virement,nom.m.s.consonant.c33,3.41,3.46,0.608,lexique,,
5,,purgatoire,mouvement,nom.m.s.consonant.c33,3.18,5.13,0.59,lexique,,
5,,quantum,gouvernement,nom.m.s.consonant.c33,3.1,5.42,0.3523,lexique,,
5,,raffinement,directoire,nom.m.s.consonant.c33,3.19,3.77,0.4226,lexique,,
5,,raisonnement,campement,nom.m.s.consonant.c33,4.01,3.52,0.6194,lexique,,
5,,rappel,déséquilibre,nom.m.s.consonant.c33,4.41,3.6,0.354,lexique,,
5,,rapport,battement,nom.m.s.consonant.c33,5.44,3.15,0.5802,lexique,,
5,,ravitaillement,tremblement,nom.m.s.consonant.c33,3.56,3.77,0.6306,lexique,,
5,,reclassement,confident,nom.m.s.consonant.c33,3.0,3.13,0.5062,lexique,,
5,,recouvrement,manipulateur,nom.m.s.consonant.c33,3.56,3.27,0.4333,lexique,,
5,,recrutement,bannissement,nom.m.s.consonant.c33,4.31,3.12,0.5818,lexique,,
5,,recueillement,climat,nom.m.s.consonant.c33,3.09,4.6,0.4124,lexique,,
5,,redressement,compliment,nom.m.s.consonant.c33,3.69,3.72,0.6343,lexique,,
5,,renforcement,défaut,nom.m.s.consonant.c33,3.97,4.63,0.3275,lexique,,
5,,renouveau,retentissement,nom.m.s.consonant.c33,3.84,3.11,0.5792,lexique,,
5,,repaire,dysfonctionnement,nom.m.s.consonant.c33,3.31,3.27,0.5399,lexique,,
5,,retrait,gisement,nom.m.s.consonant.c33,4.35,3.5,0.5314,lexique,,
5,,réchauffement,déclic,nom.m.s.consonant.c33,3.95,3.31,0.5091,lexique,,
5,,signalement,ressortissant,nom.m.s.consonant.c33,3.44,3.16,0.583,lexique,,
5,,substitut,trait,nom.m.s.consonant.c33,3.46,4.24,0.5005,lexique,,
5,,surcroît,déclassement,nom.m.s.consonant.c33,3.69,3.05,0.4469,lexique,,
5,,tell,détachement,nom.m.s.consonant.c33,3.42,3.74,0.4635,lexique,,
5,,tribut,facteur,nom.m.s.consonant.c33,3.34,4.35,0.4176,lexique,,
5,,volontariat,constat,nom.m.s.consonant.c33,3.17,4.12,0.5752,lexique,,
5,,côlon,cancer,nom.m.s.consonant.c34,3.04,4.66,0.4532,lexique,,
5,,gène,jeûne,nom.m.s.consonant.c34,3.83,3.56,0.1168,lexique,,
5,,ligament,ney,nom.m.s.consonant.c34,3.24,3.11,0.4118,lexique,,
5,,médicament,sida,nom.m.s.consonant.c34,4.08,4.02,0.3032,lexique,,
5,,syndrome,foie,nom.m.s.consonant.c34,3.99,4.16,0.2829,lexique,,
5,,trauma,poumon,nom.m.s.consonant.c34,3.03,3.66,0.3237,lexique,,
5,,champagne,rhum,nom.m.s.consonant.c35,4.37,3.73,0.4465,lexique,,
5,,cidre,millésime,nom.m.s.consonant.c35,3.44,3.32,0.3363,lexique,,
5,,cola,terroir,nom.m.s.consonant.c35,3.67,3.68,0.3498,lexique,,
5,,gin,pinot,nom.m.s.consonant.c35,3.19,3.35,0.3952,lexique,,
5,,bitume,plâtre,nom.m.s.consonant.c36,3.38,3.64,0.2746,lexique,,
5,,bourdon,couloir,nom.m.s.consonant.c36,3.33,4.03,0.3024,lexique,,
5,,béton,plafond,nom.m.s.consonant.c36,4.17,4.22,0.4356,lexique,,
5,,cintre,choeur,nom.m.s.consonant.c36,3.13,3.34,0.4418,lexique,,
5,,corridor,pignon,nom.m.s.consonant.c36,3.41,3.45,0.3889,lexique,,
5,,dôme,trottoir,nom.m.s.consonant.c36,3.76,3.88,0.2954,lexique,,
5,,guet,chevet,nom.m.s.consonant.c36,3.45,3.69,0.3032,lexique,,
5,,maçon,rebord,nom.m.s.consonant.c36,3.5,3.21,0.382,lexique,,
5,,mortier,tympan,nom.m.s.consonant.c36,3.58,3.04,0.2197,lexique,,
5,,mur,chapiteau,nom.m.s.consonant.c36,4.74,3.39,0.2894,lexique,,
5,,muret,pierrot,nom.m.s.consonant.c36,3.2,3.28,0.4585,lexique,,
5,,pavé,presbytère,nom.m.s.consonant.c36,3.74,3.2,0.2156,lexique,,
5,,socle,pier,nom.m.s.consonant.c36,3.74,3.25,0.3925,lexique,,
5,,toit,portail,nom.m.s.consonant.c36,4.39,4.14,0.3995,lexique,,
5,,bain,balcon,nom.m.s.consonant.c37,4.55,3.85,0.3631,lexique,,
5,,bureau,sofa,nom.m.s.consonant.c37,5.04,3.01,0.3855,lexique,,
5,,carrelage,four,nom.m.s.consonant.c37,3.12,4.26,0.3712,lexique,,
5,,chai,dressing,nom.m.s.consonant.c37,3.11,3.01,0.287,lexique,,
5,,comptoir,laveur,nom.m.s.consonant.c37,3.88,3.01,0.1976,lexique,,
5,,congélateur,tabouret,nom.m.s.consonant.c37,3.25,3.23,0.2401,lexique,,
5,,grenier,banc,nom.m.s.consonant.c37,3.93,4.22,0.233,lexique,,
5,,linge,coffre,nom.m.s.consonant.c37,3.99,4.11,0.4029,lexique,,
5,,lino,loft,nom.m.s.consonant.c37,3.15,3.24,0.2412,lexique,,
5,,lit,parquet,nom.m.s.consonant.c37,5.03,4.1,0.2044,lexique,,
5,,réfrigérateur,rideau,nom.m.s.consonant.c37,3.27,3.89,0.2491,lexique,,
5,,tiroir,fauteuil,nom.m.s.consonant.c37,3.68,4.15,0.3855,lexique,,
5,,bûcheron,totalitarisme,nom.m.s.consonant.c39,3.01,3.13,0.3889,lexique,,
5,,canular,romantisme,nom.m.s.consonant.c39,3.24,3.5,0.3961,lexique,,
5,,clivage,terrorisme,nom.m.s.consonant.c39,3.36,4.34,0.4131,lexique,,
5,,conflit,paradigme,nom.m.s.consonant.c39,4.6,3.45,0.3932,lexique,,
5,,dictateur,modernisme,nom.m.s.consonant.c39,3.73,3.05,0.2932,lexique,,
5,,journalisme,prosélytisme,nom.m.s.consonant.c39,3.99,3.09,0.6169,lexique,,
5,,liber,narcissisme,nom.m.s.consonant.c39,3.05,3.02,0.482,lexique,,
5,,malaga,stéréotype,nom.m.s.consonant.c39,3.16,3.06,0.1231,lexique,,
5,,patriotisme,tyran,nom.m.s.consonant.c39,3.59,3.45,0.5088,lexique,,
5,,prisme,vandalisme,nom.m.s.consonant.c39,3.48,3.35,0.5993,lexique,,
5,,prolétariat,féminisme,nom.m.s.consonant.c39,3.37,3.78,0.5946,lexique,,
5,,reich,complot,nom.m.s.consonant.c39,3.61,4.11,0.3093,lexique,,
5,,réalisme,schiste,nom.m.s.consonant.c39,3.83,3.53,0.3485,lexique,,
5,,sexisme,différend,nom.m.s.consonant.c39,3.53,3.5,0.4909,lexique,,
5,,sionisme,classicisme,nom.m.s.consonant.c39,3.23,3.0,0.5665,lexique,,
5,,symbolisme,marxisme,nom.m.s.consonant.c39,3.24,3.42,0.5373,lexique,,
5,,syndicalisme,lectorat,nom.m.s.consonant.c39,3.39,3.09,0.469,lexique,,
5,,voltaire,libéralisme,nom.m.s.consonant.c39,3.81,3.72,0.4861,lexique,,
5,,campo,vivier,nom.m.s.consonant.c4,3.04,3.26,0.1572,lexique,,
5,,défenseur,tremplin,nom.m.s.consonant.c4,4.24,3.43,0.0819,lexique,,
5,,bailliage,bey,nom.m.s.consonant.c40,3.23,3.39,0.3304,lexique,,
5,,bastion,clan,nom.m.s.consonant.c40,3.53,4.23,0.2828,lexique,,
5,,brabant,castel,nom.m.s.consonant.c40,3.6,3.31,0.2835,lexique,,
5,,califat,dauphin,nom.m.s.consonant.c40,3.23,3.87,0.3056,lexique,,
5,,capitole,seigneur,nom.m.s.consonant.c40,3.47,4.87,0.3317,lexique,,
5,,châtelain,prieuré,nom.m.s.consonant.c40,3.15,3.39,0.6068,lexique,,
5,,comte,butin,nom.m.s.consonant.c40,4.63,3.62,0.2073,lexique,,
5,,diocèse,colombier,nom.m.s.consonant.c40,3.94,3.01,0.376,lexique,,
5,,duc,fortin,nom.m.s.consonant.c40,4.59,3.32,0.2886,lexique,,
5,,duché,chypre,nom.m.s.consonant.c40,3.78,3.66,0.2777,lexique,,
5,,fief,brumaire,nom.m.s.consonant.c40,3.78,3.01,0.3198,lexique,,
5,,gentilhomme,giron,nom.m.s.consonant.c40,3.36,3.21,0.4308,lexique,,
5,,manoir,monarque,nom.m.s.consonant.c40,3.75,3.53,0.2652,lexique,,
5,,maréchal,carmel,nom.m.s.consonant.c40,4.17,3.07,0.2987,lexique,,
5,,messire,châtelet,nom.m.s.consonant.c40,3.34,3.61,0.5928,lexique,,
5,,monastère,vicomte,nom.m.s.consonant.c40,3.94,3.58,0.357,lexique,,
5,,napoléon,calife,nom.m.s.consonant.c40,4.26,3.15,0.4873,lexique,,
5,,pacha,chambellan,nom.m.s.consonant.c40,3.45,3.12,0.4228,lexique,,
5,,roi,colon,nom.m.s.consonant.c40,5.18,3.41,0.2868,lexique,,
5,,royaume,sultan,nom.m.s.consonant.c40,4.83,3.77,0.5403,lexique,,
5,,régent,couvent,nom.m.s.consonant.c40,3.48,3.97,0.2399,lexique,,
5,,sire,tsar,nom.m.s.consonant.c40,3.78,3.41,0.5164,lexique,,
5,,batteur,traducteur,nom.m.s.consonant.c42,3.57,3.71,0.375,lexique,,
5,,besson,mentor,nom.m.s.consonant.c42,3.49,3.59,0.1679,lexique,,
5,,bob,tandem,nom.m.s.consonant.c42,4.32,3.4,0.2435,lexique,,
5,,chroniqueur,juan,nom.m.s.consonant.c42,3.69,4.08,0.1489,lexique,,
5,,compositeur,virginie,nom.m.s.consonant.c42,3.94,3.89,0.1737,lexique,,
5,,danseur,rédacteur,nom.m.s.consonant.c42,3.59,3.91,0.2517,lexique,,
5,,daphné,bosco,nom.m.s.consonant.c42,3.08,3.03,0.0283,lexique,,
5,,footballeur,yorkshire,nom.m.s.consonant.c42,3.78,3.01,0.1215,lexique,,
5,,franklin,violoncelle,nom.m.s.consonant.c42,3.71,3.31,0.2281,lexique,,
5,,génie,cor,nom.m.s.consonant.c42,4.6,3.56,0.2682,lexique,,
5,,maestro,bardot,nom.m.s.consonant.c42,3.31,3.12,0.3509,lexique,,
5,,mathématicien,robin,nom.m.s.consonant.c42,3.34,4.17,0.161,lexique,,
5,,physicien,meneur,nom.m.s.consonant.c42,3.43,3.54,0.3266,lexique,,
5,,piano,renom,nom.m.s.consonant.c42,4.26,3.51,0.1936,lexique,,
5,,pionnier,martin,nom.m.s.consonant.c42,3.51,4.76,0.3305,lexique,,
5,,playboy,chant,nom.m.s.consonant.c42,3.17,4.29,0.2027,lexique,,
5,,présentateur,valentin,nom.m.s.consonant.c42,3.53,4.01,0.2467,lexique,,
5,,pseudonyme,cofondateur,nom.m.s.consonant.c42,3.52,3.36,0.3981,lexique,,
5,,robert,poète,nom.m.s.consonant.c42,4.7,4.36,0.329,lexique,,
5,,réal,lloyd,nom.m.s.consonant.c42,3.57,3.55,0.248,lexique,,
5,,sculpteur,metteur,nom.m.s.consonant.c42,3.61,3.68,0.4754,lexique,,
5,,sylvain,chantre,nom.m.s.consonant.c42,3.89,3.17,0.129,lexique,,
5,,van,violon,nom.m.s.consonant.c42,4.68,3.79,0.1976,lexique,,
5,,walter,concerto,nom.m.s.consonant.c42,4.14,3.3,0.3064,lexique,,
5,,bataclan,ricochet,nom.m.s.consonant.c43,3.2,3.02,0.2178,lexique,,
5,,blizzard,péril,nom.m.s.consonant.c43,3.33,3.94,0.1952,lexique,,
5,,génocide,dégât,nom.m.s.consonant.c43,3.96,3.18,0.1912,lexique,,
5,,séisme,fléau,nom.m.s.consonant.c43,3.71,3.74,0.3778,lexique,,
5,,tsunami,lynchage,nom.m.s.consonant.c43,3.44,3.11,0.4495,lexique,,
5,,typhon,tripoli,nom.m.s.consonant.c43,3.12,3.47,0.2269,lexique,,
5,,baptême,témoin,nom.m.s.consonant.c44,3.88,4.43,0.2768,lexique,,
5,,calvaire,gloria,nom.m.s.consonant.c44,3.71,3.57,0.3674,lexique,,
5,,caveau,serviteur,nom.m.s.consonant.c44,3.16,3.74,0.463,lexique,,
5,,chapelet,don,nom.m.s.consonant.c44,3.13,4.72,0.2834,lexique,,
5,,christ,diacre,nom.m.s.consonant.c44,4.5,3.24,0.5365,lexique,,
5,,compagnon,sauveur,nom.m.s.consonant.c44,4.17,3.96,0.235,lexique,,
5,,confesseur,sanctuaire,nom.m.s.consonant.c44,3.01,3.89,0.5365,lexique,,
5,,déshonneur,mausolée,nom.m.s.consonant.c44,3.04,3.17,0.3635,lexique,,
5,,marabout,rosaire,nom.m.s.consonant.c44,3.24,3.08,0.2434,lexique,,
5,,moine,supplice,nom.m.s.consonant.c44,3.87,3.29,0.3043,lexique,,
5,,mémorial,jésus,nom.m.s.consonant.c44,3.58,4.65,0.168,lexique,,
5,,nirvana,pèlerinage,nom.m.s.consonant.c44,3.22,3.67,0.3789,lexique,,
5,,pieu,temple,nom.m.s.consonant.c44,3.13,4.42,0.4551,lexique,,
5,,pope,moïse,nom.m.s.consonant.c44,3.23,3.71,0.4343,lexique,,
5,,précepteur,pèlerin,nom.m.s.consonant.c44,3.06,3.26,0.348,lexique,,
5,,sacrifice,monument,nom.m.s.consonant.c44,4.03,4.19,0.4146,lexique,,
5,,sépulcre,témoignage,nom.m.s.consonant.c44,3.0,4.38,0.3664,lexique,,
5,,tabernacle,mariage,nom.m.s.consonant.c44,3.02,5.05,0.1941,lexique,,
5,,tombeau,bouddha,nom.m.s.consonant.c44,3.8,3.61,0.4336,lexique,,
5,,trésor,messie,nom.m.s.consonant.c44,4.44,3.45,0.2339,lexique,,
5,,valet,voeu,nom.m.s.consonant.c44,3.57,3.21,0.2749,lexique,,
5,,balayage,cockpit,nom.m.s.consonant.c45,3.26,3.35,0.4706,lexique,,
5,,bouton,block,nom.m.s.consonant.c45,4.23,3.5,0.4406,lexique,,
5,,boîtier,volume,nom.m.s.consonant.c45,3.39,4.63,0.4197,lexique,,
5,,caisson,polygone,nom.m.s.consonant.c45,3.17,3.0,0.3393,lexique,,
5,,cal,watt,nom.m.s.consonant.c45,3.4,3.1,0.2446,lexique,,
5,,capot,récepteur,nom.m.s.consonant.c45,3.48,3.51,0.2564,lexique,,
5,,cube,casque,nom.m.s.consonant.c45,3.77,4.26,0.2346,lexique,,
5,,curseur,triangle,nom.m.s.consonant.c45,3.16,3.9,0.3678,lexique,,
5,,cylindre,laser,nom.m.s.consonant.c45,3.54,3.92,0.388,lexique,,
5,,diffuseur,bip,nom.m.s.consonant.c45,3.35,3.52,0.2422,lexique,,
5,,disque,paramètre,nom.m.s.consonant.c45,4.48,3.48,0.4266,lexique,,
5,,détecteur,câble,nom.m.s.consonant.c45,3.66,4.18,0.4353,lexique,,
5,,factor,pentagone,nom.m.s.consonant.c45,3.02,3.47,0.3926,lexique,,
5,,fil,téléviseur,nom.m.s.consonant.c45,4.82,3.17,0.2132,lexique,,
5,,fuseau,bloc,nom.m.s.consonant.c45,3.09,4.49,0.3911,lexique,,
5,,fusible,guidage,nom.m.s.consonant.c45,3.05,3.19,0.5317,lexique,,
5,,gabarit,pointage,nom.m.s.consonant.c45,3.34,3.1,0.4419,lexique,,
5,,losange,machin,nom.m.s.consonant.c45,3.05,3.73,0.246,lexique,,
5,,panneau,radiateur,nom.m.s.consonant.c45,4.15,3.3,0.5495,lexique,,
5,,parleur,type,nom.m.s.consonant.c45,3.41,5.32,0.3611,lexique,,
5,,piston,pad,nom.m.s.consonant.c45,3.38,3.16,0.4087,lexique,,
5,,projecteur,filtrage,nom.m.s.consonant.c45,3.34,3.23,0.4125,lexique,,
5,,rayon,diaphragme,nom.m.s.consonant.c45,4.3,3.0,0.3696,lexique,,
5,,rectangle,calibre,nom.m.s.consonant.c45,3.39,3.87,0.3259,lexique,,
5,,réglage,diamètre,nom.m.s.consonant.c45,3.38,4.23,0.4978,lexique,,
5,,satellite,verrou,nom.m.s.consonant.c45,4.08,3.32,0.3286,lexique,,
5,,stick,cône,nom.m.s.consonant.c45,3.15,3.46,0.2934,lexique,,
5,,ventilateur,cadran,nom.m.s.consonant.c45,3.37,3.4,0.3345,lexique,,
5,,verrouillage,mètre,nom.m.s.consonant.c45,3.18,4.06,0.2659,lexique,,
5,,zoom,débit,nom.m.s.consonant.c45,3.63,4.24,0.2767,lexique,,
5,,baccalauréat,bénévolat,nom.m.s.consonant.c46,3.72,3.4,0.1382,lexique,,
5,,leadership,carrier,nom.m.s.consonant.c46,3.7,3.22,0.2971,lexique,,
5,,mécénat,bachelier,nom.m.s.consonant.c46,3.24,3.11,0.2717,lexique,,
5,,métier,prestige,nom.m.s.consonant.c46,4.66,3.96,0.262,lexique,,
5,,praticien,soutien,nom.m.s.consonant.c46,3.39,4.91,0.2577,lexique,,
5,,professionnalisme,patronage,nom.m.s.consonant.c46,3.46,3.34,0.1167,lexique,,
5,,sponsor,séminaire,nom.m.s.consonant.c46,3.43,4.06,0.109,lexique,,
5,,stage,médaillon,nom.m.s.consonant.c46,4.5,3.3,0.0781,lexique,,
5,,titre,conférencier,nom.m.s.consonant.c46,5.33,3.17,0.1577,lexique,,
5,,berg,goliath,nom.m.s.consonant.c47,3.28,3.01,0.4395,lexique,,
5,,berger,renard,nom.m.s.consonant.c47,3.95,3.89,0.5348,lexique,,
5,,braconnage,paon,nom.m.s.consonant.c47,3.04,3.08,0.3265,lexique,,
5,,cerf,cafard,nom.m.s.consonant.c47,3.78,3.14,0.4045,lexique,,
5,,chevreuil,rat,nom.m.s.consonant.c47,3.1,3.9,0.3938,lexique,,
5,,coq,castor,nom.m.s.consonant.c47,3.83,3.42,0.525,lexique,,
5,,faucon,piaf,nom.m.s.consonant.c47,3.44,3.23,0.4561,lexique,,
5,,gibier,furet,nom.m.s.consonant.c47,3.53,3.07,0.3938,lexique,,
5,,merle,poussin,nom.m.s.consonant.c47,3.23,3.49,0.5472,lexique,,
5,,mouton,phoque,nom.m.s.consonant.c47,3.92,3.3,0.5509,lexique,,
5,,raton,garou,nom.m.s.consonant.c47,3.0,3.5,0.5993,lexique,,
5,,ver,caribou,nom.m.s.consonant.c47,3.73,3.01,0.2589,lexique,,
5,,bristol,sabot,nom.m.s.consonant.c48,3.27,3.1,0.3226,lexique,,
5,,cachemire,laiton,nom.m.s.consonant.c48,3.3,3.15,0.3936,lexique,,
5,,carreau,suède,nom.m.s.consonant.c48,3.48,4.34,0.4331,lexique,,
5,,chevron,cuir,nom.m.s.consonant.c48,3.12,4.18,0.4351,lexique,,
5,,lin,ruban,nom.m.s.consonant.c48,3.89,3.75,0.4191,lexique,,
5,,plaid,scotch,nom.m.s.consonant.c48,3.04,3.29,0.3998,lexique,,
5,,titane,collet,nom.m.s.consonant.c48,3.22,3.41,0.4036,lexique,,
5,,tricot,ciseau,nom.m.s.consonant.c48,3.15,3.06,0.3678,lexique,,
5,,bazar,noël,nom.m.s.consonant.c49,3.53,4.78,0.1486,lexique,,
5,,bisou,bobby,nom.m.s.consonant.c49,3.55,3.77,0.3632,lexique,,
5,,bonjour,sexe,nom.m.s.consonant.c49,5.12,4.75,0.1954,lexique,,
5,,bordel,tonton,nom.m.s.consonant.c49,4.65,3.52,0.2232,lexique,,
5,,boulot,beauf,nom.m.s.consonant.c49,4.81,3.26,0.432,lexique,,
5,,chum,gag,nom.m.s.consonant.c49,3.36,3.34,0.5786,lexique,,
5,,clochard,twist,nom.m.s.consonant.c49,3.19,3.3,0.4949,lexique,,
5,,cul,bled,nom.m.s.consonant.c49,4.92,3.55,0.2893,lexique,,
5,,dada,job,nom.m.s.consonant.c49,3.17,4.4,0.3121,lexique,,
5,,filleul,frangin,nom.m.s.consonant.c49,3.02,3.12,0.2865,lexique,,
5,,fiston,blair,nom.m.s.consonant.c49,3.22,3.6,0.519,lexique,,
5,,flirt,coucou,nom.m.s.consonant.c49,3.26,4.12,0.2327,lexique,,
5,,fric,frérot,nom.m.s.consonant.c49,3.99,3.22,0.5179,lexique,,
5,,gourou,mec,nom.m.s.consonant.c49,3.36,5.2,0.2118,lexique,,
5,,lambda,rencard,nom.m.s.consonant.c49,3.41,3.09,0.1145,lexique,,
5,,papa,loser,nom.m.s.consonant.c49,4.57,3.08,0.2578,lexique,,
5,,pote,truc,nom.m.s.consonant.c49,4.56,5.28,0.5786,lexique,,
5,,pépé,shit,nom.m.s.consonant.c49,3.02,3.6,0.316,lexique,,
5,,pétard,papi,nom.m.s.consonant.c49,3.26,3.43,0.3984,lexique,,
5,,ramon,bide,nom.m.s.consonant.c49,3.29,3.35,0.2183,lexique,,
5,,sou,bonsoir,nom.m.s.consonant.c49,3.76,4.24,0.2237,lexique,,
5,,taf,flingue,nom.m.s.consonant.c49,3.83,3.4,0.3917,lexique,,
5,,voyeur,bobo,nom.m.s.consonant.c49,3.17,3.63,0.316,lexique,,
5,,ballet,folklore,nom.m.s.consonant.c5,3.81,3.4,0.3588,lexique,,
5,,cabaret,cortège,nom.m.s.consonant.c5,3.6,3.76,0.2759,lexique,,
5,,ciné,bal,nom.m.s.consonant.c5,3.9,4.12,0.2899,lexique,,
5,,cinéma,muséum,nom.m.s.consonant.c5,4.88,3.51,0.368,lexique,,
5,,clown,palace,nom.m.s.consonant.c5,3.83,3.73,0.0895,lexique,,
5,,concert,musée,nom.m.s.consonant.c5,4.66,4.8,0.2642,lexique,,
5,,gymnase,gala,nom.m.s.consonant.c5,3.64,3.8,0.2511,lexique,,
5,,panthéon,zoo,nom.m.s.consonant.c5,3.62,3.96,0.1185,lexique,,
5,,pantin,lycée,nom.m.s.consonant.c5,3.38,4.75,0.1429,lexique,,
5,,récital,lycéen,nom.m.s.consonant.c5,3.17,3.42,0.2251,lexique,,
5,,squat,tournage,nom.m.s.consonant.c5,3.21,4.33,0.1618,lexique,,
5,,théâtre,square,nom.m.s.consonant.c5,4.85,3.84,0.3192,lexique,,
5,,code,dépôt,nom.m.s.consonant.c51,5.0,4.4,0.2234,lexique,,
5,,fuel,coupon,nom.m.s.consonant.c51,3.14,3.06,0.0853,lexique,,
5,,timbre,fioul,nom.m.s.consonant.c51,3.8,3.11,0.0909,lexique,,
5,,télégramme,recto,nom.m.s.consonant.c51,3.45,3.19,0.2492,lexique,,
5,,ballon,marteau,nom.m.s.consonant.c52,4.42,3.87,0.3749,lexique,,
5,,feu,jet,nom.m.s.consonant.c52,5.16,4.06,0.2976,lexique,,
5,,glaive,ring,nom.m.s.consonant.c52,3.02,3.71,0.2469,lexique,,
5,,kick,rasoir,nom.m.s.consonant.c52,3.38,3.45,0.2371,lexique,,
5,,lancelot,sceptre,nom.m.s.consonant.c52,3.34,3.06,0.1842,lexique,,
5,,sabre,pilon,nom.m.s.consonant.c52,3.79,3.18,0.5504,lexique,,
5,,sniper,couteau,nom.m.s.consonant.c52,3.43,4.32,0.4426,lexique,,
5,,tir,bâton,nom.m.s.consonant.c52,4.43,4.1,0.3024,lexique,,
5,,tireur,poteau,nom.m.s.consonant.c52,3.84,3.96,0.3387,lexique,,
5,,baril,déficit,nom.m.s.consonant.c53,3.43,4.15,0.3611,lexique,,
5,,chômage,comptage,nom.m.s.consonant.c53,4.62,3.22,0.2966,lexique,,
5,,coût,délai,nom.m.s.consonant.c53,4.67,4.47,0.4125,lexique,,
5,,créancier,degré,nom.m.s.consonant.c53,3.29,4.44,0.2093,lexique,,
5,,cumul,litige,nom.m.s.consonant.c53,3.63,3.7,0.2118,lexique,,
5,,dollar,critère,nom.m.s.consonant.c53,4.02,3.97,0.1379,lexique,,
5,,justificatif,coefficient,nom.m.s.consonant.c53,3.06,3.63,0.4527,lexique,,
5,,loyer,gain,nom.m.s.consonant.c53,4.14,4.19,0.3343,lexique,,
5,,mark,contrat,nom.m.s.consonant.c53,4.31,4.96,0.2078,lexique,,
5,,millet,barème,nom.m.s.consonant.c53,3.28,3.49,0.0262,lexique,,
5,,milliard,chômeur,nom.m.s.consonant.c53,4.11,3.34,0.1829,lexique,,
5,,million,numéraire,nom.m.s.consonant.c53,4.53,3.09,0.2679,lexique,,
5,,nombre,remboursement,nom.m.s.consonant.c53,5.47,4.15,0.4076,lexique,,
5,,plébiscite,seuil,nom.m.s.consonant.c53,3.11,4.37,0.2176,lexique,,
5,,pognon,millier,nom.m.s.consonant.c53,3.5,3.72,0.3133,lexique,,
5,,préjudice,scrutin,nom.m.s.consonant.c53,3.91,4.26,0.2221,lexique,,
5,,quorum,crédit,nom.m.s.consonant.c53,3.02,4.72,0.3293,lexique,,
5,,référendum,congé,nom.m.s.consonant.c53,4.32,4.18,0.2597,lexique,,
5,,suffrage,semestre,nom.m.s.consonant.c53,3.77,3.96,0.1721,lexique,,
5,,surcoût,résultat,nom.m.s.consonant.c53,3.04,5.0,0.4844,lexique,,
5,,versement,yuan,nom.m.s.consonant.c53,3.81,3.34,0.3034,lexique,,
5,,yen,statut,nom.m.s.consonant.c53,3.77,4.7,0.1768,lexique,,
5,,zéro,trimestre,nom.m.s.consonant.c53,4.49,4.15,0.0669,lexique,,
5,,bongo,porto,nom.m.s.consonant.c54,3.25,4.05,0.0342,lexique,,
5,,dunkerque,mardi,nom.m.s.consonant.c54,3.75,4.73,0.2024,lexique,,
5,,malien,dale,nom.m.s.consonant.c54,3.47,3.46,0.0854,lexique,,
5,,mercredi,ranch,nom.m.s.consonant.c54,4.75,3.31,0.0759,lexique,,
5,,samedi,kremlin,nom.m.s.consonant.c54,4.98,3.42,0.2019,lexique,,
5,,sana,maryland,nom.m.s.consonant.c54,3.01,3.23,0.0661,lexique,,
5,,sidi,lundi,nom.m.s.consonant.c54,3.49,4.91,0.1358,lexique,,
5,,winchester,minuit,nom.m.s.consonant.c54,3.15,4.27,0.1415,lexique,,
5,,cheptel,shampooing,nom.m.s.consonant.c55,3.06,3.07,0.1345,lexique,,
5,,compost,miel,nom.m.s.consonant.c55,3.15,4.15,0.3897,lexique,,
5,,gel,chanvre,nom.m.s.consonant.c55,3.98,3.31,0.25,lexique,,
5,,grain,savon,nom.m.s.consonant.c55,4.01,3.84,0.4134,lexique,,
5,,labour,sel,nom.m.s.consonant.c55,3.32,4.38,0.4329,lexique,,
5,,pré,bûcher,nom.m.s.consonant.c55,4.45,3.38,-0.0068,lexique,,
5,,rasage,cacao,nom.m.s.consonant.c55,3.04,3.58,0.2876,lexique,,
5,,sucre,vrac,nom.m.s.consonant.c55,4.47,3.47,0.2684,lexique,,
5,,séchage,manioc,nom.m.s.consonant.c55,3.2,3.03,0.3591,lexique,,
5,,sérum,fumier,nom.m.s.consonant.c55,3.51,3.44,0.148,lexique,,
5,,casting,morceau,nom.m.s.consonant.c56,3.93,4.41,0.2622,lexique,,
5,,clash,label,nom.m.s.consonant.c56,3.42,4.08,0.1691,lexique,,
5,,couplet,strip,nom.m.s.consonant.c56,3.35,3.56,0.3222,lexique,,
5,,pitch,remake,nom.m.s.consonant.c56,3.18,3.54,0.3066,lexique,,
5,,rain,western,nom.m.s.consonant.c56,3.22,3.74,0.2781,lexique,,
5,,roll,rappeur,nom.m.s.consonant.c56,3.51,3.87,0.1979,lexique,,
5,,sammy,clip,nom.m.s.consonant.c56,3.29,4.23,0.2658,lexique,,
5,,scoop,folk,nom.m.s.consonant.c56,3.49,3.57,0.0604,lexique,,
5,,show,punch,nom.m.s.consonant.c56,4.45,3.46,0.4401,lexique,,
5,,sketch,trip,nom.m.s.consonant.c56,3.66,3.79,0.3022,lexique,,
5,,speech,rock,nom.m.s.consonant.c56,3.05,4.48,0.3991,lexique,,
5,,swing,duo,nom.m.s.consonant.c56,3.38,4.3,0.4409,lexique,,
5,,tempo,studio,nom.m.s.consonant.c56,3.44,4.47,0.163,lexique,,
5,,trio,karaoké,nom.m.s.consonant.c56,4.13,3.18,0.3871,lexique,,
5,,baby,for,nom.m.s.consonant.c57,4.21,4.6,0.1091,lexique,,
5,,body,bingo,nom.m.s.consonant.c57,3.6,3.47,0.1687,lexique,,
5,,boy,bishop,nom.m.s.consonant.c57,4.21,3.35,0.3019,lexique,,
5,,building,bluff,nom.m.s.consonant.c57,3.54,3.38,0.267,lexique,,
5,,crown,casino,nom.m.s.consonant.c57,3.0,4.06,0.2198,lexique,,
5,,kid,gone,nom.m.s.consonant.c57,3.65,3.13,0.3626,lexique,,
5,,mir,loto,nom.m.s.consonant.c57,3.07,3.63,0.0911,lexique,,
5,,poker,past,nom.m.s.consonant.c57,3.87,3.08,0.2768,lexique,,
5,,rami,summum,nom.m.s.consonant.c57,3.14,3.19,0.1925,lexique,,
5,,scrabble,book,nom.m.s.consonant.c57,3.08,3.74,0.2926,lexique,,
5,,skip,pet,nom.m.s.consonant.c57,3.07,3.63,0.2708,lexique,,
5,,slow,var,nom.m.s.consonant.c57,3.3,4.21,0.1151,lexique,,
5,,chauffage,stock,nom.m.s.consonant.c58,4.08,4.16,0.3643,lexique,,
5,,confort,computer,nom.m.s.consonant.c58,4.18,3.1,0.3816,lexique,,
5,,contact,chiffrement,nom.m.s.consonant.c58,4.82,3.24,0.4582,lexique,,
5,,dispositif,logement,nom.m.s.consonant.c58,4.42,4.63,0.6426,lexique,,
5,,déménagement,container,nom.m.s.consonant.c58,3.85,3.03,0.5301,lexique,,
5,,déplacement,téléchargement,nom.m.s.consonant.c58,4.37,3.85,0.5516,lexique,,
5,,fonctionnement,télégraphe,nom.m.s.consonant.c58,4.57,3.05,0.5226,lexique,,
5,,fourneau,dépanneur,nom.m.s.consonant.c58,3.14,3.19,0.2828,lexique,,
5,,fournier,stockage,nom.m.s.consonant.c58,3.71,4.08,0.4244,lexique,,
5,,gaspillage,rangement,nom.m.s.consonant.c58,3.55,3.27,0.3793,lexique,,
5,,lancement,contrôleur,nom.m.s.consonant.c58,4.42,3.79,0.5165,lexique,,
5,,ménage,transport,nom.m.s.consonant.c58,4.4,4.86,0.3447,lexique,,
5,,nettoyage,travail,nom.m.s.consonant.c58,3.96,5.63,0.3935,lexique,,
5,,paiement,recyclage,nom.m.s.consonant.c58,4.43,3.8,0.3909,lexique,,
5,,portefeuille,stationnement,nom.m.s.consonant.c58,4.13,3.98,0.4935,lexique,,
5,,pourboire,portage,nom.m.s.consonant.c58,3.31,3.35,0.4486,lexique,,
5,,rechange,conditionnel,nom.m.s.consonant.c58,3.48,3.19,0.5215,lexique,,
5,,requiem,conteneur,nom.m.s.consonant.c58,3.06,3.22,0.2144,lexique,,
5,,réaménagement,profilage,nom.m.s.consonant.c58,3.25,3.0,0.6338,lexique,,
5,,répondeur,mobilier,nom.m.s.consonant.c58,3.2,4.0,0.1211,lexique,,
5,,service,maintien,nom.m.s.consonant.c58,5.42,4.38,0.4441,lexique,,
5,,spencer,dépannage,nom.m.s.consonant.c58,3.68,3.06,0.2833,lexique,,
5,,support,déchet,nom.m.s.consonant.c58,4.32,3.5,0.2658,lexique,,
5,,transformateur,traitement,nom.m.s.consonant.c58,3.09,4.87,0.5707,lexique,,
5,,troc,domicile,nom.m.s.consonant.c58,3.03,4.69,0.2486,lexique,,
5,,télétravail,supplément,nom.m.s.consonant.c58,3.22,3.9,0.438,lexique,,
5,,visionnage,ramassage,nom.m.s.consonant.c58,3.26,3.16,0.2931,lexique,,
5,,cadrage,panel,nom.m.s.consonant.c59,3.05,3.53,0.2214,lexique,,
5,,cycle,reportage,nom.m.s.consonant.c59,4.43,4.28,0.221,lexique,,
5,,diaporama,tri,nom.m.s.consonant.c59,3.1,3.98,0.1513,lexique,,
5,,dressage,timing,nom.m.s.consonant.c59,3.22,3.57,0.3035,lexique,,
5,,décrochage,tirage,nom.m.s.consonant.c59,3.21,4.21,0.3468,lexique,,
5,,montage,bilan,nom.m.s.consonant.c59,4.41,4.61,0.1605,lexique,,
5,,planning,dosage,nom.m.s.consonant.c59,3.7,3.51,0.332,lexique,,
5,,volet,profil,nom.m.s.consonant.c59,4.05,4.57,0.2525,lexique,,
5,,cabinet,tuteur,nom.m.s.consonant.c6,4.61,3.57,0.2957,lexique,,
5,,conseil,barreau,nom.m.s.consonant.c6,5.38,3.74,0.3573,lexique,,
5,,décret,condé,nom.m.s.consonant.c6,4.48,3.66,0.3646,lexique,,
5,,député,jury,nom.m.s.consonant.c6,4.75,4.4,0.2181,lexique,,
5,,membre,receveur,nom.m.s.consonant.c6,4.91,3.66,0.3554,lexique,,
5,,ministère,procureur,nom.m.s.consonant.c6,4.91,4.45,0.4842,lexique,,
5,,médecin,législateur,nom.m.s.consonant.c6,4.88,3.57,0.4085,lexique,,
5,,notaire,tribunal,nom.m.s.consonant.c6,3.91,4.78,0.5251,lexique,,
5,,président,secrétariat,nom.m.s.consonant.c6,5.41,3.88,0.5337,lexique,,
5,,quinquennat,gouvernail,nom.m.s.consonant.c6,3.69,3.0,0.4121,lexique,,
5,,siège,consul,nom.m.s.consonant.c6,4.8,3.8,0.41,lexique,,
5,,sénat,candidat,nom.m.s.consonant.c6,4.47,4.78,0.506,lexique,,
5,,trésorier,gouverneur,nom.m.s.consonant.c6,3.62,4.45,0.5699,lexique,,
5,,catéchisme,coran,nom.m.s.consonant.c60,3.29,3.98,0.3479,lexique,,
5,,goulag,christianisme,nom.m.s.consonant.c60,3.06,4.06,0.1938,lexique,,
5,,pape,sacerdoce,nom.m.s.consonant.c60,4.62,3.05,0.399,lexique,,
5,,patriarcat,dogme,nom.m.s.consonant.c60,3.34,3.53,0.3442,lexique,,
5,,penseur,clergé,nom.m.s.consonant.c60,3.33,3.84,0.284,lexique,,
5,,pontife,pharaon,nom.m.s.consonant.c60,3.15,3.36,0.1889,lexique,,
5,,pontificat,bouddhisme,nom.m.s.consonant.c60,3.06,3.49,0.2775,lexique,,
5,,schisme,rabbin,nom.m.s.consonant.c60,3.09,3.47,0.3062,lexique,,
5,,sermon,lama,nom.m.s.consonant.c60,3.35,3.57,0.1558,lexique,,
5,,synode,protestantisme,nom.m.s.consonant.c60,3.44,3.39,0.532,lexique,,
5,,théologien,carcan,nom.m.s.consonant.c60,3.3,3.03,0.4571,lexique,,
5,,cluster,clavier,nom.m.s.consonant.c61,3.0,4.11,0.414,lexique,,
5,,crypto,cookie,nom.m.s.consonant.c61,3.2,3.6,0.221,lexique,,
5,,dock,serveur,nom.m.s.consonant.c61,3.0,4.24,0.2162,lexique,,
5,,drive,python,nom.m.s.consonant.c61,3.79,3.48,0.0606,lexique,,
5,,fichier,mixage,nom.m.s.consonant.c61,4.1,3.11,0.4358,lexique,,
5,,module,mac,nom.m.s.consonant.c61,3.88,4.35,0.1677,lexique,,
5,,navigateur,pixel,nom.m.s.consonant.c61,3.81,3.3,0.2644,lexique,,
5,,proc,pupitre,nom.m.s.consonant.c61,3.14,3.07,0.4415,lexique,,
5,,ram,codage,nom.m.s.consonant.c61,3.69,3.18,0.3033,lexique,,
5,,reset,web,nom.m.s.consonant.c61,3.03,4.7,0.2657,lexique,,
5,,routeur,bit,nom.m.s.consonant.c61,3.1,3.44,0.3365,lexique,,
5,,script,processeur,nom.m.s.consonant.c61,3.79,3.63,0.4091,lexique,,
5,,bridge,bateau,nom.m.s.consonant.c62,3.57,4.61,0.2297,lexique,,
5,,bunker,pont,nom.m.s.consonant.c62,3.36,4.76,0.4928,lexique,,
5,,flot,mât,nom.m.s.consonant.c62,3.7,3.35,0.2131,lexique,,
5,,gué,bord,nom.m.s.consonant.c62,3.18,4.98,0.4059,lexique,,
5,,lest,pavillon,nom.m.s.consonant.c62,3.09,4.08,0.4256,lexique,,
5,,navire,cap,nom.m.s.consonant.c62,4.41,4.61,0.2905,lexique,,
5,,paquebot,viaduc,nom.m.s.consonant.c62,3.28,3.3,0.5021,lexique,,
5,,port,silo,nom.m.s.consonant.c62,4.86,3.09,0.4122,lexique,,
5,,radeau,phare,nom.m.s.consonant.c62,3.11,4.01,0.3508,lexique,,
5,,skipper,ferry,nom.m.s.consonant.c62,3.18,3.74,0.4583,lexique,,
5,,décalage,début,nom.m.s.consonant.c63,3.94,5.4,0.2535,lexique,,
5,,rythme,retour,nom.m.s.consonant.c63,4.56,5.31,0.2746,lexique,,
5,,zénith,recul,nom.m.s.consonant.c63,3.54,4.24,0.1739,lexique,,
5,,baseball,kayak,nom.m.s.consonant.c64,3.95,3.5,0.1548,lexique,,
5,,coach,canoë,nom.m.s.consonant.c64,4.29,3.31,0.0975,lexique,,
5,,décathlon,skate,nom.m.s.consonant.c64,3.15,3.39,0.3619,lexique,,
5,,football,loisir,nom.m.s.consonant.c64,4.75,3.89,0.2779,lexique,,
5,,patinage,cricket,nom.m.s.consonant.c64,3.49,3.2,0.2834,lexique,,
5,,ski,nageur,nom.m.s.consonant.c64,4.42,3.32,0.2542,lexique,,
5,,skieur,jogging,nom.m.s.consonant.c64,3.19,3.48,0.3245,lexique,,
5,,surf,cyclisme,nom.m.s.consonant.c64,3.7,3.73,0.2914,lexique,,
5,,bolide,vol,nom.m.s.consonant.c65,3.05,4.96,0.3737,lexique,,
5,,camion,robot,nom.m.s.consonant.c65,4.27,4.21,0.3411,lexique,,
5,,chauffeur,parachute,nom.m.s.consonant.c65,4.25,3.48,0.3515,lexique,,
5,,lanceur,décollage,nom.m.s.consonant.c65,3.68,3.69,0.3991,lexique,,
5,,pilot,rail,nom.m.s.consonant.c65,3.01,3.84,0.2987,lexique,,
5,,réacteur,traîneau,nom.m.s.consonant.c65,3.76,3.12,0.3226,lexique,,
5,,basculement,combi,nom.m.s.consonant.c66,3.1,3.05,0.561,lexique,,
5,,blocage,champ,nom.m.s.consonant.c66,3.94,4.75,0.2708,lexique,,
5,,bouclier,gonflement,nom.m.s.consonant.c66,3.88,3.19,0.4069,lexique,,
5,,caniveau,pointeur,nom.m.s.consonant.c66,3.02,3.13,0.4023,lexique,,
5,,centimètre,plastic,nom.m.s.consonant.c66,3.25,3.02,0.3511,lexique,,
5,,ciment,forage,nom.m.s.consonant.c66,3.82,3.45,0.4767,lexique,,
5,,cloutier,drainage,nom.m.s.consonant.c66,3.28,3.3,0.3575,lexique,,
5,,compartiment,collage,nom.m.s.consonant.c66,3.53,3.17,0.4875,lexique,,
5,,cordonnier,débordement,nom.m.s.consonant.c66,3.1,3.33,0.4741,lexique,,
5,,cutter,magnétisme,nom.m.s.consonant.c66,3.0,3.16,0.3509,lexique,,
5,,déblocage,segment,nom.m.s.consonant.c66,3.0,3.89,0.3675,lexique,,
5,,découpage,ruissellement,nom.m.s.consonant.c66,3.52,3.09,0.5205,lexique,,
5,,déguisement,marquage,nom.m.s.consonant.c66,3.48,3.44,0.3403,lexique,,
5,,dérapage,parchemin,nom.m.s.consonant.c66,3.27,3.31,0.3356,lexique,,
5,,glissement,niveau,nom.m.s.consonant.c66,3.56,5.42,0.5384,lexique,,
5,,kaiser,vautour,nom.m.s.consonant.c66,3.05,3.03,0.2668,lexique,,
5,,mana,relief,nom.m.s.consonant.c66,3.09,4.03,0.1124,lexique,,
5,,marqueur,boomerang,nom.m.s.consonant.c66,3.58,3.1,0.3818,lexique,,
5,,moulage,fragment,nom.m.s.consonant.c66,3.11,3.5,0.4774,lexique,,
5,,palier,pincement,nom.m.s.consonant.c66,3.63,3.0,0.4915,lexique,,
5,,plancher,dumping,nom.m.s.consonant.c66,3.95,3.1,0.3295,lexique,,
5,,poly,massage,nom.m.s.consonant.c66,3.21,3.81,0.287,lexique,,
5,,portique,squelette,nom.m.s.consonant.c66,3.36,3.63,0.5244,lexique,,
5,,pourtour,tissage,nom.m.s.consonant.c66,3.18,3.42,0.5191,lexique,,
5,,remplissage,projectile,nom.m.s.consonant.c66,3.45,3.29,0.3727,lexique,,
5,,revêtement,noyau,nom.m.s.consonant.c66,3.49,4.06,0.3881,lexique,,
5,,soulier,filigrane,nom.m.s.consonant.c66,3.11,3.09,0.4746,lexique,,
5,,spectre,vêtement,nom.m.s.consonant.c66,4.02,3.98,0.4343,lexique,,
5,,tailleur,roulement,nom.m.s.consonant.c66,3.58,3.51,0.5196,lexique,,
5,,terreau,réservoir,nom.m.s.consonant.c66,3.25,3.97,0.5587,lexique,,
5,,vernissage,contour,nom.m.s.consonant.c66,3.07,3.44,0.559,lexique,,
5,,bâtiment,négoce,nom.m.s.consonant.c9,4.68,3.31,0.5168,lexique,,
5,,cadre,district,nom.m.s.consonant.c9,5.11,4.15,0.3093,lexique,,
5,,foyer,monopoly,nom.m.s.consonant.c9,4.38,3.04,0.177,lexique,,
5,,labo,créneau,nom.m.s.consonant.c9,3.63,3.62,0.1409,lexique,,
5,,manitoba,lobby,nom.m.s.consonant.c9,3.58,3.6,0.1295,lexique,,
5,,partenariat,dispensaire,nom.m.s.consonant.c9,4.32,3.01,0.5031,lexique,,
5,,plan,domaine,nom.m.s.consonant.c9,5.32,5.01,0.3843,lexique,,
5,,programme,lieu,nom.m.s.consonant.c9,5.17,5.57,0.2613,lexique,,
5,,projet,faubourg,nom.m.s.consonant.c9,5.39,3.57,0.2686,lexique,,
5,,périmètre,laboratoire,nom.m.s.consonant.c9,3.98,4.42,0.3741,lexique,,
5,,pôle,terrain,nom.m.s.consonant.c9,4.35,4.98,0.2739,lexique,,
5,,quartier,chantier,nom.m.s.consonant.c9,4.93,4.3,0.407,lexique,,
5,,réseau,réfectoire,nom.m.s.consonant.c9,5.08,3.05,0.4698,lexique,,
5,,système,group,nom.m.s.consonant.c9,5.4,4.05,0.3401,lexique,,
5,,trafic,consortium,nom.m.s.consonant.c9,4.47,3.52,0.3076,lexique,,
5,,trust,sein,nom.m.s.consonant.c9,3.41,5.05,0.2912,lexique,,
5,,zonage,triage,nom.m.s.consonant.c9,3.2,3.16,0.4489,lexique,,
5,,alinéa,emprunteur,nom.m.s.elides.c0,3.74,3.27,0.2936,lexique,,
5,,article,acompte,nom.m.s.elides.c0,5.41,3.13,0.198,lexique,,
5,,assureur,auditeur,nom.m.s.elides.c0,3.62,3.46,0.4398,lexique,,
5,,avocat,orateur,nom.m.s.elides.c0,4.8,3.36,0.4447,lexique,,
5,,expéditeur,intérim,nom.m.s.elides.c0,3.1,3.81,0.3197,lexique,,
5,,official,agriculteur,nom.m.s.elides.c0,3.19,3.68,0.1653,lexique,,
5,,organe,auditoire,nom.m.s.elides.c0,4.01,3.47,0.3807,lexique,,
5,,échevin,acheteur,nom.m.s.elides.c0,3.1,3.88,0.216,lexique,,
5,,électorat,épicier,nom.m.s.elides.c0,3.76,3.14,0.1553,lexique,,
5,,ada,adp,nom.m.s.elides.c1,3.17,3.42,0.1147,lexique,,
5,,antidote,age,nom.m.s.elides.c1,3.21,4.3,0.0182,lexique,,
5,,arsenic,embryon,nom.m.s.elides.c1,3.19,3.36,0.2335,lexique,,
5,,iode,accroc,nom.m.s.elides.c1,3.17,3.14,0.0984,lexique,,
5,,adjudant,apôtre,nom.m.s.elides.c10,3.38,3.46,0.2092,lexique,,
5,,apollon,imam,nom.m.s.elides.c10,3.47,3.61,0.1295,lexique,,
5,,augustin,archiduc,nom.m.s.elides.c10,3.96,3.19,0.3528,lexique,,
5,,olympe,archevêque,nom.m.s.elides.c10,3.36,4.03,0.2519,lexique,,
5,,ost,autel,nom.m.s.elides.c10,3.34,3.97,0.3274,lexique,,
5,,écu,édit,nom.m.s.elides.c10,3.09,3.86,0.2511,lexique,,
5,,écuyer,ultimatum,nom.m.s.elides.c10,3.42,3.31,0.1273,lexique,,
5,,émir,écusson,nom.m.s.elides.c10,3.29,3.1,0.1357,lexique,,
5,,évêché,étendard,nom.m.s.elides.c10,3.33,3.39,0.1315,lexique,,
5,,évêque,emblème,nom.m.s.elides.c10,4.38,3.53,0.166,lexique,,
5,,acronyme,axel,nom.m.s.elides.c11,3.31,3.62,-0.1141,lexique,,
5,,exo,agenda,nom.m.s.elides.c11,3.04,4.1,0.0507,lexique,,
5,,ibm,engineering,nom.m.s.elides.c11,3.55,3.13,0.0174,lexique,,
5,,accélérateur,oméga,nom.m.s.elides.c12,3.44,3.21,0.2635,lexique,,
5,,allumage,atome,nom.m.s.elides.c12,3.34,3.51,0.2378,lexique,,
5,,aspirateur,ozone,nom.m.s.elides.c12,3.54,3.32,0.2202,lexique,,
5,,azote,ordinateur,nom.m.s.elides.c12,3.64,4.49,0.2231,lexique,,
5,,envoi,outil,nom.m.s.elides.c12,4.38,4.43,0.179,lexique,,
5,,euro,interrupteur,nom.m.s.elides.c12,4.6,3.23,0.1583,lexique,,
5,,indice,essai,nom.m.s.elides.c12,4.37,4.56,0.2459,lexique,,
5,,électron,alphabet,nom.m.s.elides.c12,3.13,3.66,0.1551,lexique,,
5,,éthanol,écran,nom.m.s.elides.c12,3.01,4.72,0.167,lexique,,
5,,antre,escroc,nom.m.s.elides.c13,3.27,3.57,0.1737,lexique,,
5,,elfe,envahisseur,nom.m.s.elides.c13,3.24,3.03,0.3484,lexique,,
5,,envol,ogre,nom.m.s.elides.c13,3.44,3.26,0.1106,lexique,,
5,,otage,ours,nom.m.s.elides.c13,3.99,4.24,0.1451,lexique,,
5,,échiquier,ara,nom.m.s.elides.c13,3.48,3.05,0.2564,lexique,,
5,,étau,archer,nom.m.s.elides.c13,3.08,3.43,0.2915,lexique,,
5,,ail,aluminium,nom.m.s.elides.c14,3.8,3.96,0.1338,lexique,,
5,,alfa,emballage,nom.m.s.elides.c14,3.2,3.68,0.0678,lexique,,
5,,anneau,apéro,nom.m.s.elides.c14,4.05,3.59,-0.0124,lexique,,
5,,arôme,orteil,nom.m.s.elides.c14,3.02,3.36,0.157,lexique,,
5,,oignon,alliage,nom.m.s.elides.c14,3.59,3.47,0.2126,lexique,,
5,,abattage,ordre,nom.m.s.elides.c2,3.44,5.29,0.2439,lexique,,
5,,abattoir,échappement,nom.m.s.elides.c2,3.45,3.47,0.3997,lexique,,
5,,accident,égard,nom.m.s.elides.c2,4.77,4.48,0.2806,lexique,,
5,,affrontement,écart,nom.m.s.elides.c2,3.74,4.39,0.4553,lexique,,
5,,alcoolisme,argent,nom.m.s.elides.c2,3.43,5.37,0.2482,lexique,,
5,,amusement,état,nom.m.s.elides.c2,3.37,5.62,0.3666,lexique,,
5,,antibiotique,enfermement,nom.m.s.elides.c2,3.02,3.15,0.5662,lexique,,
5,,appauvrissement,abord,nom.m.s.elides.c2,3.06,5.19,0.379,lexique,,
5,,appendice,avent,nom.m.s.elides.c2,3.13,3.04,0.2247,lexique,,
5,,appât,entraînement,nom.m.s.elides.c2,3.28,4.48,0.3316,lexique,,
5,,argument,autoritarisme,nom.m.s.elides.c2,4.28,3.05,0.4996,lexique,,
5,,arrangement,absentéisme,nom.m.s.elides.c2,3.8,3.08,0.606,lexique,,
5,,atout,assentiment,nom.m.s.elides.c2,3.85,3.02,0.3552,lexique,,
5,,attrait,effet,nom.m.s.elides.c2,3.66,5.48,0.6184,lexique,,
5,,avenir,aliment,nom.m.s.elides.c2,4.95,3.57,0.4015,lexique,,
5,,avortement,éclatement,nom.m.s.elides.c2,3.92,3.4,0.6337,lexique,,
5,,avènement,affront,nom.m.s.elides.c2,3.76,3.27,0.2369,lexique,,
5,,effacement,événement,nom.m.s.elides.c2,3.25,4.66,0.5977,lexique,,
5,,empressement,amendement,nom.m.s.elides.c2,3.02,4.05,0.6072,lexique,,
5,,enchaînement,incident,nom.m.s.elides.c2,3.44,4.25,0.4999,lexique,,
5,,endettement,abandon,nom.m.s.elides.c2,3.6,4.23,0.4519,lexique,,
5,,enjeu,engouement,nom.m.s.elides.c2,4.11,3.61,0.4711,lexique,,
5,,enlèvement,entrain,nom.m.s.elides.c2,3.93,3.88,0.3493,lexique,,
5,,ensoleillement,entourage,nom.m.s.elides.c2,3.07,4.24,0.4604,lexique,,
5,,este,effort,nom.m.s.elides.c2,3.13,4.62,0.2122,lexique,,
5,,excédent,écrasement,nom.m.s.elides.c2,3.56,3.2,0.4933,lexique,,
5,,exploit,épouvantail,nom.m.s.elides.c2,3.94,3.13,0.2192,lexique,,
5,,impact,accent,nom.m.s.elides.c2,4.66,4.36,0.3938,lexique,,
5,,inconfort,ornement,nom.m.s.elides.c2,3.02,3.35,0.5949,lexique,,
5,,inconvénient,aspect,nom.m.s.elides.c2,3.66,4.57,0.5314,lexique,,
5,,individu,échec,nom.m.s.elides.c2,4.47,4.56,0.2742,lexique,,
5,,instant,embargo,nom.m.s.elides.c2,4.97,3.34,0.1193,lexique,,
5,,intestin,affaiblissement,nom.m.s.elides.c2,3.43,3.36,0.508,lexique,,
5,,intérêt,enterrement,nom.m.s.elides.c2,5.13,3.78,0.4795,lexique,,
5,,obstacle,ajustement,nom.m.s.elides.c2,3.99,3.6,0.514,lexique,,
5,,écoulement,instrument,nom.m.s.elides.c2,3.52,4.27,0.6182,lexique,,
5,,équilibre,uniforme,nom.m.s.elides.c2,4.53,4.26,0.391,lexique,,
5,,étranglement,essor,nom.m.s.elides.c2,3.06,3.95,0.2741,lexique,,
5,,almanach,optimisme,nom.m.s.elides.c3,3.03,3.57,0.3416,lexique,,
5,,athéisme,exergue,nom.m.s.elides.c3,3.29,3.32,0.2449,lexique,,
5,,autisme,adjectif,nom.m.s.elides.c3,3.71,3.6,0.3398,lexique,,
5,,immobilisme,art,nom.m.s.elides.c3,3.05,5.26,0.3369,lexique,,
5,,islamisme,exotisme,nom.m.s.elides.c3,3.52,3.03,0.405,lexique,,
5,,orient,acadien,nom.m.s.elides.c3,4.54,3.0,0.1642,lexique,,
5,,épilogue,islam,nom.m.s.elides.c3,3.18,4.6,0.2174,lexique,,
5,,évangile,activisme,nom.m.s.elides.c3,3.71,3.16,0.2646,lexique,,
5,,aqueduc,équipage,nom.m.s.elides.c5,3.24,4.34,0.3128,lexique,,
5,,ascenseur,atterrissage,nom.m.s.elides.c5,3.98,3.81,0.3978,lexique,,
5,,attelage,affût,nom.m.s.elides.c5,3.2,3.38,0.2636,lexique,,
5,,autocar,endroit,nom.m.s.elides.c5,3.21,4.94,0.2958,lexique,,
5,,aérodrome,arc,nom.m.s.elides.c5,3.23,4.39,0.1856,lexique,,
5,,entrepôt,archipel,nom.m.s.elides.c5,3.73,3.84,0.3425,lexique,,
5,,incendie,abri,nom.m.s.elides.c5,4.45,4.4,0.3216,lexique,,
5,,égout,aviron,nom.m.s.elides.c5,3.37,3.11,0.024,lexique,,
5,,étage,odéon,nom.m.s.elides.c5,4.52,3.04,0.2917,lexique,,
5,,étang,arsenal,nom.m.s.elides.c5,3.71,4.15,0.2398,lexique,,
5,,évier,atelier,nom.m.s.elides.c5,3.33,4.45,0.2563,lexique,,
5,,îlot,engin,nom.m.s.elides.c5,3.38,3.84,0.2941,lexique,,
5,,iceberg,oubli,nom.m.s.elides.c6,3.32,3.97,0.2294,lexique,,
5,,orgasme,enfer,nom.m.s.elides.c6,3.55,4.46,0.2947,lexique,,
5,,orphelinat,ennui,nom.m.s.elides.c6,3.32,3.92,0.1005,lexique,,
5,,éveil,ouragan,nom.m.s.elides.c6,3.53,3.61,0.1154,lexique,,
5,,armagnac,étain,nom.m.s.elides.c7,3.11,3.27,0.0115,lexique,,
5,,arrosage,ambre,nom.m.s.elides.c7,3.18,3.43,0.2309,lexique,,
5,,insecte,aplomb,nom.m.s.elides.c7,3.66,3.27,0.1791,lexique,,
5,,orifice,élevage,nom.m.s.elides.c7,3.04,4.15,0.1133,lexique,,
5,,acteur,argot,nom.m.s.elides.c8,4.64,3.23,0.2056,lexique,,
5,,alexandra,éditeur,nom.m.s.elides.c8,3.65,4.31,0.201,lexique,,
5,,américano,athlétisme,nom.m.s.elides.c8,3.09,3.72,0.2518,lexique,,
5,,animateur,album,nom.m.s.elides.c8,4.06,4.88,0.1798,lexique,,
5,,augure,orchestre,nom.m.s.elides.c8,3.33,4.18,0.1086,lexique,,
5,,autographe,équipier,nom.m.s.elides.c8,3.44,3.27,0.1973,lexique,,
5,,ingénieur,auteur,nom.m.s.elides.c8,4.42,5.12,0.335,lexique,,
5,,opéra,ambassadeur,nom.m.s.elides.c8,4.29,4.3,0.2704,lexique,,
5,,oscar,amadou,nom.m.s.elides.c8,4.16,3.17,0.1288,lexique,,
5,,épisode,amphithéâtre,nom.m.s.elides.c8,4.81,3.53,0.1271,lexique,,
5,,abonnement,archi,nom.m.s.elides.c9,4.2,3.45,0.3588,lexique,,
5,,accueil,exemple,nom.m.s.elides.c9,4.65,5.4,0.2293,lexique,,
5,,agencement,usager,nom.m.s.elides.c9,3.14,3.44,0.5589,lexique,,
5,,agglo,informateur,nom.m.s.elides.c9,3.12,3.12,0.5111,lexique,,
5,,agrandissement,internat,nom.m.s.elides.c9,3.61,3.55,0.5718,lexique,,
5,,agrément,urbanisme,nom.m.s.elides.c9,3.68,4.01,0.4669,lexique,,
5,,alignement,échantillon,nom.m.s.elides.c9,3.71,4.11,0.5209,lexique,,
5,,amiante,ameublement,nom.m.s.elides.c9,3.47,3.2,0.415,lexique,,
5,,amont,acquittement,nom.m.s.elides.c9,3.98,3.2,0.2856,lexique,,
5,,amortissement,écosystème,nom.m.s.elides.c9,3.31,3.71,0.4725,lexique,,
5,,ancrage,export,nom.m.s.elides.c9,3.39,3.58,0.2458,lexique,,
5,,apprentissage,intérieur,nom.m.s.elides.c9,4.35,5.13,0.4114,lexique,,
5,,approfondissement,échelon,nom.m.s.elides.c9,3.06,3.67,0.4208,lexique,,
5,,appui,objet,nom.m.s.elides.c9,4.46,5.09,0.2693,lexique,,
5,,attribut,amateurisme,nom.m.s.elides.c9,3.29,3.03,0.2864,lexique,,
5,,aval,équipement,nom.m.s.elides.c9,3.85,4.36,0.267,lexique,,
5,,emploi,emplacement,nom.m.s.elides.c9,5.16,4.26,0.4253,lexique,,
5,,encombrement,enseignement,nom.m.s.elides.c9,3.12,4.8,0.5612,lexique,,
5,,enquêteur,abattement,nom.m.s.elides.c9,3.42,3.32,0.2675,lexique,,
5,,enrichissement,entreposage,nom.m.s.elides.c9,3.65,3.01,0.5735,lexique,,
5,,environnement,équateur,nom.m.s.elides.c9,4.87,3.52,0.4644,lexique,,
5,,exam,assemblage,nom.m.s.elides.c9,3.07,3.78,0.3148,lexique,,
5,,exercice,apport,nom.m.s.elides.c9,4.7,4.09,0.516,lexique,,
5,,import,argumentaire,nom.m.s.elides.c9,3.34,3.24,0.2963,lexique,,
5,,interphone,aboutissement,nom.m.s.elides.c9,3.01,3.45,0.3911,lexique,,
5,,inventaire,auditorium,nom.m.s.elides.c9,4.08,3.23,0.3628,lexique,,
5,,organigramme,estuaire,nom.m.s.elides.c9,3.03,3.22,0.3675,lexique,,
5,,organisme,implant,nom.m.s.elides.c9,4.53,3.17,0.576,lexique,,
5,,outillage,achèvement,nom.m.s.elides.c9,3.36,3.52,0.3772,lexique,,
5,,usage,artisanat,nom.m.s.elides.c9,4.83,3.74,0.3507,lexique,,
5,,établissement,échantillonnage,nom.m.s.elides.c9,4.77,3.12,0.4968,lexique,,
5,,étalage,investissement,nom.m.s.elides.c9,3.28,4.57,0.527,lexique,,
5,,éventail,observatoire,nom.m.s.elides.c9,3.63,4.09,0.284,lexique,,
5,,changerais,pourrais,verb.cnd:pre:1s_cnd:pre:2s.consonant,3.02,4.69,0.3102,lexique,,
5,,devrais,répondrais,verb.cnd:pre:1s_cnd:pre:2s.consonant,4.56,3.06,0.2871,lexique,,
5,,verrais,demanderais,verb.cnd:pre:1s_cnd:pre:2s.consonant,3.67,3.1,0.4742,lexique,,
5,,comprendrait,ressemblerait,verb.cnd:pre:3s.consonant.c1,3.16,3.04,0.5684,lexique,,
5,,demanderait,deviendrait,verb.cnd:pre:3s.consonant.c1,3.28,3.58,0.6177,lexique,,
5,,dirait,constituerait,verb.cnd:pre:3s.consonant.c1,4.89,3.18,0.2532,lexique,,
5,,plairait,changerait,verb.cnd:pre:3s.consonant.c1,3.21,3.43,0.6189,lexique,,
5,,reviendrait,parlerait,verb.cnd:pre:3s.consonant.c1,3.55,3.2,0.5838,lexique,,
5,,semblerait,rendrait,verb.cnd:pre:3s.consonant.c1,3.99,3.67,0.4589,lexique,,
5,,sortirait,marcherait,verb.cnd:pre:3s.consonant.c1,3.19,3.14,0.648,lexique,,
5,,verrait,trouverait,verb.cnd:pre:3s.consonant.c1,3.64,3.52,0.6173,lexique,,
5,,viendrait,mettrait,verb.cnd:pre:3s.consonant.c1,3.81,3.62,0.5309,lexique,,
5,,intéresserait,existerait,verb.cnd:pre:3s.elides,3.16,3.24,0.3981,lexique,,
5,,oserait,augmenterait,verb.cnd:pre:3s.elides,3.14,3.01,0.1663,lexique,,
5,,changeons,cherchons,verb.imp:pre:1p_ind:pre:1p.consonant.c0,3.06,3.6,0.2918,lexique,,
5,,connaissons,demandons,verb.imp:pre:1p_ind:pre:1p.consonant.c0,3.83,3.85,0.5128,lexique,,
5,,jouons,souhaitons,verb.imp:pre:1p_ind:pre:1p.consonant.c0,3.22,3.78,0.4226,lexique,,
5,,parlons,constatons,verb.imp:pre:1p_ind:pre:1p.consonant.c0,4.14,3.13,0.3558,lexique,,
5,,précisons,remercions,verb.imp:pre:1p_ind:pre:1p.consonant.c0,3.06,3.38,0.2691,lexique,,
5,,préférons,reconnaissons,verb.imp:pre:1p_ind:pre:1p.consonant.c0,3.02,3.07,0.4877,lexique,,
5,,rencontrons,possédons,verb.imp:pre:1p_ind:pre:1p.consonant.c0,3.16,3.04,0.2526,lexique,,
5,,travaillons,notons,verb.imp:pre:1p_ind:pre:1p.consonant.c0,3.66,3.72,0.3011,lexique,,
5,,citons,reculons,verb.imp:pre:1p_ind:pre:1p.consonant.c1,3.34,3.01,0.4636,lexique,,
5,,donnons,partons,verb.imp:pre:1p_ind:pre:1p.consonant.c1,3.63,3.45,0.4735,lexique,,
5,,faisons,restons,verb.imp:pre:1p_ind:pre:1p.consonant.c1,4.34,3.68,0.5773,lexique,,
5,,passons,commençons,verb.imp:pre:1p_ind:pre:1p.consonant.c1,3.8,3.58,0.5726,lexique,,
5,,perdons,retrouvons,verb.imp:pre:1p_ind:pre:1p.consonant.c1,3.17,3.51,0.2667,lexique,,
5,,posons,mettons,verb.imp:pre:1p_ind:pre:1p.consonant.c1,3.01,4.0,0.5646,lexique,,
5,,poursuivons,proposons,verb.imp:pre:1p_ind:pre:1p.consonant.c1,3.03,3.58,0.5009,lexique,,
5,,recevons,marchons,verb.imp:pre:1p_ind:pre:1p.consonant.c1,3.28,3.19,0.4735,lexique,,
5,,regardons,payons,verb.imp:pre:1p_ind:pre:1p.consonant.c1,3.43,3.08,0.289,lexique,,
5,,sortons,devons,verb.imp:pre:1p_ind:pre:1p.consonant.c1,3.13,4.55,0.4376,lexique,,
5,,tenons,voyons,verb.imp:pre:1p_ind:pre:1p.consonant.c1,3.55,4.42,0.5225,lexique,,
5,,venons,sentons,verb.imp:pre:1p_ind:pre:1p.consonant.c1,3.86,3.07,0.4255,lexique,,
5,,vivons,montrons,verb.imp:pre:1p_ind:pre:1p.consonant.c1,3.95,3.04,0.4772,lexique,,
5,,agissons,assistons,verb.imp:pre:1p_ind:pre:1p.elides,3.04,3.12,0.2466,lexique,,
5,,aimons,ajoutons,verb.imp:pre:1p_ind:pre:1p.elides,3.7,3.2,0.0488,lexique,,
5,,appelons,arrêtons,verb.imp:pre:1p_ind:pre:1p.elides,3.65,3.59,0.4288,lexique,,
5,,essayons,occupons,verb.imp:pre:1p_ind:pre:1p.elides,3.62,3.11,0.3681,lexique,,
5,,invitons,arrivons,verb.imp:pre:1p_ind:pre:1p.elides,3.13,3.54,0.4247,lexique,,
5,,observons,acceptons,verb.imp:pre:1p_ind:pre:1p.elides,3.0,3.19,0.472,lexique,,
5,,cherchez,créez,verb.imp:pre:2p_ind:pre:2p.consonant.c0,4.23,3.23,0.4525,lexique,,
5,,choisissez,recevez,verb.imp:pre:2p_ind:pre:2p.consonant.c0,3.74,3.72,0.551,lexique,,
5,,fermez,proposez,verb.imp:pre:2p_ind:pre:2p.consonant.c0,3.62,3.44,0.4125,lexique,,
5,,formez,contactez,verb.imp:pre:2p_ind:pre:2p.consonant.c0,3.02,3.65,0.5082,lexique,,
5,,gagnez,lisez,verb.imp:pre:2p_ind:pre:2p.consonant.c0,3.6,4.01,0.4464,lexique,,
5,,lancez,donnez,verb.imp:pre:2p_ind:pre:2p.consonant.c0,3.33,4.27,0.516,lexique,,
5,,notez,cliquez,verb.imp:pre:2p_ind:pre:2p.consonant.c0,3.63,3.85,0.349,lexique,,
5,,payez,retrouvez,verb.imp:pre:2p_ind:pre:2p.consonant.c0,3.51,4.25,0.5649,lexique,,
5,,profitez,suivez,verb.imp:pre:2p_ind:pre:2p.consonant.c0,4.0,4.33,0.4179,lexique,,
5,,préparez,suez,verb.imp:pre:2p_ind:pre:2p.consonant.c0,3.74,3.52,-0.0349,lexique,,
5,,recherchez,signez,verb.imp:pre:2p_ind:pre:2p.consonant.c0,3.22,3.45,0.4329,lexique,,
5,,rejoignez,soutenez,verb.imp:pre:2p_ind:pre:2p.consonant.c0,3.66,3.12,0.3172,lexique,,
5,,rentrez,disposez,verb.imp:pre:2p_ind:pre:2p.consonant.c0,3.26,3.05,0.5423,lexique,,
5,,tapez,vendez,verb.imp:pre:2p_ind:pre:2p.consonant.c0,3.34,3.22,0.3739,lexique,,
5,,testez,couvrez,verb.imp:pre:2p_ind:pre:2p.consonant.c0,3.07,3.04,0.4672,lexique,,
5,,touchez,consultez,verb.imp:pre:2p_ind:pre:2p.consonant.c0,3.32,3.37,0.4042,lexique,,
5,,traitez,visitez,verb.imp:pre:2p_ind:pre:2p.consonant.c0,3.12,3.27,0.5135,lexique,,
5,,travaillez,rencontrez,verb.imp:pre:2p_ind:pre:2p.consonant.c0,3.47,3.33,0.4925,lexique,,
5,,téléchargez,possédez,verb.imp:pre:2p_ind:pre:2p.consonant.c0,3.19,3.11,0.3144,lexique,,
5,,vérifiez,gérez,verb.imp:pre:2p_ind:pre:2p.consonant.c0,3.53,3.08,0.4602,lexique,,
5,,conseillez,laissez,verb.imp:pre:2p_ind:pre:2p.consonant.c1,3.07,4.55,0.4736,lexique,,
5,,permettez,préférez,verb.imp:pre:2p_ind:pre:2p.consonant.c1,3.64,3.81,0.4467,lexique,,
5,,quittez,forcez,verb.imp:pre:2p_ind:pre:2p.consonant.c1,3.27,3.03,0.4962,lexique,,
5,,risquez,cessez,verb.imp:pre:2p_ind:pre:2p.consonant.c1,3.39,3.82,0.5044,lexique,,
5,,semblez,comptez,verb.imp:pre:2p_ind:pre:2p.consonant.c1,3.2,3.74,0.2861,lexique,,
5,,buvez,placez,verb.imp:pre:2p_ind:pre:2p.consonant.c2,3.45,3.25,0.5825,lexique,,
5,,coupez,menez,verb.imp:pre:2p_ind:pre:2p.consonant.c2,3.41,3.14,0.5825,lexique,,
5,,courez,servez,verb.imp:pre:2p_ind:pre:2p.consonant.c2,3.19,3.41,0.5825,lexique,,
5,,déposez,levez,verb.imp:pre:2p_ind:pre:2p.consonant.c2,3.16,3.37,0.5825,lexique,,
5,,lavez,mélangez,verb.imp:pre:2p_ind:pre:2p.consonant.c2,3.01,3.0,0.4621,lexique,,
5,,perdez,taisez,verb.imp:pre:2p_ind:pre:2p.consonant.c2,3.61,3.04,0.5646,lexique,,
5,,remettez,dormez,verb.imp:pre:2p_ind:pre:2p.consonant.c2,3.24,3.41,0.5428,lexique,,
5,,tenez,restez,verb.imp:pre:2p_ind:pre:2p.consonant.c2,3.87,4.0,0.6362,lexique,,
5,,tirez,foncez,verb.imp:pre:2p_ind:pre:2p.consonant.c2,3.3,3.1,0.6071,lexique,,
5,,tournez,jouez,verb.imp:pre:2p_ind:pre:2p.consonant.c2,3.2,3.85,0.497,lexique,,
5,,comprenez,martinez,verb.imp:pre:2p_ind:pre:2p.consonant.c3,3.93,3.57,0.645,lexique,,
5,,craignez,rendez,verb.imp:pre:2p_ind:pre:2p.consonant.c3,3.34,4.93,0.458,lexique,,
5,,discutez,sentez,verb.imp:pre:2p_ind:pre:2p.consonant.c3,3.17,3.92,0.477,lexique,,
5,,doutez,rassurez,verb.imp:pre:2p_ind:pre:2p.consonant.c3,3.23,3.47,0.53,lexique,,
5,,jugez,devenez,verb.imp:pre:2p_ind:pre:2p.consonant.c3,3.45,3.51,0.5034,lexique,,
5,,manquez,vivez,verb.imp:pre:2p_ind:pre:2p.consonant.c3,3.55,3.83,0.4412,lexique,,
5,,regardez,rappelez,verb.imp:pre:2p_ind:pre:2p.consonant.c3,4.78,3.8,0.5664,lexique,,
5,,riez,connaissez,verb.imp:pre:2p_ind:pre:2p.consonant.c3,3.15,4.32,0.6244,lexique,,
5,,bougez,renseignez,verb.imp:pre:2p_ind:pre:2p.consonant.c4,3.18,3.06,0.0601,lexique,,
5,,calmez,mangez,verb.imp:pre:2p_ind:pre:2p.consonant.c4,3.61,3.59,0.2509,lexique,,
5,,foutez,circulez,verb.imp:pre:2p_ind:pre:2p.consonant.c4,3.47,3.02,0.1532,lexique,,
5,,pleurez,cassez,verb.imp:pre:2p_ind:pre:2p.consonant.c4,3.12,3.27,0.3349,lexique,,
5,,postez,poussez,verb.imp:pre:2p_ind:pre:2p.consonant.c4,3.02,3.09,-0.0235,lexique,,
5,,protégez,tombez,verb.imp:pre:2p_ind:pre:2p.consonant.c4,3.18,3.24,0.2572,lexique,,
5,,remerciez,sauvez,verb.imp:pre:2p_ind:pre:2p.consonant.c4,3.0,3.21,0.2183,lexique,,
5,,rigolez,votez,verb.imp:pre:2p_ind:pre:2p.consonant.c4,3.09,3.57,0.0751,lexique,,
5,,réveillez,défendez,verb.imp:pre:2p_ind:pre:2p.consonant.c4,3.4,3.04,0.3025,lexique,,
5,,souffrez,libérez,verb.imp:pre:2p_ind:pre:2p.consonant.c4,3.2,3.2,0.3061,lexique,,
5,,adressez,aimez,verb.imp:pre:2p_ind:pre:2p.elides.c0,3.07,4.39,0.4017,lexique,,
5,,aidez,activez,verb.imp:pre:2p_ind:pre:2p.elides.c0,3.94,3.02,0.2602,lexique,,
5,,ajoutez,arrivez,verb.imp:pre:2p_ind:pre:2p.elides.c0,3.85,3.66,0.4037,lexique,,
5,,appelez,allez,verb.imp:pre:2p_ind:pre:2p.elides.c0,3.92,5.22,0.3536,lexique,,
5,,appuyez,apprenez,verb.imp:pre:2p_ind:pre:2p.elides.c0,3.32,3.7,0.3099,lexique,,
5,,arrêtez,expliquez,verb.imp:pre:2p_ind:pre:2p.elides.c0,4.54,3.7,0.4725,lexique,,
5,,engagez,osez,verb.imp:pre:2p_ind:pre:2p.elides.c0,3.02,3.57,0.1954,lexique,,
5,,essayez,écrivez,verb.imp:pre:2p_ind:pre:2p.elides.c0,4.29,3.56,0.4216,lexique,,
5,,inscrivez,enlevez,verb.imp:pre:2p_ind:pre:2p.elides.c0,3.66,3.14,0.4102,lexique,,
5,,oubliez,acceptez,verb.imp:pre:2p_ind:pre:2p.elides.c0,4.34,3.66,0.4485,lexique,,
5,,écoutez,achetez,verb.imp:pre:2p_ind:pre:2p.elides.c0,4.1,3.84,0.4341,lexique,,
5,,évitez,envoyez,verb.imp:pre:2p_ind:pre:2p.elides.c0,3.6,4.04,0.3936,lexique,,
5,,bats,joins,verb.imp:pre:2s_ind:pre:1s_ind:pre:2s.consonant.c1,3.75,3.19,0.4829,lexique,,
5,,dors,préviens,verb.imp:pre:2s_ind:pre:1s_ind:pre:2s.consonant.c1,4.09,3.66,0.2809,lexique,,
5,,déçois,prends,verb.imp:pre:2s_ind:pre:1s_ind:pre:2s.consonant.c1,3.02,4.88,0.5621,lexique,,
5,,meurs,sers,verb.imp:pre:2s_ind:pre:1s_ind:pre:2s.consonant.c1,3.95,3.81,0.3006,lexique,,
5,,plains,perds,verb.imp:pre:2s_ind:pre:1s_ind:pre:2s.consonant.c1,3.79,4.13,0.3743,lexique,,
5,,plais,crains,verb.imp:pre:2s_ind:pre:1s_ind:pre:2s.consonant.c1,3.57,3.88,0.2444,lexique,,
5,,rejoins,ris,verb.imp:pre:2s_ind:pre:1s_ind:pre:2s.consonant.c1,3.91,3.75,0.1562,lexique,,
5,,rends,reconnais,verb.imp:pre:2s_ind:pre:1s_ind:pre:2s.consonant.c1,4.36,4.03,0.4896,lexique,,
5,,repars,mens,verb.imp:pre:2s_ind:pre:1s_ind:pre:2s.consonant.c1,3.32,3.78,0.1793,lexique,,
5,,ressens,luis,verb.imp:pre:2s_ind:pre:1s_ind:pre:2s.consonant.c1,3.95,4.01,0.2336,lexique,,
5,,retiens,sais,verb.imp:pre:2s_ind:pre:1s_ind:pre:2s.consonant.c1,3.75,5.64,0.5117,lexique,,
5,,reçois,comprends,verb.imp:pre:2s_ind:pre:1s_ind:pre:2s.consonant.c1,4.05,4.97,0.3787,lexique,,
5,,réponds,refais,verb.imp:pre:2s_ind:pre:1s_ind:pre:2s.consonant.c1,4.31,3.48,0.4022,lexique,,
5,,souviens,relis,verb.imp:pre:2s_ind:pre:1s_ind:pre:2s.consonant.c1,4.57,3.38,0.4917,lexique,,
5,,tais,fais,verb.imp:pre:2s_ind:pre:1s_ind:pre:2s.consonant.c1,3.61,5.63,0.3873,lexique,,
5,,vends,reviens,verb.imp:pre:2s_ind:pre:1s_ind:pre:2s.consonant.c1,3.87,4.41,0.4531,lexique,,
5,,communique,soigne,verb.imp:pre:2s_ind:pre:1s_ind:pre:3s.consonant.c0,3.68,3.63,0.3921,lexique,,
5,,complique,magne,verb.imp:pre:2s_ind:pre:1s_ind:pre:3s.consonant.c0,3.6,3.09,0.205,lexique,,
5,,concerne,réside,verb.imp:pre:2s_ind:pre:1s_ind:pre:3s.consonant.c0,4.82,4.09,0.4626,lexique,,
5,,devance,détecte,verb.imp:pre:2s_ind:pre:1s_ind:pre:3s.consonant.c0,3.45,3.33,0.1204,lexique,,
5,,diminue,recommande,verb.imp:pre:2s_ind:pre:1s_ind:pre:3s.consonant.c0,4.02,4.22,0.2519,lexique,,
5,,déforme,contacte,verb.imp:pre:2s_ind:pre:1s_ind:pre:3s.consonant.c0,3.02,3.63,0.301,lexique,,
5,,délivre,stagne,verb.imp:pre:2s_ind:pre:1s_ind:pre:3s.consonant.c0,3.57,3.11,0.3672,lexique,,
5,,démarque,fonctionne,verb.imp:pre:2s_ind:pre:1s_ind:pre:3s.consonant.c0,3.27,4.57,0.4399,lexique,,
5,,désire,détaille,verb.imp:pre:2s_ind:pre:1s_ind:pre:3s.consonant.c0,3.99,3.53,0.1523,lexique,,
5,,facilite,supervise,verb.imp:pre:2s_ind:pre:1s_ind:pre:3s.consonant.c0,3.76,3.07,0.3451,lexique,,
5,,fourre,reporte,verb.imp:pre:2s_ind:pre:1s_ind:pre:3s.consonant.c0,3.36,3.13,0.1805,lexique,,
5,,généralise,procure,verb.imp:pre:2s_ind:pre:1s_ind:pre:3s.consonant.c0,3.18,3.69,0.2411,lexique,,
5,,mentionne,connecte,verb.imp:pre:2s_ind:pre:1s_ind:pre:3s.consonant.c0,4.17,3.44,0.3061,lexique,,
5,,modifie,contracte,verb.imp:pre:2s_ind:pre:1s_ind:pre:3s.consonant.c0,3.74,3.02,0.3431,lexique,,
5,,multiplie,constitue,verb.imp:pre:2s_ind:pre:1s_ind:pre:3s.consonant.c0,3.66,4.63,0.365,lexique,,
5,,prive,cultive,verb.imp:pre:2s_ind:pre:1s_ind:pre:3s.consonant.c0,3.64,3.48,0.3627,lexique,,
5,,profite,distingue,verb.imp:pre:2s_ind:pre:1s_ind:pre:3s.consonant.c0,4.43,4.2,0.302,lexique,,
5,,progresse,redemande,verb.imp:pre:2s_ind:pre:1s_ind:pre:3s.consonant.c0,3.72,3.02,0.382,lexique,,
5,,présume,commente,verb.imp:pre:2s_ind:pre:1s_ind:pre:3s.consonant.c0,3.44,3.8,0.4887,lexique,,
5,,rassure,rajoute,verb.imp:pre:2s_ind:pre:1s_ind:pre:3s.consonant.c0,3.98,3.75,0.4899,lexique,,
5,,renforce,concède,verb.imp:pre:2s_ind:pre:1s_ind:pre:3s.consonant.c0,3.88,3.38,0.4786,lexique,,
5,,résiste,décourage,verb.imp:pre:2s_ind:pre:1s_ind:pre:3s.consonant.c0,3.85,3.1,0.3934,lexique,,
5,,signifie,procède,verb.imp:pre:2s_ind:pre:1s_ind:pre:3s.consonant.c0,4.73,3.76,0.3424,lexique,,
5,,simplifie,suppose,verb.imp:pre:2s_ind:pre:1s_ind:pre:3s.consonant.c0,3.16,4.5,0.4415,lexique,,
5,,sollicite,contribue,verb.imp:pre:2s_ind:pre:1s_ind:pre:3s.consonant.c0,3.37,4.11,0.4977,lexique,,
5,,supprime,démontre,verb.imp:pre:2s_ind:pre:1s_ind:pre:3s.consonant.c0,3.83,4.09,0.3613,lexique,,
5,,teste,favorise,verb.imp:pre:2s_ind:pre:1s_ind:pre:3s.consonant.c0,3.75,3.98,0.3017,lexique,,
5,,vante,détermine,verb.imp:pre:2s_ind:pre:1s_ind:pre:3s.consonant.c0,3.5,3.75,0.2889,lexique,,
5,,vise,calcule,verb.imp:pre:2s_ind:pre:1s_ind:pre:3s.consonant.c0,4.4,3.62,0.0711,lexique,,
5,,brille,varie,verb.imp:pre:2s_ind:pre:1s_ind:pre:3s.consonant.c1,3.72,4.09,0.2359,lexique,,
5,,calle,replie,verb.imp:pre:2s_ind:pre:1s_ind:pre:3s.consonant.c1,3.13,3.14,-0.018,lexique,,
5,,débute,coûte,verb.imp:pre:2s_ind:pre:1s_ind:pre:3s.consonant.c1,4.05,4.43,0.0769,lexique,,
5,,décroche,borde,verb.imp:pre:2s_ind:pre:1s_ind:pre:3s.consonant.c1,3.81,3.23,0.2938,lexique,,
5,,dépose,survole,verb.imp:pre:2s_ind:pre:1s_ind:pre:3s.consonant.c1,3.94,3.0,0.293,lexique,,
5,,précède,domine,verb.imp:pre:2s_ind:pre:1s_ind:pre:3s.consonant.c1,3.65,4.0,0.372,lexique,,
5,,relie,déroule,verb.imp:pre:2s_ind:pre:1s_ind:pre:3s.consonant.c1,3.7,4.16,0.3975,lexique,,
5,,subsiste,succède,verb.imp:pre:2s_ind:pre:1s_ind:pre:3s.consonant.c1,3.67,3.65,0.3623,lexique,,
5,,séjourne,glisse,verb.imp:pre:2s_ind:pre:1s_ind:pre:3s.consonant.c1,3.02,3.94,0.096,lexique,,
5,,chante,fume,verb.imp:pre:2s_ind:pre:1s_ind:pre:3s.consonant.c2,4.28,3.9,0.3407,lexique,,
5,,chiale,pète,verb.imp:pre:2s_ind:pre:1s_ind:pre:3s.consonant.c2,3.16,3.73,0.3624,lexique,,
5,,croque,dérange,verb.imp:pre:2s_ind:pre:1s_ind:pre:3s.consonant.c2,3.37,4.32,0.487,lexique,,
5,,gâte,saigne,verb.imp:pre:2s_ind:pre:1s_ind:pre:3s.consonant.c2,3.01,3.44,0.253,lexique,,
5,,lamine,récite,verb.imp:pre:2s_ind:pre:1s_ind:pre:3s.consonant.c2,3.01,3.06,0.2943,lexique,,
5,,love,dégoûte,verb.imp:pre:2s_ind:pre:1s_ind:pre:3s.consonant.c2,4.45,3.25,0.1381,lexique,,
5,,remue,déguise,verb.imp:pre:2s_ind:pre:1s_ind:pre:3s.consonant.c2,3.28,3.02,0.0955,lexique,,
5,,résonne,crache,verb.imp:pre:2s_ind:pre:1s_ind:pre:3s.consonant.c2,3.35,3.64,0.412,lexique,,
5,,sonne,dérape,verb.imp:pre:2s_ind:pre:1s_ind:pre:3s.consonant.c2,4.17,3.09,0.4111,lexique,,
5,,transpire,déchire,verb.imp:pre:2s_ind:pre:1s_ind:pre:3s.consonant.c2,3.22,3.62,0.4406,lexique,,
5,,collectionne,couvre,verb.imp:pre:2s_ind:pre:1s_ind:pre:3s.consonant.c3,3.09,4.31,0.2706,lexique,,
5,,divise,rédige,verb.imp:pre:2s_ind:pre:1s_ind:pre:3s.consonant.c3,3.82,3.3,0.206,lexique,,
5,,compense,sacrifie,verb.imp:pre:2s_ind:pre:1s_ind:pre:3s.consonant.c4,3.27,3.28,0.5746,lexique,,
5,,débarrasse,questionne,verb.imp:pre:2s_ind:pre:1s_ind:pre:3s.consonant.c4,3.26,3.36,0.5635,lexique,,
5,,déguste,retarde,verb.imp:pre:2s_ind:pre:1s_ind:pre:3s.consonant.c4,3.0,3.14,0.2491,lexique,,
5,,freine,préserve,verb.imp:pre:2s_ind:pre:1s_ind:pre:3s.consonant.c4,3.32,3.39,0.5292,lexique,,
5,,gonfle,simule,verb.imp:pre:2s_ind:pre:1s_ind:pre:3s.consonant.c4,3.46,3.03,0.4324,lexique,,
5,,gratte,savoure,verb.imp:pre:2s_ind:pre:1s_ind:pre:3s.consonant.c4,3.83,3.13,0.3954,lexique,,
5,,planifie,défile,verb.imp:pre:2s_ind:pre:1s_ind:pre:3s.consonant.c4,3.05,3.17,0.2429,lexique,,
5,,ramasse,néglige,verb.imp:pre:2s_ind:pre:1s_ind:pre:3s.consonant.c4,3.73,3.27,0.4537,lexique,,
5,,régale,trie,verb.imp:pre:2s_ind:pre:1s_ind:pre:3s.consonant.c4,3.31,3.09,0.2493,lexique,,
5,,répare,navigue,verb.imp:pre:2s_ind:pre:1s_ind:pre:3s.consonant.c4,3.32,3.2,0.3837,lexique,,
5,,révise,rattrape,verb.imp:pre:2s_ind:pre:1s_ind:pre:3s.consonant.c4,3.01,3.53,0.4751,lexique,,
5,,soucie,capte,verb.imp:pre:2s_ind:pre:1s_ind:pre:3s.consonant.c4,3.46,3.52,0.3395,lexique,,
5,,stresse,corrige,verb.imp:pre:2s_ind:pre:1s_ind:pre:3s.consonant.c4,3.25,3.52,0.2393,lexique,,
5,,tremble,contourne,verb.imp:pre:2s_ind:pre:1s_ind:pre:3s.consonant.c4,3.54,3.06,0.4454,lexique,,
5,,vibre,stoppe,verb.imp:pre:2s_ind:pre:1s_ind:pre:3s.consonant.c4,3.19,3.05,0.2702,lexique,,
5,,déclenche,délaisse,verb.imp:pre:2s_ind:pre:1s_ind:pre:3s.consonant.c5,3.7,3.01,0.4451,lexique,,
5,,gronde,bouleverse,verb.imp:pre:2s_ind:pre:1s_ind:pre:3s.consonant.c5,3.16,3.17,0.3795,lexique,,
5,,percute,perturbe,verb.imp:pre:2s_ind:pre:1s_ind:pre:3s.consonant.c5,3.06,3.42,0.3025,lexique,,
5,,précipite,surnomme,verb.imp:pre:2s_ind:pre:1s_ind:pre:3s.consonant.c5,3.3,3.2,0.2156,lexique,,
5,,retombe,provoque,verb.imp:pre:2s_ind:pre:1s_ind:pre:3s.consonant.c5,3.54,4.17,0.3559,lexique,,
5,,sauve,débarque,verb.imp:pre:2s_ind:pre:1s_ind:pre:3s.consonant.c5,4.03,3.86,0.3777,lexique,,
5,,secoue,défie,verb.imp:pre:2s_ind:pre:1s_ind:pre:3s.consonant.c5,3.45,3.43,0.4467,lexique,,
5,,milite,réfute,verb.imp:pre:2s_ind:pre:1s_ind:pre:3s.consonant.c6,3.55,3.19,0.3049,lexique,,
5,,persuade,convoque,verb.imp:pre:2s_ind:pre:1s_ind:pre:3s.consonant.c6,3.01,3.33,0.3564,lexique,,
5,,préoccupe,soupçonne,verb.imp:pre:2s_ind:pre:1s_ind:pre:3s.consonant.c6,3.64,3.66,0.352,lexique,,
5,,rétorque,cite,verb.imp:pre:2s_ind:pre:1s_ind:pre:3s.consonant.c6,3.0,4.35,0.3093,lexique,,
5,,souligne,renie,verb.imp:pre:2s_ind:pre:1s_ind:pre:3s.consonant.c6,4.19,3.05,0.3791,lexique,,
5,,dessine,résume,verb.imp:pre:2s_ind:pre:1s_ind:pre:3s.consonant.c7,3.88,4.21,0.4538,lexique,,
5,,déploie,relate,verb.imp:pre:2s_ind:pre:1s_ind:pre:3s.consonant.c7,3.59,3.63,0.3391,lexique,,
5,,dévoile,croise,verb.imp:pre:2s_ind:pre:1s_ind:pre:3s.consonant.c7,3.96,4.04,0.3846,lexique,,
5,,dévore,dresse,verb.imp:pre:2s_ind:pre:1s_ind:pre:3s.consonant.c7,3.23,3.83,0.3992,lexique,,
5,,fie,devine,verb.imp:pre:2s_ind:pre:1s_ind:pre:3s.consonant.c7,3.46,3.74,0.4213,lexique,,
5,,flirte,reparle,verb.imp:pre:2s_ind:pre:1s_ind:pre:3s.consonant.c7,3.02,3.32,0.4671,lexique,,
5,,noue,reflète,verb.imp:pre:2s_ind:pre:1s_ind:pre:3s.consonant.c7,3.13,3.9,0.3539,lexique,,
5,,penche,symbolise,verb.imp:pre:2s_ind:pre:1s_ind:pre:3s.consonant.c7,3.77,3.46,0.3655,lexique,,
5,,témoigne,frôle,verb.imp:pre:2s_ind:pre:1s_ind:pre:3s.consonant.c7,4.11,3.21,0.3816,lexique,,
5,,accueille,apprécie,verb.imp:pre:2s_ind:pre:1s_ind:pre:3s.elides.c0,4.27,4.29,0.4148,lexique,,
5,,améliore,invente,verb.imp:pre:2s_ind:pre:1s_ind:pre:3s.elides.c0,3.96,3.79,0.3911,lexique,,
5,,anime,insère,verb.imp:pre:2s_ind:pre:1s_ind:pre:3s.elides.c0,4.11,3.23,0.1392,lexique,,
5,,articule,écroule,verb.imp:pre:2s_ind:pre:1s_ind:pre:3s.elides.c0,3.28,3.35,0.3665,lexique,,
5,,attire,associe,verb.imp:pre:2s_ind:pre:1s_ind:pre:3s.elides.c0,4.2,3.87,0.4386,lexique,,
5,,effectue,imprime,verb.imp:pre:2s_ind:pre:1s_ind:pre:3s.elides.c0,4.06,3.31,0.1918,lexique,,
5,,emménage,adapte,verb.imp:pre:2s_ind:pre:1s_ind:pre:3s.elides.c0,3.03,3.75,0.2455,lexique,,
5,,emprunte,exprime,verb.imp:pre:2s_ind:pre:1s_ind:pre:3s.elides.c0,3.73,4.27,0.4117,lexique,,
5,,enchante,abaisse,verb.imp:pre:2s_ind:pre:1s_ind:pre:3s.elides.c0,3.05,3.19,0.1357,lexique,,
5,,enregistre,accumule,verb.imp:pre:2s_ind:pre:1s_ind:pre:3s.elides.c0,3.91,3.41,0.2713,lexique,,
5,,explore,édite,verb.imp:pre:2s_ind:pre:1s_ind:pre:3s.elides.c0,3.54,3.15,0.3283,lexique,,
5,,exporte,effondre,verb.imp:pre:2s_ind:pre:1s_ind:pre:3s.elides.c0,3.29,3.61,0.4116,lexique,,
5,,expose,accentue,verb.imp:pre:2s_ind:pre:1s_ind:pre:3s.elides.c0,4.08,3.38,0.1929,lexique,,
5,,expérimente,ajuste,verb.imp:pre:2s_ind:pre:1s_ind:pre:3s.elides.c0,3.02,3.09,0.2135,lexique,,
5,,impressionne,oscille,verb.imp:pre:2s_ind:pre:1s_ind:pre:3s.elides.c0,3.38,3.28,0.2614,lexique,,
5,,inaugure,étudie,verb.imp:pre:2s_ind:pre:1s_ind:pre:3s.elides.c0,3.3,4.09,0.327,lexique,,
5,,initie,absorbe,verb.imp:pre:2s_ind:pre:1s_ind:pre:3s.elides.c0,3.04,3.43,0.0692,lexique,,
5,,innove,exploite,verb.imp:pre:2s_ind:pre:1s_ind:pre:3s.elides.c0,3.02,3.67,0.2843,lexique,,
5,,isole,émerge,verb.imp:pre:2s_ind:pre:1s_ind:pre:3s.elides.c0,3.25,3.37,0.2351,lexique,,
5,,économise,excelle,verb.imp:pre:2s_ind:pre:1s_ind:pre:3s.elides.c0,3.21,3.2,0.3033,lexique,,
5,,élimine,appuie,verb.imp:pre:2s_ind:pre:1s_ind:pre:3s.elides.c0,3.62,4.23,0.3061,lexique,,
5,,évacue,abrite,verb.imp:pre:2s_ind:pre:1s_ind:pre:3s.elides.c0,3.11,3.82,0.1508,lexique,,
5,,abuse,encaisse,verb.imp:pre:2s_ind:pre:1s_ind:pre:3s.elides.c1,3.66,3.29,0.1186,lexique,,
5,,achève,acharne,verb.imp:pre:2s_ind:pre:1s_ind:pre:3s.elides.c1,3.88,3.1,0.2972,lexique,,
5,,arbore,exagère,verb.imp:pre:2s_ind:pre:1s_ind:pre:3s.elides.c1,3.17,3.44,0.0565,lexique,,
5,,arrange,enfile,verb.imp:pre:2s_ind:pre:1s_ind:pre:3s.elides.c1,3.95,3.23,0.2679,lexique,,
5,,arrose,embête,verb.imp:pre:2s_ind:pre:1s_ind:pre:3s.elides.c1,3.24,3.4,0.3357,lexique,,
5,,aspire,use,verb.imp:pre:2s_ind:pre:1s_ind:pre:3s.elides.c1,3.58,3.77,0.2613,lexique,,
5,,avale,avoue,verb.imp:pre:2s_ind:pre:1s_ind:pre:3s.elides.c1,3.42,4.56,0.2257,lexique,,
5,,effraie,adhère,verb.imp:pre:2s_ind:pre:1s_ind:pre:3s.elides.c1,3.25,3.63,0.3431,lexique,,
5,,encule,efface,verb.imp:pre:2s_ind:pre:1s_ind:pre:3s.elides.c1,3.16,3.74,0.0756,lexique,,
5,,enflamme,incarne,verb.imp:pre:2s_ind:pre:1s_ind:pre:3s.elides.c1,3.26,3.88,0.1873,lexique,,
5,,essaye,écarte,verb.imp:pre:2s_ind:pre:1s_ind:pre:3s.elides.c1,4.58,3.67,0.2704,lexique,,
5,,improvise,illumine,verb.imp:pre:2s_ind:pre:1s_ind:pre:3s.elides.c1,3.16,3.18,0.3489,lexique,,
5,,épuise,essuie,verb.imp:pre:2s_ind:pre:1s_ind:pre:3s.elides.c1,3.24,3.43,0.0171,lexique,,
5,,aggrave,administre,verb.imp:pre:2s_ind:pre:1s_ind:pre:3s.elides.c3,3.36,3.08,0.2313,lexique,,
5,,argumente,apprête,verb.imp:pre:2s_ind:pre:1s_ind:pre:3s.elides.c3,3.05,3.79,0.0964,lexique,,
5,,attribue,agresse,verb.imp:pre:2s_ind:pre:1s_ind:pre:3s.elides.c3,3.87,3.12,0.2188,lexique,,
5,,avise,apaise,verb.imp:pre:2s_ind:pre:1s_ind:pre:3s.elides.c3,3.04,3.23,0.2661,lexique,,
5,,emploie,assimile,verb.imp:pre:2s_ind:pre:1s_ind:pre:3s.elides.c3,4.14,3.14,0.3358,lexique,,
5,,exerce,exhorte,verb.imp:pre:2s_ind:pre:1s_ind:pre:3s.elides.c3,4.08,3.17,0.2286,lexique,,
5,,expire,anticipe,verb.imp:pre:2s_ind:pre:1s_ind:pre:3s.elides.c3,3.22,3.15,0.3554,lexique,,
5,,implique,ordonne,verb.imp:pre:2s_ind:pre:1s_ind:pre:3s.elides.c3,4.31,3.94,0.4586,lexique,,
5,,importe,engage,verb.imp:pre:2s_ind:pre:1s_ind:pre:3s.elides.c3,5.24,4.36,0.2471,lexique,,
5,,indique,invoque,verb.imp:pre:2s_ind:pre:1s_ind:pre:3s.elides.c3,4.67,3.38,0.3759,lexique,,
5,,évite,annule,verb.imp:pre:2s_ind:pre:1s_ind:pre:3s.elides.c3,4.16,3.75,0.2501,lexique,,
5,,chie,libère,verb.imp:pre:2s_ind:pre:1s_ind:pre:3s_sub:pre:1s.consonant,3.47,3.77,0.0902,lexique,,
5,,consacre,lève,verb.imp:pre:2s_ind:pre:1s_ind:pre:3s_sub:pre:1s.consonant,3.94,4.4,0.2261,lexique,,
5,,raccroche,refuse,verb.imp:pre:2s_ind:pre:1s_ind:pre:3s_sub:pre:1s.consonant,3.17,4.62,0.0739,lexique,,
5,,réalise,pardonne,verb.imp:pre:2s_ind:pre:1s_ind:pre:3s_sub:pre:1s.consonant,4.38,3.97,0.1253,lexique,,
5,,suggère,baigne,verb.imp:pre:2s_ind:pre:1s_ind:pre:3s_sub:pre:1s.consonant,4.2,3.37,0.1626,lexique,,
5,,donne,tue,verb.imp:pre:2s_ind:pre:1s_ind:pre:3s_sub:pre:1s_sub:pre:3s.consonant,5.41,4.56,0.2016,lexique,,
5,,flatte,pense,verb.imp:pre:2s_ind:pre:1s_ind:pre:3s_sub:pre:1s_sub:pre:3s.consonant,3.0,5.54,0.3876,lexique,,
5,,jette,remercie,verb.imp:pre:2s_ind:pre:1s_ind:pre:3s_sub:pre:1s_sub:pre:3s.consonant,4.29,4.29,0.1763,lexique,,
5,,méfie,repose,verb.imp:pre:2s_ind:pre:1s_ind:pre:3s_sub:pre:1s_sub:pre:3s.consonant,3.62,4.45,0.3042,lexique,,
5,,mêle,décide,verb.imp:pre:2s_ind:pre:1s_ind:pre:3s_sub:pre:1s_sub:pre:3s.consonant,3.91,4.59,0.124,lexique,,
5,,range,prouve,verb.imp:pre:2s_ind:pre:1s_ind:pre:3s_sub:pre:1s_sub:pre:3s.consonant,3.89,4.35,0.259,lexique,,
5,,apporte,aime,verb.imp:pre:2s_ind:pre:1s_ind:pre:3s_sub:pre:1s_sub:pre:3s.elides,4.53,5.52,0.2784,lexique,,
5,,arrive,explique,verb.imp:pre:2s_ind:pre:1s_ind:pre:3s_sub:pre:1s_sub:pre:3s.elides,5.34,4.95,0.3131,lexique,,
5,,envole,accepte,verb.imp:pre:2s_ind:pre:1s_ind:pre:3s_sub:pre:1s_sub:pre:3s.elides,3.48,4.52,0.1073,lexique,,
5,,observe,arrête,verb.imp:pre:2s_ind:pre:1s_ind:pre:3s_sub:pre:1s_sub:pre:3s.elides,4.25,4.98,0.4475,lexique,,
5,,organise,amuse,verb.imp:pre:2s_ind:pre:1s_ind:pre:3s_sub:pre:1s_sub:pre:3s.elides,4.32,4.12,0.0966,lexique,,
5,,conseille,publie,verb.imp:pre:2s_ind:pre:1s_ind:pre:3s_sub:pre:3s.consonant.c0,4.27,4.23,0.2486,lexique,,
5,,crée,commence,verb.imp:pre:2s_ind:pre:1s_ind:pre:3s_sub:pre:3s.consonant.c0,4.56,5.14,0.3518,lexique,,
5,,marie,compare,verb.imp:pre:2s_ind:pre:1s_ind:pre:3s_sub:pre:3s.consonant.c0,5.03,4.05,0.2591,lexique,,
5,,mène,prononce,verb.imp:pre:2s_ind:pre:1s_ind:pre:3s_sub:pre:3s.consonant.c0,4.46,4.01,0.3167,lexique,,
5,,possède,proclame,verb.imp:pre:2s_ind:pre:1s_ind:pre:3s_sub:pre:3s.consonant.c0,4.69,3.47,0.2467,lexique,,
5,,projette,discute,verb.imp:pre:2s_ind:pre:1s_ind:pre:3s_sub:pre:3s.consonant.c0,3.56,3.98,0.3595,lexique,,
5,,recommence,propose,verb.imp:pre:2s_ind:pre:1s_ind:pre:3s_sub:pre:3s.consonant.c0,3.87,4.95,0.3388,lexique,,
5,,renferme,surveille,verb.imp:pre:2s_ind:pre:1s_ind:pre:3s_sub:pre:3s.consonant.c0,3.53,3.75,0.4248,lexique,,
5,,renonce,développe,verb.imp:pre:2s_ind:pre:1s_ind:pre:3s_sub:pre:3s.consonant.c0,3.81,4.27,0.2569,lexique,,
5,,renouvelle,découvre,verb.imp:pre:2s_ind:pre:1s_ind:pre:3s_sub:pre:3s.consonant.c0,3.52,4.46,0.4261,lexique,,
5,,blesse,pénètre,verb.imp:pre:2s_ind:pre:1s_ind:pre:3s_sub:pre:3s.consonant.c1,3.79,3.61,0.2499,lexique,,
5,,brûle,souffre,verb.imp:pre:2s_ind:pre:1s_ind:pre:3s_sub:pre:3s.consonant.c1,3.96,4.31,0.3358,lexique,,
5,,protège,préfère,verb.imp:pre:2s_ind:pre:1s_ind:pre:3s_sub:pre:3s.consonant.c1,4.21,4.76,0.1834,lexique,,
5,,récupère,mange,verb.imp:pre:2s_ind:pre:1s_ind:pre:3s_sub:pre:3s.consonant.c1,3.93,4.55,0.4013,lexique,,
5,,appréhende,assume,verb.imp:pre:2s_ind:pre:1s_ind:pre:3s_sub:pre:3s.elides.c0,3.04,4.04,0.3396,lexique,,
5,,augmente,accuse,verb.imp:pre:2s_ind:pre:1s_ind:pre:3s_sub:pre:3s.elides.c0,4.41,4.17,0.1067,lexique,,
5,,existe,encourage,verb.imp:pre:2s_ind:pre:1s_ind:pre:3s_sub:pre:3s.elides.c0,5.17,3.95,0.3035,lexique,,
5,,inspire,assure,verb.imp:pre:2s_ind:pre:1s_ind:pre:3s_sub:pre:3s.elides.c0,4.12,4.64,0.3295,lexique,,
5,,emballe,installe,verb.imp:pre:2s_ind:pre:1s_ind:pre:3s_sub:pre:3s.elides.c1,3.27,4.14,0.2486,lexique,,
5,,enferme,exécute,verb.imp:pre:2s_ind:pre:1s_ind:pre:3s_sub:pre:3s.elides.c1,3.49,3.56,0.2296,lexique,,
5,,enlève,accède,verb.imp:pre:2s_ind:pre:1s_ind:pre:3s_sub:pre:3s.elides.c1,4.21,3.49,0.364,lexique,,
5,,enterre,entoure,verb.imp:pre:2s_ind:pre:1s_ind:pre:3s_sub:pre:3s.elides.c1,3.24,3.9,0.2452,lexique,,
5,,essaie,emporte,verb.imp:pre:2s_ind:pre:1s_ind:pre:3s_sub:pre:3s.elides.c1,4.66,4.11,0.1828,lexique,,
5,,incline,oblige,verb.imp:pre:2s_ind:pre:1s_ind:pre:3s_sub:pre:3s.elides.c1,3.47,4.25,0.1726,lexique,,
5,,opère,écrase,verb.imp:pre:2s_ind:pre:1s_ind:pre:3s_sub:pre:3s.elides.c1,3.84,3.71,0.4126,lexique,,
5,,ouvre,ose,verb.imp:pre:2s_ind:pre:1s_ind:pre:3s_sub:pre:3s.elides.c1,4.79,4.29,0.128,lexique,,
5,,écoule,affronte,verb.imp:pre:2s_ind:pre:1s_ind:pre:3s_sub:pre:3s.elides.c1,3.42,3.57,0.2669,lexique,,
5,,engendre,élie,verb.imp:pre:2s_ind:pre:3s.elides,3.67,3.25,,lexique,,
5,,devrai,dirai,verb.ind:fut:1s.consonant,3.56,4.19,0.4079,lexique,,
5,,resterai,voudrai,verb.ind:fut:1s.consonant,3.2,3.29,0.1691,lexique,,
5,,répondrai,continuerai,verb.ind:fut:1s.consonant,3.34,3.21,0.1992,lexique,,
5,,souviendrai,laisserai,verb.ind:fut:1s.consonant,3.0,3.38,0.3018,lexique,,
5,,continueront,paieront,verb.ind:fut:3p.consonant.c0,3.48,3.22,0.6098,lexique,,
5,,laisseront,devront,verb.ind:fut:3p.consonant.c0,3.27,4.22,0.492,lexique,,
5,,changeront,partiront,verb.ind:fut:3p.consonant.c1,3.27,3.12,0.5174,lexique,,
5,,diront,demanderont,verb.ind:fut:3p.consonant.c1,3.89,3.09,0.585,lexique,,
5,,parleront,donneront,verb.ind:fut:3p.consonant.c1,3.08,3.57,0.5311,lexique,,
5,,rendront,recevront,verb.ind:fut:3p.consonant.c1,3.39,3.35,0.483,lexique,,
5,,chargera,parviendra,verb.ind:fut:3s.consonant.c1,3.17,3.25,0.4064,lexique,,
5,,commencera,contribuera,verb.ind:fut:3s.consonant.c1,3.57,3.09,0.3554,lexique,,
5,,fera,devra,verb.ind:fut:3s.consonant.c1,4.98,4.51,0.4731,lexique,,
5,,permettra,poussera,verb.ind:fut:3s.consonant.c1,4.38,3.04,0.4443,lexique,,
5,,profitera,laissera,verb.ind:fut:3s.consonant.c1,3.13,3.82,0.4957,lexique,,
5,,bénéficiera,portera,verb.ind:fut:3s.consonant.c3,3.01,3.78,0.4651,lexique,,
5,,connaîtra,durera,verb.ind:fut:3s.consonant.c3,3.47,3.63,0.3231,lexique,,
5,,créera,comprendra,verb.ind:fut:3s.consonant.c3,3.16,3.75,0.419,lexique,,
5,,dirigera,lira,verb.ind:fut:3s.consonant.c3,3.04,3.15,0.3643,lexique,,
5,,donnera,réunira,verb.ind:fut:3s.consonant.c3,4.24,3.13,0.3805,lexique,,
5,,débutera,posera,verb.ind:fut:3s.consonant.c3,3.21,3.27,0.2753,lexique,,
5,,défendra,constituera,verb.ind:fut:3s.consonant.c3,3.02,3.04,0.4354,lexique,,
5,,déroulera,fournira,verb.ind:fut:3s.consonant.c3,3.56,3.29,0.2278,lexique,,
5,,déterminera,réalisera,verb.ind:fut:3s.consonant.c3,3.07,3.28,0.4014,lexique,,
5,,jouera,participera,verb.ind:fut:3s.consonant.c3,3.79,3.37,0.5067,lexique,,
5,,lancera,demeurera,verb.ind:fut:3s.consonant.c3,3.03,3.17,0.2404,lexique,,
5,,montera,soutiendra,verb.ind:fut:3s.consonant.c3,3.0,3.11,0.265,lexique,,
5,,mourra,comptera,verb.ind:fut:3s.consonant.c3,3.34,3.14,0.051,lexique,,
5,,notera,produira,verb.ind:fut:3s.consonant.c3,3.48,3.46,0.3794,lexique,,
5,,parlera,terminera,verb.ind:fut:3s.consonant.c3,3.71,3.32,0.4757,lexique,,
5,,perdra,tiendra,verb.ind:fut:3s.consonant.c3,3.46,3.98,0.3743,lexique,,
5,,proposera,suivra,verb.ind:fut:3s.consonant.c3,3.48,3.63,0.4999,lexique,,
5,,publiera,recevra,verb.ind:fut:3s.consonant.c3,3.1,3.74,0.3408,lexique,,
5,,rappellera,deviendra,verb.ind:fut:3s.consonant.c3,3.32,4.12,0.4689,lexique,,
5,,rapportera,prendra,verb.ind:fut:3s.consonant.c3,3.02,4.27,0.4037,lexique,,
5,,reconnaîtra,vivra,verb.ind:fut:3s.consonant.c3,3.19,3.43,0.3005,lexique,,
5,,rejoindra,tournera,verb.ind:fut:3s.consonant.c3,3.22,3.17,0.4424,lexique,,
5,,remettra,présentera,verb.ind:fut:3s.consonant.c3,3.34,3.62,0.3925,lexique,,
5,,remplacera,marquera,verb.ind:fut:3s.consonant.c3,3.35,3.29,0.331,lexique,,
5,,rencontrera,survivra,verb.ind:fut:3s.consonant.c3,3.26,3.03,0.2761,lexique,,
5,,rentrera,subira,verb.ind:fut:3s.consonant.c3,3.13,3.01,0.3545,lexique,,
5,,reparlera,remarquera,verb.ind:fut:3s.consonant.c3,3.2,3.21,0.5027,lexique,,
5,,représentera,tombera,verb.ind:fut:3s.consonant.c3,3.16,3.34,0.246,lexique,,
5,,ressemblera,battra,verb.ind:fut:3s.consonant.c3,3.06,3.02,0.1954,lexique,,
5,,retiendra,reverra,verb.ind:fut:3s.consonant.c3,3.28,3.18,0.518,lexique,,
5,,retournera,conservera,verb.ind:fut:3s.consonant.c3,3.2,3.16,0.4296,lexique,,
5,,répondra,disparaîtra,verb.ind:fut:3s.consonant.c3,3.55,3.13,0.2001,lexique,,
5,,sauvera,vendra,verb.ind:fut:3s.consonant.c3,3.14,3.06,0.2456,lexique,,
5,,sortira,changera,verb.ind:fut:3s.consonant.c3,4.0,4.04,0.4341,lexique,,
5,,souviendra,reprendra,verb.ind:fut:3s.consonant.c3,3.34,3.51,0.5432,lexique,,
5,,tirera,mènera,verb.ind:fut:3s.consonant.c3,3.12,3.49,0.3592,lexique,,
5,,touchera,rendra,verb.ind:fut:3s.consonant.c3,3.32,4.0,0.3576,lexique,,
5,,travaillera,gagnera,verb.ind:fut:3s.consonant.c3,3.21,3.53,0.3297,lexique,,
5,,trouvera,montrera,verb.ind:fut:3s.consonant.c3,4.22,3.4,0.5626,lexique,,
5,,aboutira,affrontera,verb.ind:fut:3s.elides.c0,3.0,3.09,0.2843,lexique,,
5,,appliquera,atteindra,verb.ind:fut:3s.elides.c0,3.13,3.36,0.3116,lexique,,
5,,emportera,existera,verb.ind:fut:3s.elides.c0,3.05,3.14,0.3731,lexique,,
5,,acceptera,organisera,verb.ind:fut:3s.elides.c1,3.3,3.0,0.2264,lexique,,
5,,accueillera,oubliera,verb.ind:fut:3s.elides.c1,3.42,3.31,0.1672,lexique,,
5,,aidera,appellera,verb.ind:fut:3s.elides.c1,3.87,3.42,0.2776,lexique,,
5,,aimera,occupera,verb.ind:fut:3s.elides.c1,3.29,3.5,0.179,lexique,,
5,,appréciera,enverra,verb.ind:fut:3s.elides.c1,3.05,3.34,0.3392,lexique,,
5,,empêchera,apprendra,verb.ind:fut:3s.elides.c1,3.58,3.66,0.4084,lexique,,
5,,entendra,assurera,verb.ind:fut:3s.elides.c1,3.31,3.32,0.2712,lexique,,
5,,entrera,intéressera,verb.ind:fut:3s.elides.c1,3.4,3.12,0.4289,lexique,,
5,,écoutera,amènera,verb.ind:fut:3s.elides.c1,3.0,3.25,0.1446,lexique,,
5,,écrira,évitera,verb.ind:fut:3s.elides.c1,3.23,3.46,-0.0104,lexique,,
5,,comptais,parlais,verb.ind:imp:1s_ind:imp:2s.consonant.c0,3.42,4.21,0.4553,lexique,,
5,,connaissais,prenais,verb.ind:imp:1s_ind:imp:2s.consonant.c0,4.19,3.61,0.4539,lexique,,
5,,croyais,rêvais,verb.ind:imp:1s_ind:imp:2s.consonant.c0,4.31,3.26,0.5891,lexique,,
5,,devais,cherchais,verb.ind:imp:1s_ind:imp:2s.consonant.c0,4.29,3.72,0.6042,lexique,,
5,,doutais,dormais,verb.ind:imp:1s_ind:imp:2s.consonant.c0,3.38,3.36,0.3655,lexique,,
5,,faisais,revenais,verb.ind:imp:1s_ind:imp:2s.consonant.c0,4.33,3.02,0.6479,lexique,,
5,,mangeais,lisais,verb.ind:imp:1s_ind:imp:2s.consonant.c0,3.17,3.48,0.381,lexique,,
5,,préférais,demandais,verb.ind:imp:1s_ind:imp:2s.consonant.c0,3.27,3.91,0.3804,lexique,,
5,,sentais,pouvais,verb.ind:imp:1s_ind:imp:2s.consonant.c0,3.91,4.49,0.5861,lexique,,
5,,voulais,vivais,verb.ind:imp:1s_ind:imp:2s.consonant.c0,4.84,3.39,0.6383,lexique,,
5,,comprenais,commençais,verb.ind:imp:1s_ind:imp:2s.consonant.c1,3.52,3.4,0.4774,lexique,,
5,,appartenaient,arrivaient,verb.ind:imp:3p.elides,3.34,3.44,0.5574,lexique,,
5,,convenait,décidait,verb.ind:imp:3s.consonant.c0,3.31,3.21,0.5953,lexique,,
5,,désirait,gagnait,verb.ind:imp:3s.consonant.c0,3.25,3.44,0.6327,lexique,,
5,,laissait,valait,verb.ind:imp:3s.consonant.c0,3.88,3.95,0.5503,lexique,,
5,,menaçait,cherchait,verb.ind:imp:3s.consonant.c0,3.37,3.96,0.3986,lexique,,
5,,méritait,consistait,verb.ind:imp:3s.consonant.c0,3.78,3.53,0.32,lexique,,
5,,permettait,rêvait,verb.ind:imp:3s.consonant.c0,4.02,3.39,0.6141,lexique,,
5,,poussait,coûtait,verb.ind:imp:3s.consonant.c0,3.23,3.22,0.5787,lexique,,
5,,ramenait,craignait,verb.ind:imp:3s.consonant.c0,3.0,3.48,0.4471,lexique,,
5,,risquait,durait,verb.ind:imp:3s.consonant.c0,3.42,3.07,0.6147,lexique,,
5,,servait,finissait,verb.ind:imp:3s.consonant.c0,3.9,3.26,0.6125,lexique,,
5,,décrivait,manquait,verb.ind:imp:3s.consonant.c1,3.07,4.09,0.4949,lexique,,
5,,jouait,rappelait,verb.ind:imp:3s.consonant.c1,4.08,3.46,0.5694,lexique,,
5,,racontait,croyait,verb.ind:imp:3s.consonant.c1,3.55,4.13,0.4508,lexique,,
5,,remettait,dansait,verb.ind:imp:3s.consonant.c1,3.13,3.0,0.6113,lexique,,
5,,répondait,tapait,verb.ind:imp:3s.consonant.c1,3.6,3.05,0.4097,lexique,,
5,,soutenait,plaisait,verb.ind:imp:3s.consonant.c1,3.37,3.58,0.5395,lexique,,
5,,poursuivait,payait,verb.ind:imp:3s.consonant.c2,3.3,3.45,0.0963,lexique,,
5,,conduisait,frappait,verb.ind:imp:3s.consonant.c4,3.5,3.16,0.3528,lexique,,
5,,descendait,terminait,verb.ind:imp:3s.consonant.c4,3.07,3.13,0.3059,lexique,,
5,,devenait,suivait,verb.ind:imp:3s.consonant.c4,3.8,3.66,0.6235,lexique,,
5,,dormait,rencontrait,verb.ind:imp:3s.consonant.c4,3.48,3.12,0.472,lexique,,
5,,lançait,partait,verb.ind:imp:3s.consonant.c4,3.23,3.66,0.486,lexique,,
5,,nommait,ressemblait,verb.ind:imp:3s.consonant.c4,3.08,3.77,0.6265,lexique,,
5,,rendait,régnait,verb.ind:imp:3s.consonant.c4,3.9,3.34,0.6304,lexique,,
5,,roulait,recevait,verb.ind:imp:3s.consonant.c4,3.33,3.57,0.4602,lexique,,
5,,tombait,gérait,verb.ind:imp:3s.consonant.c4,3.45,3.0,0.4654,lexique,,
5,,traînait,travaillait,verb.ind:imp:3s.consonant.c4,3.07,3.98,0.5742,lexique,,
5,,vivait,marchait,verb.ind:imp:3s.consonant.c4,4.05,3.82,0.6407,lexique,,
5,,considérait,concernait,verb.ind:imp:3s.consonant.c5,3.6,3.47,0.4996,lexique,,
5,,contenait,dépendait,verb.ind:imp:3s.consonant.c5,3.64,3.42,0.5596,lexique,,
5,,correspondait,comptait,verb.ind:imp:3s.consonant.c5,3.42,4.15,0.4598,lexique,,
5,,disposait,contrôlait,verb.ind:imp:3s.consonant.c5,3.57,3.03,0.4571,lexique,,
5,,désignait,fonctionnait,verb.ind:imp:3s.consonant.c5,3.2,3.47,0.3813,lexique,,
5,,fournissait,pratiquait,verb.ind:imp:3s.consonant.c5,3.07,3.11,0.3485,lexique,,
5,,jugeait,provenait,verb.ind:imp:3s.consonant.c5,3.23,3.2,0.5595,lexique,,
5,,marquait,supportait,verb.ind:imp:3s.consonant.c5,3.18,3.08,0.4157,lexique,,
5,,partageait,datait,verb.ind:imp:3s.consonant.c5,3.34,3.06,0.2826,lexique,,
5,,participait,protégeait,verb.ind:imp:3s.consonant.c5,3.2,3.08,0.1754,lexique,,
5,,produisait,figurait,verb.ind:imp:3s.consonant.c5,3.35,3.36,0.5062,lexique,,
5,,signifiait,commandait,verb.ind:imp:3s.consonant.c5,3.44,3.09,0.1298,lexique,,
5,,transportait,possédait,verb.ind:imp:3s.consonant.c5,3.15,3.86,0.4405,lexique,,
5,,accordait,observait,verb.ind:imp:3s.elides.c0,3.07,3.12,0.3369,lexique,,
5,,affichait,achetait,verb.ind:imp:3s.elides.c0,3.1,3.09,0.0703,lexique,,
5,,ajoutait,assistait,verb.ind:imp:3s.elides.c0,3.35,3.01,0.3399,lexique,,
5,,apportait,étudiait,verb.ind:imp:3s.elides.c0,3.27,3.11,0.3423,lexique,,
5,,effectuait,enseignait,verb.ind:imp:3s.elides.c0,3.04,3.08,0.285,lexique,,
5,,employait,évoquait,verb.ind:imp:3s.elides.c0,3.15,3.16,0.3748,lexique,,
5,,exprimait,augmentait,verb.ind:imp:3s.elides.c0,3.37,3.09,0.3572,lexique,,
5,,obtenait,adressait,verb.ind:imp:3s.elides.c0,3.05,3.12,0.2863,lexique,,
5,,organisait,attirait,verb.ind:imp:3s.elides.c0,3.23,3.06,0.1519,lexique,,
5,,annonçait,aimait,verb.ind:imp:3s.elides.c1,3.67,4.2,0.3379,lexique,,
5,,apprenait,amenait,verb.ind:imp:3s.elides.c1,3.38,3.07,0.5863,lexique,,
5,,entendait,appartenait,verb.ind:imp:3s.elides.c1,3.75,3.93,0.5595,lexique,,
5,,envoyait,offrait,verb.ind:imp:3s.elides.c1,3.45,3.61,0.3986,lexique,,
5,,ignorait,abritait,verb.ind:imp:3s.elides.c1,3.53,3.02,0.5818,lexique,,
5,,indiquait,écoutait,verb.ind:imp:3s.elides.c1,3.48,3.39,0.6131,lexique,,
5,,inquiétait,entrait,verb.ind:imp:3s.elides.c1,3.19,3.28,0.5682,lexique,,
5,,utilisait,avançait,verb.ind:imp:3s.elides.c1,3.7,3.31,0.5269,lexique,,
5,,élevait,affirmait,verb.ind:imp:3s.elides.c1,3.67,3.46,0.4865,lexique,,
5,,cana,produisit,verb.ind:pas:3s.consonant.c0,3.02,3.14,0.0835,lexique,,
5,,changea,consacra,verb.ind:pas:3s.consonant.c0,3.24,3.03,0.2851,lexique,,
5,,compta,créa,verb.ind:pas:3s.consonant.c0,3.3,3.57,0.1485,lexique,,
5,,confia,rosa,verb.ind:pas:3s.consonant.c0,3.09,3.71,0.1151,lexique,,
5,,connut,conduisit,verb.ind:pas:3s.consonant.c0,3.38,3.13,0.3859,lexique,,
5,,contribua,lia,verb.ind:pas:3s.consonant.c0,3.11,3.11,0.2013,lexique,,
5,,découvrit,versa,verb.ind:pas:3s.consonant.c0,3.33,3.62,0.2423,lexique,,
5,,marqua,signa,verb.ind:pas:3s.consonant.c0,3.05,3.03,0.2559,lexique,,
5,,monta,maria,verb.ind:pas:3s.consonant.c0,3.11,4.35,0.317,lexique,,
5,,nomma,forma,verb.ind:pas:3s.consonant.c0,3.2,3.15,0.2727,lexique,,
5,,nota,mena,verb.ind:pas:3s.consonant.c0,3.22,3.32,0.312,lexique,,
5,,rencontra,gagna,verb.ind:pas:3s.consonant.c0,3.34,3.16,0.322,lexique,,
5,,réalisa,provoqua,verb.ind:pas:3s.consonant.c0,3.1,3.05,0.2554,lexique,,
5,,révéla,jura,verb.ind:pas:3s.consonant.c0,3.08,3.83,-0.0062,lexique,,
5,,cessa,put,verb.ind:pas:3s.consonant.c1,3.1,3.97,0.5804,lexique,,
5,,crut,proposa,verb.ind:pas:3s.consonant.c1,3.01,3.37,0.3988,lexique,,
5,,demanda,dut,verb.ind:pas:3s.consonant.c1,3.76,3.9,0.3882,lexique,,
5,,fit,pensa,verb.ind:pas:3s.consonant.c1,4.58,3.0,0.4368,lexique,,
5,,terra,valut,verb.ind:pas:3s.consonant.c1,3.5,3.1,-0.0339,lexique,,
5,,comprit,donna,verb.ind:pas:3s.consonant.c2,3.4,4.16,0.4711,lexique,,
5,,demeura,perdit,verb.ind:pas:3s.consonant.c2,3.06,3.37,0.6059,lexique,,
5,,dirigea,reçut,verb.ind:pas:3s.consonant.c2,3.39,3.81,0.497,lexique,,
5,,ferma,porta,verb.ind:pas:3s.consonant.c2,3.02,3.49,0.5513,lexique,,
5,,guetta,garda,verb.ind:pas:3s.consonant.c2,3.02,3.07,0.5207,lexique,,
5,,leva,joua,verb.ind:pas:3s.consonant.c2,3.37,3.2,0.3277,lexique,,
5,,mit,passa,verb.ind:pas:3s.consonant.c2,4.35,3.83,0.5915,lexique,,
5,,montra,prit,verb.ind:pas:3s.consonant.c2,3.21,4.33,0.5444,lexique,,
5,,mourut,posa,verb.ind:pas:3s.consonant.c2,3.83,3.3,0.4503,lexique,,
5,,partit,serra,verb.ind:pas:3s.consonant.c2,3.91,3.51,0.2126,lexique,,
5,,regarda,remit,verb.ind:pas:3s.consonant.c2,3.42,3.16,0.5271,lexique,,
5,,resta,déclara,verb.ind:pas:3s.consonant.c2,3.77,3.5,0.4212,lexique,,
5,,répondit,rejoignit,verb.ind:pas:3s.consonant.c2,3.63,3.01,0.3532,lexique,,
5,,sentit,frappa,verb.ind:pas:3s.consonant.c2,3.19,3.06,0.2957,lexique,,
5,,sortit,servit,verb.ind:pas:3s.consonant.c2,3.82,3.6,0.4655,lexique,,
5,,termina,tomba,verb.ind:pas:3s.consonant.c2,3.28,3.48,0.4782,lexique,,
5,,tira,parla,verb.ind:pas:3s.consonant.c2,3.2,3.14,0.4127,lexique,,
5,,tut,rendit,verb.ind:pas:3s.consonant.c2,3.09,3.64,0.5998,lexique,,
5,,accepta,entreprit,verb.ind:pas:3s.elides,3.28,3.13,0.4044,lexique,,
5,,acheta,entra,verb.ind:pas:3s.elides,3.01,3.6,0.2299,lexique,,
5,,amena,envoya,verb.ind:pas:3s.elides,3.06,3.45,0.526,lexique,,
5,,apparut,apprit,verb.ind:pas:3s.elides,3.31,3.45,0.5237,lexique,,
5,,appela,épousa,verb.ind:pas:3s.elides,3.2,3.42,0.3415,lexique,,
5,,approcha,axa,verb.ind:pas:3s.elides,3.16,3.26,-0.0228,lexique,,
5,,entraîna,écrivit,verb.ind:pas:3s.elides,3.08,3.55,0.1023,lexique,,
5,,installa,offrit,verb.ind:pas:3s.elides,3.21,3.19,0.4469,lexique,,
5,,occupa,alla,verb.ind:pas:3s.elides,3.25,3.71,0.3747,lexique,,
5,,opposa,ordonna,verb.ind:pas:3s.elides,3.09,3.29,0.3762,lexique,,
5,,ouvrit,atteignit,verb.ind:pas:3s.elides,3.46,3.06,0.2037,lexique,,
5,,usa,annonça,verb.ind:pas:3s.elides,4.5,3.17,-0.0097,lexique,,
5,,bâtit,réagit,verb.ind:pas:3s_ind:pre:3s.consonant.c0,3.08,3.89,0.1567,lexique,,
5,,garantit,punit,verb.ind:pas:3s_ind:pre:3s.consonant.c0,3.76,3.2,-0.0068,lexique,,
5,,guérit,fournit,verb.ind:pas:3s_ind:pre:3s.consonant.c0,3.38,4.21,0.0958,lexique,,
5,,réfléchit,régit,verb.ind:pas:3s_ind:pre:3s.consonant.c0,3.73,3.18,0.1092,lexique,,
5,,réjouit,répartit,verb.ind:pas:3s_ind:pre:3s.consonant.c0,3.51,3.06,-0.0226,lexique,,
5,,franchit,rit,verb.ind:pas:3s_ind:pre:3s.consonant.c1,3.44,3.89,0.1679,lexique,,
5,,fuit,refroidit,verb.ind:pas:3s_ind:pre:3s.consonant.c1,3.77,3.09,0.0987,lexique,,
5,,grandit,suffit,verb.ind:pas:3s_ind:pre:3s.consonant.c1,3.82,4.96,0.0037,lexique,,
5,,sourit,choisit,verb.ind:pas:3s_ind:pre:3s.consonant.c1,3.96,4.2,0.1654,lexique,,
5,,vit,pourrit,verb.ind:pas:3s_ind:pre:3s.consonant.c1,4.82,3.13,0.0678,lexique,,
5,,aboutit,agrandit,verb.ind:pas:3s_ind:pre:3s.elides,3.72,3.2,0.1082,lexique,,
5,,obéit,investit,verb.ind:pas:3s_ind:pre:3s.elides,3.37,3.73,-0.0203,lexique,,
5,,côtoie,blaise,verb.ind:pre:1s_ind:pre:3s.consonant,3.32,3.75,0.2054,lexique,,
5,,diffère,totalise,verb.ind:pre:1s_ind:pre:3s.consonant,3.64,3.14,0.2681,lexique,,
5,,postule,préconise,verb.ind:pre:1s_ind:pre:3s.consonant,3.15,3.54,0.1845,lexique,,
5,,privilégie,cumule,verb.ind:pre:1s_ind:pre:3s.consonant,3.52,3.28,0.1711,lexique,,
5,,rallie,destine,verb.ind:pre:1s_ind:pre:3s.consonant,3.09,3.0,0.073,lexique,,
5,,recèle,dégrade,verb.ind:pre:1s_ind:pre:3s.consonant,3.17,3.36,-0.0172,lexique,,
5,,reforme,voue,verb.ind:pre:1s_ind:pre:3s.consonant,3.12,3.09,-0.1087,lexique,,
5,,renoue,déconseille,verb.ind:pre:1s_ind:pre:3s.consonant,3.12,3.2,0.1003,lexique,,
5,,causer,tourner,verb.ind:pre:2p_inf.consonant,4.03,4.68,0.4186,lexique,,
5,,couler,faciliter,verb.ind:pre:2p_inf.consonant,4.05,4.24,0.2706,lexique,,
5,,coûter,jurer,verb.ind:pre:2p_inf.consonant,3.89,3.49,0.3299,lexique,,
5,,fondre,condamner,verb.ind:pre:2p_inf.consonant,3.91,3.91,0.4012,lexique,,
5,,soigner,pincer,verb.ind:pre:2p_inf.consonant,4.2,3.02,0.5315,lexique,,
5,,taper,supplier,verb.ind:pre:2p_inf.consonant,4.34,3.16,0.2856,lexique,,
5,,agacer,alterner,verb.ind:pre:2p_inf.elides,3.03,3.02,0.2542,lexique,,
5,,appuyer,échapper,verb.ind:pre:2p_inf.elides,4.21,4.43,0.4342,lexique,,
5,,assurer,enlever,verb.ind:pre:2p_inf.elides,4.91,4.48,0.4242,lexique,,
5,,essayer,exposer,verb.ind:pre:2p_inf.elides,4.94,3.98,0.4416,lexique,,
5,,incliner,imaginer,verb.ind:pre:2p_inf.elides,3.37,4.52,0.1269,lexique,,
5,,offenser,acheter,verb.ind:pre:2p_inf.elides,3.25,5.02,0.3787,lexique,,
5,,changes,boites,verb.ind:pre:2s.consonant,3.83,3.63,0.1866,lexique,,
5,,décides,paies,verb.ind:pre:2s.consonant,3.36,3.34,0.0316,lexique,,
5,,découvres,respectes,verb.ind:pre:2s.consonant,3.01,3.09,0.3047,lexique,,
5,,préfères,travailles,verb.ind:pre:2s.consonant,3.87,3.56,0.1838,lexique,,
5,,souhaites,pleures,verb.ind:pre:2s.consonant,3.51,3.39,0.2069,lexique,,
5,,baises,réveilles,verb.ind:pre:2s_sub:pre:2s.consonant,3.02,3.1,0.1357,lexique,,
5,,détestes,cites,verb.ind:pre:2s_sub:pre:2s.consonant,3.13,3.08,0.0435,lexique,,
5,,parles,tires,verb.ind:pre:2s_sub:pre:2s.consonant,4.68,3.2,0.3275,lexique,,
5,,regardes,prépares,verb.ind:pre:2s_sub:pre:2s.consonant,4.15,3.05,0.313,lexique,,
5,,retrouves,caches,verb.ind:pre:2s_sub:pre:2s.consonant,3.5,3.3,0.3255,lexique,,
5,,arrêtes,expliques,verb.ind:pre:2s_sub:pre:2s.elides,3.76,3.31,0.2929,lexique,,
5,,essayes,utilises,verb.ind:pre:2s_sub:pre:2s.elides,3.59,3.49,0.0946,lexique,,
5,,commencent,peuvent,verb.ind:pre:3p.consonant.c0,4.4,5.43,0.6149,lexique,,
5,,décident,servent,verb.ind:pre:3p.consonant.c0,4.01,4.33,0.5221,lexique,,
5,,publient,prônent,verb.ind:pre:3p.consonant.c1,3.5,3.09,0.5836,lexique,,
5,,répètent,méritent,verb.ind:pre:3p.consonant.c1,3.34,4.09,0.6336,lexique,,
5,,taisent,considèrent,verb.ind:pre:3p.consonant.c1,3.01,4.05,0.6247,lexique,,
5,,consacrent,renforcent,verb.ind:pre:3p.consonant.c2,3.29,3.29,0.35,lexique,,
5,,dégagent,collaborent,verb.ind:pre:3p.consonant.c2,3.3,3.01,0.1173,lexique,,
5,,justifient,mobilisent,verb.ind:pre:3p.consonant.c2,3.41,3.29,0.4172,lexique,,
5,,payent,suscitent,verb.ind:pre:3p.consonant.c2,3.67,3.25,0.064,lexique,,
5,,datent,constatent,verb.ind:pre:3p.consonant.c3,3.63,3.27,0.5919,lexique,,
5,,placent,démontrent,verb.ind:pre:3p.consonant.c3,3.52,3.59,0.6491,lexique,,
5,,posent,déroulent,verb.ind:pre:3p.consonant.c3,4.0,3.69,0.5989,lexique,,
5,,remplacent,comparent,verb.ind:pre:3p.consonant.c3,3.44,3.07,0.4416,lexique,,
5,,ressortent,confirment,verb.ind:pre:3p.consonant.c3,3.32,3.68,0.6335,lexique,,
5,,signent,subsistent,verb.ind:pre:3p.consonant.c3,3.4,3.41,0.5737,lexique,,
5,,valent,marquent,verb.ind:pre:3p.consonant.c3,4.0,3.64,0.5868,lexique,,
5,,causent,garantissent,verb.ind:pre:3p.consonant.c4,3.41,3.12,0.5811,lexique,,
5,,consomment,subissent,verb.ind:pre:3p.consonant.c4,3.53,3.86,0.5103,lexique,,
5,,favorisent,mesurent,verb.ind:pre:3p.consonant.c4,3.52,3.29,0.6466,lexique,,
5,,fument,maintiennent,verb.ind:pre:3p.consonant.c4,3.35,3.47,0.5666,lexique,,
5,,piquent,contrôlent,verb.ind:pre:3p.consonant.c4,3.13,3.55,0.4245,lexique,,
5,,souffrent,remplissent,verb.ind:pre:3p.consonant.c4,3.91,3.45,0.6237,lexique,,
5,,varient,pèsent,verb.ind:pre:3p.consonant.c4,3.76,3.53,0.5521,lexique,,
5,,creusent,marient,verb.ind:pre:3p.consonant.c5,3.11,3.34,0.6485,lexique,,
5,,créent,répandent,verb.ind:pre:3p.consonant.c5,3.95,3.05,0.5934,lexique,,
5,,développent,coulent,verb.ind:pre:3p.consonant.c5,3.84,3.3,0.6472,lexique,,
5,,ressentent,confondent,verb.ind:pre:3p.consonant.c5,3.42,3.43,0.5672,lexique,,
5,,séparent,réagissent,verb.ind:pre:3p.consonant.c5,3.75,3.5,0.6202,lexique,,
5,,craignent,déclarent,verb.ind:pre:3p.consonant.c6,3.61,3.77,0.6304,lexique,,
5,,dénoncent,commandent,verb.ind:pre:3p.consonant.c6,3.66,3.02,0.5879,lexique,,
5,,forcent,reprochent,verb.ind:pre:3p.consonant.c6,3.37,3.32,0.457,lexique,,
5,,paient,jugent,verb.ind:pre:3p.consonant.c6,3.81,3.72,0.5432,lexique,,
5,,réclament,menacent,verb.ind:pre:3p.consonant.c6,3.79,3.58,0.6396,lexique,,
5,,préparent,prévoient,verb.ind:pre:3p.consonant.c7,3.77,3.46,0.6293,lexique,,
5,,recrutent,détiennent,verb.ind:pre:3p.consonant.c7,3.22,3.41,0.6333,lexique,,
5,,regroupent,versent,verb.ind:pre:3p.consonant.c7,3.3,3.05,0.6194,lexique,,
5,,baisent,souviennent,verb.ind:pre:3p.consonant.c8,3.1,3.39,0.5983,lexique,,
5,,chantent,mêlent,verb.ind:pre:3p.consonant.c8,3.63,3.48,0.6357,lexique,,
5,,lâchent,dansent,verb.ind:pre:3p.consonant.c8,3.26,3.34,0.6365,lexique,,
5,,boivent,remportent,verb.ind:pre:3p.consonant.c9,3.57,3.21,0.3978,lexique,,
5,,combattent,circulent,verb.ind:pre:3p.consonant.c9,3.42,3.63,0.5967,lexique,,
5,,fabriquent,récupèrent,verb.ind:pre:3p.consonant.c9,3.3,3.07,0.6349,lexique,,
5,,glissent,déplacent,verb.ind:pre:3p.consonant.c9,3.1,3.55,0.6388,lexique,,
5,,lancent,coûtent,verb.ind:pre:3p.consonant.c9,3.79,3.65,0.5231,lexique,,
5,,louent,jouent,verb.ind:pre:3p.consonant.c9,3.15,4.38,0.6046,lexique,,
5,,meurent,font,verb.ind:pre:3p.consonant.c9,3.98,5.47,0.5137,lexique,,
5,,retournent,volent,verb.ind:pre:3p.consonant.c9,3.54,3.67,0.5618,lexique,,
5,,terminent,tapent,verb.ind:pre:3p.consonant.c9,3.6,3.37,0.5413,lexique,,
5,,vendent,tombent,verb.ind:pre:3p.consonant.c9,3.86,4.11,0.5115,lexique,,
5,,virent,coupent,verb.ind:pre:3p.consonant.c9,3.34,3.36,0.5323,lexique,,
5,,admettent,empêchent,verb.ind:pre:3p.elides.c0,3.13,3.77,0.5922,lexique,,
5,,affirment,essayent,verb.ind:pre:3p.elides.c0,3.79,3.59,0.5285,lexique,,
5,,emparent,espèrent,verb.ind:pre:3p.elides.c0,3.15,3.5,0.5976,lexique,,
5,,emploient,obligent,verb.ind:pre:3p.elides.c0,3.52,3.44,0.5542,lexique,,
5,,ennuient,établissent,verb.ind:pre:3p.elides.c0,3.03,3.45,0.6413,lexique,,
5,,envisagent,attendent,verb.ind:pre:3p.elides.c0,3.29,4.39,0.5172,lexique,,
5,,exercent,adoptent,verb.ind:pre:3p.elides.c0,3.61,3.42,0.5809,lexique,,
5,,exigent,envoient,verb.ind:pre:3p.elides.c0,3.71,3.87,0.5424,lexique,,
5,,interdisent,apprennent,verb.ind:pre:3p.elides.c0,3.38,3.84,0.4263,lexique,,
5,,opposent,apprêtent,verb.ind:pre:3p.elides.c0,3.86,3.03,0.5847,lexique,,
5,,opèrent,incitent,verb.ind:pre:3p.elides.c0,3.34,3.18,0.5569,lexique,,
5,,écrasent,osent,verb.ind:pre:3p.elides.c0,3.0,3.67,0.4806,lexique,,
5,,évitent,identifient,verb.ind:pre:3p.elides.c0,3.32,3.16,0.5922,lexique,,
5,,accueillent,animent,verb.ind:pre:3p.elides.c1,3.57,3.21,0.6061,lexique,,
5,,approchent,occupent,verb.ind:pre:3p.elides.c1,3.47,4.1,0.4325,lexique,,
5,,assistent,inspirent,verb.ind:pre:3p.elides.c1,3.27,3.48,0.5959,lexique,,
5,,assument,adaptent,verb.ind:pre:3p.elides.c1,3.36,3.25,0.6014,lexique,,
5,,efforcent,éloignent,verb.ind:pre:3p.elides.c1,3.04,3.22,0.3893,lexique,,
5,,expriment,invitent,verb.ind:pre:3p.elides.c1,3.77,3.51,0.461,lexique,,
5,,informent,organisent,verb.ind:pre:3p.elides.c1,3.04,3.79,0.3529,lexique,,
5,,élèvent,étonnent,verb.ind:pre:3p.elides.c1,3.67,3.13,0.6137,lexique,,
5,,affichent,appartiennent,verb.ind:pre:3p.elides.c2,3.68,4.02,0.5584,lexique,,
5,,améliorent,étudient,verb.ind:pre:3p.elides.c2,3.33,3.4,0.512,lexique,,
5,,existent,engendrent,verb.ind:pre:3p.elides.c2,4.38,3.04,0.5951,lexique,,
5,,observent,incluent,verb.ind:pre:3p.elides.c2,3.36,3.53,0.6459,lexique,,
5,,évoluent,apportent,verb.ind:pre:3p.elides.c2,3.71,3.89,0.6281,lexique,,
5,,évoquent,influencent,verb.ind:pre:3p.elides.c2,3.63,3.21,0.5945,lexique,,
5,,abondent,appellent,verb.ind:pre:3p.elides.c4,3.0,4.28,0.6349,lexique,,
5,,achètent,effacent,verb.ind:pre:3p.elides.c4,3.74,3.03,0.1495,lexique,,
5,,attirent,éprouvent,verb.ind:pre:3p.elides.c4,3.65,3.19,0.6163,lexique,,
5,,imaginent,ornent,verb.ind:pre:3p.elides.c4,3.35,3.04,0.529,lexique,,
5,,inquiètent,amusent,verb.ind:pre:3p.elides.c4,3.45,3.47,0.5897,lexique,,
5,,condamnent,reçoivent,verb.ind:pre:3p_sub:pre:3p.consonant.c0,3.16,4.12,0.4853,lexique,,
5,,descendent,fondent,verb.ind:pre:3p_sub:pre:3p.consonant.c1,3.53,3.55,0.6286,lexique,,
5,,laissent,pleurent,verb.ind:pre:3p_sub:pre:3p.consonant.c1,4.29,3.36,0.619,lexique,,
5,,mangent,trouvent,verb.ind:pre:3p_sub:pre:3p.consonant.c1,3.93,4.66,0.5656,lexique,,
5,,mettent,cherchent,verb.ind:pre:3p_sub:pre:3p.consonant.c1,4.6,4.31,0.5961,lexique,,
5,,passent,doutent,verb.ind:pre:3p_sub:pre:3p.consonant.c1,4.53,3.3,0.6433,lexique,,
5,,semblent,racontent,verb.ind:pre:3p_sub:pre:3p.consonant.c1,4.55,3.78,0.5341,lexique,,
5,,tirent,restent,verb.ind:pre:3p_sub:pre:3p.consonant.c1,3.89,4.63,0.6417,lexique,,
5,,viennent,disent,verb.ind:pre:3p_sub:pre:3p.consonant.c1,4.9,4.91,0.5989,lexique,,
5,,ouvrent,aiment,verb.ind:pre:3p_sub:pre:3p.elides,4.0,4.57,0.3905,lexique,,
5,,boit,revêt,verb.ind:pre:3s.consonant.c0,3.91,3.4,0.1311,lexique,,
5,,clôt,regorge,verb.ind:pre:3s.consonant.c0,3.15,3.19,0.1315,lexique,,
5,,devient,vend,verb.ind:pre:3s.consonant.c0,5.08,4.32,0.2985,lexique,,
5,,fout,paraît,verb.ind:pre:3s.consonant.c0,4.36,4.68,0.1417,lexique,,
5,,martine,rompt,verb.ind:pre:3s.consonant.c0,3.9,3.33,0.0406,lexique,,
5,,met,survit,verb.ind:pre:3s.consonant.c0,5.12,3.47,0.0692,lexique,,
5,,meurt,mord,verb.ind:pre:3s.consonant.c0,4.46,3.4,0.2585,lexique,,
5,,perçoit,reprend,verb.ind:pre:3s.consonant.c0,3.64,4.44,0.4602,lexique,,
5,,redevient,revoit,verb.ind:pre:3s.consonant.c0,3.36,3.51,0.4893,lexique,,
5,,repart,dort,verb.ind:pre:3s.consonant.c0,3.81,4.09,0.3446,lexique,,
5,,revend,parcourt,verb.ind:pre:3s.consonant.c0,3.06,3.54,0.2163,lexique,,
5,,revient,sent,verb.ind:pre:3s.consonant.c0,4.84,4.73,0.3952,lexique,,
5,,reçoit,réapparaît,verb.ind:pre:3s.consonant.c0,4.53,3.02,0.4371,lexique,,
5,,souvient,fend,verb.ind:pre:3s.consonant.c0,4.14,3.06,0.4748,lexique,,
5,,surprend,remet,verb.ind:pre:3s.consonant.c0,3.78,4.24,0.4522,lexique,,
5,,voit,disparaît,verb.ind:pre:3s.consonant.c0,5.25,3.99,0.504,lexique,,
5,,commet,prévoit,verb.ind:pre:3s.consonant.c2,3.58,4.27,0.2064,lexique,,
5,,concourt,requiert,verb.ind:pre:3s.consonant.c2,3.03,3.71,0.0706,lexique,,
5,,consent,connaît,verb.ind:pre:3s.consonant.c2,3.15,4.8,0.3754,lexique,,
5,,convainc,détient,verb.ind:pre:3s.consonant.c2,3.31,3.94,0.28,lexique,,
5,,défend,confond,verb.ind:pre:3s.consonant.c2,4.31,3.64,0.3611,lexique,,
5,,ment,prévient,verb.ind:pre:3s.consonant.c2,4.19,3.65,0.3977,lexique,,
5,,ressent,résout,verb.ind:pre:3s.consonant.c2,3.99,3.53,0.1818,lexique,,
5,,retient,substitue,verb.ind:pre:3s.consonant.c2,3.88,3.15,0.4554,lexique,,
5,,répond,sanctionne,verb.ind:pre:3s.consonant.c2,4.68,3.04,0.258,lexique,,
5,,soutient,survient,verb.ind:pre:3s.consonant.c2,4.4,3.7,0.4812,lexique,,
5,,appartient,endort,verb.ind:pre:3s.elides,4.63,3.27,0.0978,lexique,,
5,,assoit,apprend,verb.ind:pre:3s.elides,3.24,4.54,0.2042,lexique,,
5,,entreprend,émet,verb.ind:pre:3s.elides,3.45,3.78,0.1479,lexique,,
5,,excède,entend,verb.ind:pre:3s.elides,3.21,4.71,0.3389,lexique,,
5,,interrompt,émeut,verb.ind:pre:3s.elides,3.28,3.14,0.2796,lexique,,
5,,oit,acquiert,verb.ind:pre:3s.elides,3.11,3.63,-0.0037,lexique,,
5,,bombarder,guérir,verb.inf.consonant.c0,3.27,3.93,0.5024,lexique,,
5,,conquérir,neutraliser,verb.inf.consonant.c0,3.84,3.49,0.6162,lexique,,
5,,protester,gouverner,verb.inf.consonant.c0,3.71,3.81,0.5714,lexique,,
5,,protéger,révolter,verb.inf.consonant.c0,4.76,3.01,0.1636,lexique,,
5,,purifier,proclamer,verb.inf.consonant.c0,3.2,3.24,0.2428,lexique,,
5,,raviver,reconquérir,verb.inf.consonant.c0,3.05,3.36,0.5737,lexique,,
5,,charmer,plonger,verb.inf.consonant.c1,3.11,3.86,0.5328,lexique,,
5,,commémorer,surgir,verb.inf.consonant.c1,3.2,3.28,0.4366,lexique,,
5,,danser,mêler,verb.inf.consonant.c1,4.22,3.82,0.4454,lexique,,
5,,marier,divertir,verb.inf.consonant.c1,4.24,3.4,0.3968,lexique,,
5,,naître,séduire,verb.inf.consonant.c1,3.95,3.99,0.4989,lexique,,
5,,vieillir,départager,verb.inf.consonant.c1,3.53,3.19,0.417,lexique,,
5,,balancer,louper,verb.inf.consonant.c10,3.84,3.43,0.4707,lexique,,
5,,balayer,brûler,verb.inf.consonant.c10,3.46,4.1,0.5561,lexique,,
5,,baver,noyer,verb.inf.consonant.c10,3.15,3.82,0.5743,lexique,,
5,,bosser,couper,verb.inf.consonant.c10,4.22,4.53,0.4905,lexique,,
5,,bouillir,masser,verb.inf.consonant.c10,3.45,3.22,0.5599,lexique,,
5,,bourrer,refiler,verb.inf.consonant.c10,3.14,3.03,0.5483,lexique,,
5,,brasser,gonfler,verb.inf.consonant.c10,3.0,3.57,0.6142,lexique,,
5,,choquer,rincer,verb.inf.consonant.c10,3.55,3.15,0.4841,lexique,,
5,,claquer,fâcher,verb.inf.consonant.c10,3.52,3.22,0.6107,lexique,,
5,,cuire,plaquer,verb.inf.consonant.c10,3.9,3.21,0.4915,lexique,,
5,,durcir,mordre,verb.inf.consonant.c10,3.08,3.59,0.5354,lexique,,
5,,déborder,mâcher,verb.inf.consonant.c10,3.37,3.04,0.6109,lexique,,
5,,déconner,grignoter,verb.inf.consonant.c10,3.68,3.19,0.5994,lexique,,
5,,défoncer,choper,verb.inf.consonant.c10,3.65,3.6,0.6005,lexique,,
5,,déranger,craquer,verb.inf.consonant.c10,3.79,3.82,0.6124,lexique,,
5,,fatiguer,sonner,verb.inf.consonant.c10,3.34,3.77,0.6013,lexique,,
5,,ferrer,flotter,verb.inf.consonant.c10,3.23,3.29,0.5933,lexique,,
5,,foirer,doucher,verb.inf.consonant.c10,3.16,3.1,0.4284,lexique,,
5,,fouetter,vider,verb.inf.consonant.c10,3.3,3.89,0.614,lexique,,
5,,galérer,décaler,verb.inf.consonant.c10,3.12,3.14,0.5423,lexique,,
5,,griller,poser,verb.inf.consonant.c10,3.58,4.83,0.5372,lexique,,
5,,grossir,relâcher,verb.inf.consonant.c10,3.62,3.42,0.5034,lexique,,
5,,jeter,finir,verb.inf.consonant.c10,4.5,4.81,0.5605,lexique,,
5,,lécher,manger,verb.inf.consonant.c10,3.51,5.02,0.5944,lexique,,
5,,nourrir,saouler,verb.inf.consonant.c10,4.27,3.06,0.4239,lexique,,
5,,piger,calmer,verb.inf.consonant.c10,3.0,4.2,0.4512,lexique,,
5,,rafraîchir,fumer,verb.inf.consonant.c10,3.4,4.24,0.4196,lexique,,
5,,rater,dévorer,verb.inf.consonant.c10,4.07,3.41,0.4509,lexique,,
5,,refroidir,raccourcir,verb.inf.consonant.c10,3.49,3.09,0.4748,lexique,,
5,,regarder,péter,verb.inf.consonant.c10,5.03,3.96,0.5516,lexique,,
5,,repasser,gâcher,verb.inf.consonant.c10,3.77,3.73,0.5458,lexique,,
5,,respirer,coincer,verb.inf.consonant.c10,4.04,3.18,0.5542,lexique,,
5,,ruiner,raser,verb.inf.consonant.c10,3.72,3.65,0.5588,lexique,,
5,,réchauffer,bouffer,verb.inf.consonant.c10,3.56,3.98,0.5703,lexique,,
5,,seller,foncer,verb.inf.consonant.c10,3.26,3.42,0.5253,lexique,,
5,,shooter,lâcher,verb.inf.consonant.c10,3.19,4.2,0.5654,lexique,,
5,,souffler,suer,verb.inf.consonant.c10,3.68,3.07,0.5923,lexique,,
5,,stresser,bander,verb.inf.consonant.c10,3.16,3.33,0.6033,lexique,,
5,,tremper,bouder,verb.inf.consonant.c10,3.3,3.05,0.5321,lexique,,
5,,dédier,fédérer,verb.inf.consonant.c11,3.0,3.18,0.5381,lexique,,
5,,mobiliser,consacrer,verb.inf.consonant.c11,3.76,4.08,0.5381,lexique,,
5,,participer,recruter,verb.inf.consonant.c11,4.75,3.96,0.5602,lexique,,
5,,retravailler,présider,verb.inf.consonant.c11,3.0,3.25,0.2058,lexique,,
5,,sensibiliser,rémunérer,verb.inf.consonant.c11,3.68,3.07,0.5539,lexique,,
5,,subvenir,coordonner,verb.inf.consonant.c11,3.43,3.53,0.6081,lexique,,
5,,bâtir,rattacher,verb.inf.consonant.c12,3.96,3.16,0.4444,lexique,,
5,,conjuguer,rénover,verb.inf.consonant.c12,3.12,3.46,0.3283,lexique,,
5,,diversifier,construire,verb.inf.consonant.c12,3.41,4.69,0.6288,lexique,,
5,,doter,restaurer,verb.inf.consonant.c12,3.54,3.8,0.5472,lexique,,
5,,dynamiser,partir,verb.inf.consonant.c12,3.08,5.48,0.3473,lexique,,
5,,lier,rassembler,verb.inf.consonant.c12,3.74,4.02,0.5756,lexique,,
5,,préserver,fusionner,verb.inf.consonant.c12,4.21,3.44,0.5905,lexique,,
5,,regrouper,valoriser,verb.inf.consonant.c12,3.64,3.66,0.6003,lexique,,
5,,renforcer,concilier,verb.inf.consonant.c12,4.32,3.55,0.6279,lexique,,
5,,réconcilier,projeter,verb.inf.consonant.c12,3.51,3.57,0.5213,lexique,,
5,,réformer,renouveler,verb.inf.consonant.c12,3.77,3.95,0.6449,lexique,,
5,,réintégrer,diviser,verb.inf.consonant.c12,3.23,3.83,0.6117,lexique,,
5,,réunir,situer,verb.inf.consonant.c12,4.12,3.66,0.5778,lexique,,
5,,tisser,rationaliser,verb.inf.consonant.c12,3.32,3.01,0.505,lexique,,
5,,choisir,consommer,verb.inf.consonant.c13,4.8,3.99,0.5384,lexique,,
5,,convertir,compléter,verb.inf.consonant.c13,3.85,4.12,0.5667,lexique,,
5,,couvrir,démarquer,verb.inf.consonant.c13,4.27,3.36,0.5888,lexique,,
5,,cultiver,classer,verb.inf.consonant.c13,3.72,3.74,0.5064,lexique,,
5,,diffuser,miser,verb.inf.consonant.c13,4.05,3.48,0.5899,lexique,,
5,,distribuer,perfectionner,verb.inf.consonant.c13,3.87,3.36,0.5073,lexique,,
5,,dénicher,changer,verb.inf.consonant.c13,3.31,5.11,0.5134,lexique,,
5,,fabriquer,positionner,verb.inf.consonant.c13,4.06,3.52,0.5919,lexique,,
5,,lister,donner,verb.inf.consonant.c13,3.2,5.41,0.5671,lexique,,
5,,mettre,recycler,verb.inf.consonant.c13,5.55,3.25,0.2454,lexique,,
5,,mélanger,familiariser,verb.inf.consonant.c13,3.82,3.15,0.5796,lexique,,
5,,personnaliser,transposer,verb.inf.consonant.c13,3.07,3.05,0.547,lexique,,
5,,polluer,composer,verb.inf.consonant.c13,3.06,3.94,0.6009,lexique,,
5,,produire,recommander,verb.inf.consonant.c13,4.63,3.7,0.4879,lexique,,
5,,rabattre,visionner,verb.inf.consonant.c13,3.18,3.3,0.6191,lexique,,
5,,recentrer,réinventer,verb.inf.consonant.c13,3.05,3.32,0.6164,lexique,,
5,,relayer,satisfaire,verb.inf.consonant.c13,3.31,4.17,0.5163,lexique,,
5,,remplacer,diluer,verb.inf.consonant.c13,4.57,3.06,0.5255,lexique,,
5,,replacer,pratiquer,verb.inf.consonant.c13,3.26,4.15,0.564,lexique,,
5,,réorienter,confectionner,verb.inf.consonant.c13,3.04,3.01,0.5974,lexique,,
5,,spécialiser,doser,verb.inf.consonant.c13,3.02,3.07,0.5263,lexique,,
5,,surpasser,collectionner,verb.inf.consonant.c13,3.27,3.05,0.6303,lexique,,
5,,tester,décliner,verb.inf.consonant.c13,4.3,3.37,0.5892,lexique,,
5,,varier,privilégier,verb.inf.consonant.c13,3.88,3.74,0.5199,lexique,,
5,,viser,profiter,verb.inf.consonant.c13,3.84,4.66,0.5564,lexique,,
5,,bloquer,relever,verb.inf.consonant.c14,4.18,4.27,0.6114,lexique,,
5,,briser,propager,verb.inf.consonant.c14,4.11,3.55,0.6422,lexique,,
5,,camoufler,pénétrer,verb.inf.consonant.c14,3.05,3.9,0.5956,lexique,,
5,,capter,parer,verb.inf.consonant.c14,3.71,3.3,0.5893,lexique,,
5,,consumer,détourner,verb.inf.consonant.c14,3.12,3.84,0.6361,lexique,,
5,,creuser,revêtir,verb.inf.consonant.c14,3.92,3.12,0.4294,lexique,,
5,,dissimuler,frapper,verb.inf.consonant.c14,3.56,4.31,0.6083,lexique,,
5,,déchirer,dresser,verb.inf.consonant.c14,3.53,3.76,0.6256,lexique,,
5,,froisser,franchir,verb.inf.consonant.c14,3.1,4.02,0.6038,lexique,,
5,,garder,rattraper,verb.inf.consonant.c14,4.88,4.04,0.588,lexique,,
5,,paralyser,capturer,verb.inf.consonant.c14,3.01,3.72,0.6437,lexique,,
5,,perdre,répandre,verb.inf.consonant.c14,5.02,3.64,0.4904,lexique,,
5,,poignarder,déverser,verb.inf.consonant.c14,3.02,3.12,0.5897,lexique,,
5,,presser,séparer,verb.inf.consonant.c14,3.61,4.19,0.6349,lexique,,
5,,reculer,manipuler,verb.inf.consonant.c14,3.87,3.84,0.5235,lexique,,
5,,repousser,greffer,verb.inf.consonant.c14,3.94,3.07,0.6324,lexique,,
5,,ronger,pencher,verb.inf.consonant.c14,3.01,3.75,0.5715,lexique,,
5,,semer,sonder,verb.inf.consonant.c14,3.62,3.18,0.5006,lexique,,
5,,soulever,contourner,verb.inf.consonant.c14,3.88,3.73,0.6313,lexique,,
5,,surmonter,traquer,verb.inf.consonant.c14,3.84,3.38,0.5999,lexique,,
5,,disparaître,stopper,verb.inf.consonant.c15,4.34,3.87,0.5508,lexique,,
5,,désamorcer,troubler,verb.inf.consonant.c15,3.09,3.23,0.6444,lexique,,
5,,freiner,bouleverser,verb.inf.consonant.c15,3.53,3.3,0.2581,lexique,,
5,,gêner,craindre,verb.inf.consonant.c15,3.58,4.1,0.487,lexique,,
5,,perdurer,déclencher,verb.inf.consonant.c15,3.14,3.83,0.6068,lexique,,
5,,peser,persister,verb.inf.consonant.c15,3.85,3.01,0.4343,lexique,,
5,,ralentir,déboucher,verb.inf.consonant.c15,3.82,3.38,0.5093,lexique,,
5,,saigner,chuter,verb.inf.consonant.c15,3.43,3.47,0.5603,lexique,,
5,,baisser,compenser,verb.inf.consonant.c16,4.29,3.93,0.6362,lexique,,
5,,croître,redoubler,verb.inf.consonant.c16,3.65,3.34,0.6185,lexique,,
5,,liquider,combler,verb.inf.consonant.c16,3.21,3.93,0.5771,lexique,,
5,,prospérer,prémunir,verb.inf.consonant.c16,3.27,3.19,0.3827,lexique,,
5,,remédier,réguler,verb.inf.consonant.c16,3.73,3.42,0.5531,lexique,,
5,,soulager,doubler,verb.inf.consonant.c16,3.74,3.84,0.441,lexique,,
5,,pleuvoir,pomper,verb.inf.consonant.c17,3.43,3.24,0.3618,lexique,,
5,,trembler,sucer,verb.inf.consonant.c17,3.62,3.74,0.3618,lexique,,
5,,vibrer,rigoler,verb.inf.consonant.c17,3.51,3.76,0.2221,lexique,,
5,,pirater,désarmer,verb.inf.consonant.c18,3.36,3.17,0.2261,lexique,,
5,,punir,décapiter,verb.inf.consonant.c18,3.91,3.0,0.6455,lexique,,
5,,réfugier,déjouer,verb.inf.consonant.c18,3.58,3.24,0.4369,lexique,,
5,,citer,rencontrer,verb.inf.consonant.c19,4.33,4.79,0.5016,lexique,,
5,,commenter,remercier,verb.inf.consonant.c19,3.96,4.25,0.4523,lexique,,
5,,dater,dialoguer,verb.inf.consonant.c19,3.41,3.36,0.2154,lexique,,
5,,discuter,nommer,verb.inf.consonant.c19,4.58,4.08,0.4183,lexique,,
5,,débattre,marquer,verb.inf.consonant.c19,3.91,4.31,0.5072,lexique,,
5,,dévoiler,baptiser,verb.inf.consonant.c19,3.82,3.11,0.4772,lexique,,
5,,figurer,noter,verb.inf.consonant.c19,3.76,4.45,0.4554,lexique,,
5,,flirter,signer,verb.inf.consonant.c19,3.23,4.37,0.4325,lexique,,
5,,postuler,renommer,verb.inf.consonant.c19,3.53,3.0,0.5071,lexique,,
5,,reparler,souligner,verb.inf.consonant.c19,3.26,4.06,0.5688,lexique,,
5,,saluer,décrire,verb.inf.consonant.c19,3.84,4.19,0.433,lexique,,
5,,traduire,confirmer,verb.inf.consonant.c19,4.1,4.26,0.6068,lexique,,
5,,découdre,matter,verb.inf.consonant.c2,3.04,3.31,0.3623,lexique,,
5,,gagner,mater,verb.inf.consonant.c2,5.0,3.73,0.3792,lexique,,
5,,parier,siéger,verb.inf.consonant.c2,3.75,3.44,0.3714,lexique,,
5,,remporter,chanter,verb.inf.consonant.c2,4.23,4.34,0.3755,lexique,,
5,,brancher,naviguer,verb.inf.consonant.c21,3.49,3.56,0.4104,lexique,,
5,,stocker,piloter,verb.inf.consonant.c21,3.7,3.57,0.4538,lexique,,
5,,boucler,succéder,verb.inf.consonant.c22,3.55,3.68,0.5479,lexique,,
5,,clôturer,devenir,verb.inf.consonant.c22,3.12,5.06,0.5102,lexique,,
5,,couronner,ramener,verb.inf.consonant.c22,3.28,4.4,0.6139,lexique,,
5,,démarrer,quitter,verb.inf.consonant.c22,3.9,4.74,0.4953,lexique,,
5,,dépêcher,suivre,verb.inf.consonant.c22,3.14,5.01,0.6228,lexique,,
5,,dérouler,délaisser,verb.inf.consonant.c22,3.66,3.08,0.4953,lexique,,
5,,prolonger,rouvrir,verb.inf.consonant.c22,3.9,3.34,0.605,lexique,,
5,,quimper,repartir,verb.inf.consonant.c22,3.57,4.1,0.1962,lexique,,
5,,rallier,rendre,verb.inf.consonant.c22,3.68,5.21,0.5954,lexique,,
5,,redevenir,patienter,verb.inf.consonant.c22,3.57,3.61,0.5023,lexique,,
5,,redémarrer,venir,verb.inf.consonant.c22,3.27,5.18,0.5145,lexique,,
5,,rentrer,renouer,verb.inf.consonant.c22,4.8,3.39,0.6158,lexique,,
5,,retourner,préparer,verb.inf.consonant.c22,4.61,4.69,0.6111,lexique,,
5,,retrouver,relancer,verb.inf.consonant.c22,5.0,3.9,0.6195,lexique,,
5,,terminer,guider,verb.inf.consonant.c22,4.38,3.81,0.4707,lexique,,
5,,concéder,prélever,verb.inf.consonant.c23,3.09,3.39,0.6026,lexique,,
5,,confisquer,gaspiller,verb.inf.consonant.c23,3.08,3.4,0.5432,lexique,,
5,,céder,résilier,verb.inf.consonant.c23,4.08,3.25,0.5628,lexique,,
5,,déménager,livrer,verb.inf.consonant.c23,3.89,4.26,0.486,lexique,,
5,,déposer,revendre,verb.inf.consonant.c23,4.27,3.63,0.6128,lexique,,
5,,louer,rembourser,verb.inf.consonant.c23,4.17,4.1,0.4146,lexique,,
5,,négocier,souscrire,verb.inf.consonant.c23,4.15,3.49,0.584,lexique,,
5,,retirer,dépenser,verb.inf.consonant.c23,4.53,4.01,0.5432,lexique,,
5,,récolter,dédommager,verb.inf.consonant.c23,3.75,3.01,0.4282,lexique,,
5,,récupérer,loger,verb.inf.consonant.c23,4.55,3.82,0.4899,lexique,,
5,,succomber,bayer,verb.inf.consonant.c23,3.16,3.33,0.493,lexique,,
5,,graver,rédiger,verb.inf.consonant.c24,3.26,3.78,0.0876,lexique,,
5,,balader,bondir,verb.inf.consonant.c26,3.73,3.2,0.5751,lexique,,
5,,dormir,sombrer,verb.inf.consonant.c26,4.65,3.44,0.5404,lexique,,
5,,défiler,rouler,verb.inf.consonant.c26,3.64,4.16,0.5083,lexique,,
5,,fouiller,dérober,verb.inf.consonant.c26,3.68,3.21,0.5244,lexique,,
5,,grimper,promener,verb.inf.consonant.c26,3.77,3.92,0.5221,lexique,,
5,,retomber,circuler,verb.inf.consonant.c26,3.62,3.91,0.4824,lexique,,
5,,tomber,courir,verb.inf.consonant.c26,4.91,4.47,0.6352,lexique,,
5,,voler,camper,verb.inf.consonant.c26,4.41,3.32,0.5283,lexique,,
5,,falloir,désirer,verb.inf.consonant.c27,4.43,3.58,0.2946,lexique,,
5,,motiver,puiser,verb.inf.consonant.c27,3.73,3.36,0.5855,lexique,,
5,,pourrir,permettre,verb.inf.consonant.c27,3.57,4.88,0.4694,lexique,,
5,,risquer,chercher,verb.inf.consonant.c27,3.88,5.06,0.5433,lexique,,
5,,soucier,continuer,verb.inf.consonant.c27,3.71,4.89,0.5149,lexique,,
5,,suffire,forcer,verb.inf.consonant.c27,3.63,4.29,0.4457,lexique,,
5,,berner,qualifier,verb.inf.consonant.c4,3.11,4.11,0.5337,lexique,,
5,,censurer,réconforter,verb.inf.consonant.c4,3.18,3.31,0.6066,lexique,,
5,,commettre,percevoir,verb.inf.consonant.c4,3.99,3.73,0.6337,lexique,,
5,,confronter,dériver,verb.inf.consonant.c4,3.57,3.15,0.5693,lexique,,
5,,considérer,plaire,verb.inf.consonant.c4,4.41,4.15,0.5341,lexique,,
5,,culpabiliser,manquer,verb.inf.consonant.c4,3.26,4.39,0.6109,lexique,,
5,,dire,négliger,verb.inf.consonant.c4,5.96,3.6,0.508,lexique,,
5,,déceler,duper,verb.inf.consonant.c4,3.37,3.02,0.5935,lexique,,
5,,déchiffrer,flatter,verb.inf.consonant.c4,3.36,3.16,0.5935,lexique,,
5,,déplaire,stigmatiser,verb.inf.consonant.c4,3.28,3.06,0.5268,lexique,,
5,,détester,constater,verb.inf.consonant.c4,3.72,4.34,0.5948,lexique,,
5,,juger,prédire,verb.inf.consonant.c4,4.46,3.59,0.5893,lexique,,
5,,lasser,reconsidérer,verb.inf.consonant.c4,3.34,3.07,0.567,lexique,,
5,,mentir,rassurer,verb.inf.consonant.c4,4.24,4.03,0.6369,lexique,,
5,,méfier,mépriser,verb.inf.consonant.c4,3.72,3.28,0.5189,lexique,,
5,,pardonner,questionner,verb.inf.consonant.c4,3.94,3.49,0.6012,lexique,,
5,,persuader,spéculer,verb.inf.consonant.c4,3.49,3.07,0.5504,lexique,,
5,,plaindre,réagir,verb.inf.consonant.c4,4.25,4.25,0.6061,lexique,,
5,,présager,dénigrer,verb.inf.consonant.c4,3.11,3.22,0.5244,lexique,,
5,,relativiser,moquer,verb.inf.consonant.c4,3.3,3.81,0.6304,lexique,,
5,,repenser,plaisanter,verb.inf.consonant.c4,3.61,3.01,0.6022,lexique,,
5,,réfléchir,divulguer,verb.inf.consonant.c4,4.53,3.26,0.5491,lexique,,
5,,répliquer,sembler,verb.inf.consonant.c4,3.16,3.74,0.6087,lexique,,
5,,répéter,ressentir,verb.inf.consonant.c4,4.23,4.05,0.5529,lexique,,
5,,résumer,renier,verb.inf.consonant.c4,3.85,3.48,0.4913,lexique,,
5,,révéler,croire,verb.inf.consonant.c4,4.07,5.15,0.6222,lexique,,
5,,signifier,paraître,verb.inf.consonant.c4,3.75,4.32,0.5646,lexique,,
5,,songer,déplorer,verb.inf.consonant.c4,3.45,3.32,0.6219,lexique,,
5,,soupçonner,surprendre,verb.inf.consonant.c4,3.12,3.96,0.5013,lexique,,
5,,subsister,deviner,verb.inf.consonant.c4,3.06,3.94,0.5304,lexique,,
5,,susciter,digérer,verb.inf.consonant.c4,3.71,3.44,0.592,lexique,,
5,,tromper,discerner,verb.inf.consonant.c4,4.25,3.17,0.5448,lexique,,
5,,vanter,sentir,verb.inf.consonant.c4,3.65,4.68,0.5661,lexique,,
5,,voir,tolérer,verb.inf.consonant.c4,5.94,3.55,0.6127,lexique,,
5,,contracter,respecter,verb.inf.consonant.c5,3.33,4.57,0.6083,lexique,,
5,,convoquer,rejeter,verb.inf.consonant.c5,3.39,3.88,0.6491,lexique,,
5,,demander,prévaloir,verb.inf.consonant.c5,5.14,3.38,0.6404,lexique,,
5,,dispenser,devancer,verb.inf.consonant.c5,3.17,3.05,0.4329,lexique,,
5,,dissocier,licencier,verb.inf.consonant.c5,3.14,3.21,0.4405,lexique,,
5,,divorcer,détenir,verb.inf.consonant.c5,3.2,3.48,0.1605,lexique,,
5,,décréter,référer,verb.inf.consonant.c5,3.08,3.56,0.5933,lexique,,
5,,délivrer,suspendre,verb.inf.consonant.c5,3.76,3.73,0.5629,lexique,,
5,,prescrire,consentir,verb.inf.consonant.c5,3.5,3.26,0.6299,lexique,,
5,,priver,substituer,verb.inf.consonant.c5,3.83,3.45,0.6454,lexique,,
5,,procéder,démissionner,verb.inf.consonant.c5,4.22,3.82,0.5712,lexique,,
5,,prononcer,légiférer,verb.inf.consonant.c5,4.17,3.2,0.5877,lexique,,
5,,taire,ressusciter,verb.inf.consonant.c5,4.14,3.25,0.5729,lexique,,
5,,vacciner,renoncer,verb.inf.consonant.c5,3.24,4.12,0.1332,lexique,,
5,,veiller,statuer,verb.inf.consonant.c5,3.99,3.28,0.5141,lexique,,
5,,débloquer,cliquer,verb.inf.consonant.c6,3.62,3.74,0.4603,lexique,,
5,,désactiver,rectifier,verb.inf.consonant.c6,3.55,3.43,0.6011,lexique,,
5,,filtrer,réviser,verb.inf.consonant.c6,3.37,3.7,0.4908,lexique,,
5,,baser,consulter,verb.inf.consonant.c8,3.17,4.28,0.2942,lexique,,
5,,calculer,collecter,verb.inf.consonant.c8,4.07,3.56,0.5392,lexique,,
5,,différencier,restituer,verb.inf.consonant.c8,3.65,3.43,0.6178,lexique,,
5,,définir,surveiller,verb.inf.consonant.c8,4.28,4.19,0.5769,lexique,,
5,,fonctionner,décrypter,verb.inf.consonant.c8,4.18,3.17,0.5651,lexique,,
5,,fournir,comparer,verb.inf.consonant.c8,4.52,4.3,0.6461,lexique,,
5,,gérer,contenir,verb.inf.consonant.c8,4.66,4.06,0.6351,lexique,,
5,,mémoriser,pondre,verb.inf.consonant.c8,3.04,3.26,0.5845,lexique,,
5,,nécessiter,clarifier,verb.inf.consonant.c8,3.16,3.54,0.3553,lexique,,
5,,planifier,résoudre,verb.inf.consonant.c8,3.53,4.43,0.5706,lexique,,
5,,provenir,bénéficier,verb.inf.consonant.c8,3.36,4.26,0.5549,lexique,,
5,,préciser,contaminer,verb.inf.consonant.c8,4.36,3.09,0.4861,lexique,,
5,,quantifier,répondre,verb.inf.consonant.c8,3.06,5.01,0.6236,lexique,,
5,,rapatrier,caractériser,verb.inf.consonant.c8,3.1,3.36,0.5861,lexique,,
5,,recenser,localiser,verb.inf.consonant.c8,3.06,3.68,0.2658,lexique,,
5,,redéfinir,garantir,verb.inf.consonant.c8,3.08,4.17,0.5929,lexique,,
5,,repérer,chiffrer,verb.inf.consonant.c8,3.87,3.17,0.615,lexique,,
5,,répartir,communiquer,verb.inf.consonant.c8,3.49,4.28,0.5246,lexique,,
5,,résulter,recueillir,verb.inf.consonant.c8,3.17,3.89,0.3009,lexique,,
5,,traiter,démêler,verb.inf.consonant.c8,4.55,3.12,0.5505,lexique,,
5,,visualiser,régulariser,verb.inf.consonant.c8,3.28,3.15,0.6412,lexique,,
5,,coller,fleurir,verb.inf.consonant.c9,4.03,3.18,0.1979,lexique,,
5,,déguiser,découper,verb.inf.consonant.c9,3.36,3.5,0.5999,lexique,,
5,,planer,ranger,verb.inf.consonant.c9,3.35,4.11,0.2013,lexique,,
5,,recoller,cueillir,verb.inf.consonant.c9,3.05,3.35,0.6198,lexique,,
5,,enregistrer,apposer,verb.inf.elides.c0,4.08,3.04,0.5649,lexique,,
5,,extraire,imprimer,verb.inf.elides.c0,3.84,3.93,0.5234,lexique,,
5,,importer,abonner,verb.inf.elides.c0,3.5,3.48,0.5121,lexique,,
5,,inclure,écrire,verb.inf.elides.c0,3.87,4.87,0.466,lexique,,
5,,éditer,adresser,verb.inf.elides.c0,3.38,4.09,0.5274,lexique,,
5,,abaisser,affranchir,verb.inf.elides.c1,3.53,3.42,0.4932,lexique,,
5,,accentuer,abîmer,verb.inf.elides.c1,3.42,3.17,0.4978,lexique,,
5,,accumuler,expulser,verb.inf.elides.c1,3.5,3.56,0.5757,lexique,,
5,,amasser,éviter,verb.inf.elides.c1,3.1,4.99,0.608,lexique,,
5,,endommager,endiguer,verb.inf.elides.c1,3.16,3.08,0.5338,lexique,,
5,,enfreindre,amplifier,verb.inf.elides.c1,3.13,3.31,0.582,lexique,,
5,,excéder,empirer,verb.inf.elides.c1,3.18,3.39,0.5154,lexique,,
5,,isoler,effacer,verb.inf.elides.c1,3.78,4.07,0.5908,lexique,,
5,,épargner,inverser,verb.inf.elides.c1,3.74,3.53,0.5882,lexique,,
5,,évacuer,induire,verb.inf.elides.c1,3.86,3.27,0.3975,lexique,,
5,,agrandir,opter,verb.inf.elides.c2,3.63,3.48,0.4093,lexique,,
5,,arranger,arrondir,verb.inf.elides.c2,3.9,3.05,0.1378,lexique,,
5,,emménager,abriter,verb.inf.elides.c2,3.12,3.46,0.4768,lexique,,
5,,occuper,adapter,verb.inf.elides.c2,4.6,4.27,0.594,lexique,,
5,,abolir,anticiper,verb.inf.elides.c3,3.51,3.65,0.574,lexique,,
5,,accompagner,investir,verb.inf.elides.c3,4.29,4.33,0.598,lexique,,
5,,accélérer,échanger,verb.inf.elides.c3,3.91,4.08,0.5022,lexique,,
5,,améliorer,atteindre,verb.inf.elides.c3,4.66,4.73,0.608,lexique,,
5,,approvisionner,augmenter,verb.inf.elides.c3,3.27,4.64,0.5241,lexique,,
5,,avancer,alimenter,verb.inf.elides.c3,4.51,3.92,0.618,lexique,,
5,,encadrer,entretenir,verb.inf.elides.c3,3.59,4.13,0.5305,lexique,,
5,,encourager,exploiter,verb.inf.elides.c3,4.18,4.07,0.5608,lexique,,
5,,entrer,optimiser,verb.inf.elides.c3,4.77,3.65,0.4559,lexique,,
5,,implanter,assouvir,verb.inf.elides.c3,3.51,3.17,0.5362,lexique,,
5,,innover,acheminer,verb.inf.elides.c3,3.45,3.14,0.3109,lexique,,
5,,inspecter,ériger,verb.inf.elides.c3,3.24,3.37,0.3015,lexique,,
5,,économiser,aider,verb.inf.elides.c3,3.93,5.09,0.5401,lexique,,
5,,édifier,espionner,verb.inf.elides.c3,3.17,3.41,0.5405,lexique,,
5,,élargir,embaucher,verb.inf.elides.c3,3.8,3.69,0.4907,lexique,,
5,,équilibrer,entreprendre,verb.inf.elides.c3,3.43,3.94,0.605,lexique,,
5,,évoluer,établir,verb.inf.elides.c3,4.22,4.52,0.5352,lexique,,
5,,aller,uriner,verb.inf.elides.c4,5.61,3.03,0.5228,lexique,,
5,,endormir,ôter,verb.inf.elides.c4,3.81,3.42,0.5386,lexique,,
5,,étaler,aspirer,verb.inf.elides.c4,3.54,3.41,0.4538,lexique,,
5,,accuser,inciter,verb.inf.elides.c5,3.9,3.85,0.5393,lexique,,
5,,altérer,émouvoir,verb.inf.elides.c5,3.25,3.07,0.5502,lexique,,
5,,appeler,abstenir,verb.inf.elides.c5,4.75,3.66,0.551,lexique,,
5,,avertir,user,verb.inf.elides.c5,3.73,3.86,0.5397,lexique,,
5,,exagérer,éveiller,verb.inf.elides.c5,3.38,3.4,0.4724,lexique,,
5,,impressionner,insulter,verb.inf.elides.c5,3.48,4.03,0.2905,lexique,,
5,,occulter,écouter,verb.inf.elides.c5,3.01,4.71,0.5445,lexique,,
5,,oublier,abuser,verb.inf.elides.c5,4.84,3.74,0.5908,lexique,,
5,,éduquer,inquiéter,verb.inf.elides.c5,3.55,4.02,0.4815,lexique,,
5,,énerver,argumenter,verb.inf.elides.c5,3.74,3.21,0.5795,lexique,,
5,,épanouir,escalader,verb.inf.elides.c6,3.33,3.12,0.163,lexique,,
5,,aboutir,arbitrer,verb.inf.elides.c7,3.91,3.02,0.1428,lexique,,
5,,acquitter,aviser,verb.inf.elides.c7,3.51,3.05,0.5913,lexique,,
5,,adopter,émettre,verb.inf.elides.c7,4.29,3.82,0.6215,lexique,,
5,,allouer,annuler,verb.inf.elides.c7,3.04,4.09,0.5628,lexique,,
5,,attribuer,autoriser,verb.inf.elides.c7,3.9,3.92,0.6009,lexique,,
5,,engager,exiger,verb.inf.elides.c7,4.41,3.91,0.5839,lexique,,
5,,entraver,interdire,verb.inf.elides.c7,3.25,4.2,0.6359,lexique,,
5,,infirmer,amender,verb.inf.elides.c7,3.03,3.07,0.3918,lexique,,
5,,invoquer,attester,verb.inf.elides.c7,3.49,3.05,0.6127,lexique,,
5,,octroyer,administrer,verb.inf.elides.c7,3.17,3.45,0.6243,lexique,,
5,,opposer,indemniser,verb.inf.elides.c7,4.13,3.19,0.4126,lexique,,
5,,affiner,attiser,verb.inf.elides.c8,3.23,3.1,0.4845,lexique,,
5,,allaiter,approfondir,verb.inf.elides.c8,3.01,3.72,0.4327,lexique,,
5,,approprier,observer,verb.inf.elides.c8,3.59,4.29,0.5826,lexique,,
5,,apprécier,étudier,verb.inf.elides.c8,4.31,4.47,0.5298,lexique,,
5,,enrichir,estimer,verb.inf.elides.c8,3.86,3.93,0.4048,lexique,,
5,,enseigner,articuler,verb.inf.elides.c8,4.07,3.08,0.4619,lexique,,
5,,entrevoir,influencer,verb.inf.elides.c8,3.47,3.77,0.6404,lexique,,
5,,expliquer,adonner,verb.inf.elides.c8,4.88,3.11,0.6449,lexique,,
5,,explorer,élucider,verb.inf.elides.c8,4.14,3.06,0.5348,lexique,,
5,,exprimer,interagir,verb.inf.elides.c8,4.53,3.33,0.6105,lexique,,
5,,influer,apprivoiser,verb.inf.elides.c8,3.31,3.05,0.4219,lexique,,
5,,inspirer,accoucher,verb.inf.elides.c8,3.92,3.47,0.2825,lexique,,
5,,introduire,émerger,verb.inf.elides.c8,4.0,3.55,0.5867,lexique,,
5,,éclairer,envisager,verb.inf.elides.c8,3.81,4.13,0.6163,lexique,,
5,,éclore,impliquer,verb.inf.elides.c8,3.02,3.78,0.5135,lexique,,
5,,énoncer,exister,verb.inf.elides.c8,3.05,4.23,0.5347,lexique,,
5,,affaiblir,embrasser,verb.inf.elides.c9,3.53,4.09,0.584,lexique,,
5,,agiter,empoisonner,verb.inf.elides.c9,3.35,3.15,0.6377,lexique,,
5,,assassiner,embarquer,verb.inf.elides.c9,3.59,3.78,0.5438,lexique,,
5,,aventurer,étouffer,verb.inf.elides.c9,3.22,3.7,0.5742,lexique,,
5,,effondrer,infiltrer,verb.inf.elides.c9,3.47,3.29,0.4853,lexique,,
5,,enfoncer,éclipser,verb.inf.elides.c9,3.74,3.06,0.6321,lexique,,
5,,enfuir,arriver,verb.inf.elides.c9,3.7,4.99,0.48,lexique,,
5,,exploser,emprisonner,verb.inf.elides.c9,4.14,3.15,0.5671,lexique,,
5,,échouer,enflammer,verb.inf.elides.c9,3.63,3.26,0.6277,lexique,,
5,,égorger,unir,verb.inf.elides.c9,3.2,3.73,0.5089,lexique,,
5,,élire,apercevoir,verb.inf.elides.c9,3.95,3.77,0.3676,lexique,,
5,,émigrer,inonder,verb.inf.elides.c9,3.09,3.01,0.6432,lexique,,
5,,devenues,dirigées,verb.part.f.p.consonant.c0,3.83,3.56,0.538,lexique,,
5,,disposées,récupérées,verb.part.f.p.consonant.c0,3.33,3.09,0.6483,lexique,,
5,,dites,déroulées,verb.part.f.p.consonant.c0,4.77,3.14,0.1928,lexique,,
5,,détruites,contrôlées,verb.part.f.p.consonant.c0,3.57,3.38,0.6115,lexique,,
5,,jugées,rencontrées,verb.part.f.p.consonant.c0,3.55,3.62,0.4408,lexique,,
5,,lancées,datées,verb.part.f.p.consonant.c0,3.57,3.01,0.3438,lexique,,
5,,rassemblées,couvertes,verb.part.f.p.consonant.c0,3.32,3.55,0.5204,lexique,,
5,,recouvertes,demandées,verb.part.f.p.consonant.c0,3.22,3.38,0.501,lexique,,
5,,regroupées,terminées,verb.part.f.p.consonant.c0,3.23,3.46,0.5831,lexique,,
5,,revenues,remplacées,verb.part.f.p.consonant.c0,3.1,3.36,0.5936,lexique,,
5,,réunies,montrées,verb.part.f.p.consonant.c0,3.83,3.03,0.5132,lexique,,
5,,soutenues,fixées,verb.part.f.p.consonant.c0,3.38,3.63,0.4425,lexique,,
5,,violées,considérées,verb.part.f.p.consonant.c0,3.14,3.87,0.3889,lexique,,
5,,votées,munies,verb.part.f.p.consonant.c0,3.17,3.02,0.5244,lexique,,
5,,préparées,subies,verb.part.f.p.consonant.c1,3.24,3.44,0.1452,lexique,,
5,,renforcées,filmées,verb.part.f.p.consonant.c1,3.19,3.06,-0.0402,lexique,,
5,,transformées,values,verb.part.f.p.consonant.c1,3.28,3.37,0.0257,lexique,,
5,,transportées,pratiquées,verb.part.f.p.consonant.c1,3.19,3.21,0.3808,lexique,,
5,,calculées,connectées,verb.part.f.p.consonant.c2,3.32,3.28,0.2052,lexique,,
5,,dédiées,publiées,verb.part.f.p.consonant.c2,3.46,4.06,0.4845,lexique,,
5,,séchées,rédigées,verb.part.f.p.consonant.c2,3.01,3.04,0.2881,lexique,,
5,,transmises,dessinées,verb.part.f.p.consonant.c2,3.51,3.51,0.342,lexique,,
5,,accumulées,identifiées,verb.part.f.p.elides.c0,3.07,3.42,0.5576,lexique,,
5,,achetées,infligées,verb.part.f.p.elides.c0,3.37,3.02,0.4283,lexique,,
5,,amenées,ajoutées,verb.part.f.p.elides.c0,3.05,3.38,0.3188,lexique,,
5,,eues,exigées,verb.part.f.p.elides.c0,3.19,3.04,0.0206,lexique,,
5,,interprétées,effectuées,verb.part.f.p.elides.c0,3.18,3.94,0.5271,lexique,,
5,,estimées,imprimées,verb.part.f.p.elides.c1,3.23,3.25,0.1358,lexique,,
5,,censurée,remboursée,verb.part.f.s.consonant.c0,3.04,3.03,0.0354,lexique,,
5,,cédée,convoquée,verb.part.f.s.consonant.c0,3.03,3.28,0.3641,lexique,,
5,,demandée,commise,verb.part.f.s.consonant.c0,3.79,3.47,0.3651,lexique,,
5,,discutée,versée,verb.part.f.s.consonant.c0,3.22,3.5,0.3786,lexique,,
5,,déposée,proclamée,verb.part.f.s.consonant.c0,3.83,3.13,0.258,lexique,,
5,,promulguée,déclenchée,verb.part.f.s.consonant.c0,3.13,3.35,0.3476,lexique,,
5,,précédée,délivrée,verb.part.f.s.consonant.c0,3.36,3.41,0.3316,lexique,,
5,,renvoyée,justifiée,verb.part.f.s.consonant.c0,3.4,3.63,0.3647,lexique,,
5,,violée,tolérée,verb.part.f.s.consonant.c0,3.56,3.05,0.1551,lexique,,
5,,bénie,renée,verb.part.f.s.consonant.c1,3.11,3.46,0.352,lexique,,
5,,célébrée,reliée,verb.part.f.s.consonant.c1,3.41,3.42,0.3162,lexique,,
5,,datée,commandée,verb.part.f.s.consonant.c1,3.66,3.56,0.3473,lexique,,
5,,dédiée,remportée,verb.part.f.s.consonant.c1,4.05,3.36,0.1873,lexique,,
5,,déroulée,desservie,verb.part.f.s.consonant.c1,3.72,3.04,0.3497,lexique,,
5,,détruite,guidée,verb.part.f.s.consonant.c1,3.86,3.38,0.2194,lexique,,
5,,fabriquée,rasée,verb.part.f.s.consonant.c1,3.52,3.09,0.4364,lexique,,
5,,poursuivie,construite,verb.part.f.s.consonant.c1,3.57,4.07,0.5305,lexique,,
5,,préparée,dominée,verb.part.f.s.consonant.c1,3.69,3.48,0.395,lexique,,
5,,rachetée,réunie,verb.part.f.s.consonant.c1,3.16,3.54,0.287,lexique,,
5,,rattachée,baptisée,verb.part.f.s.consonant.c1,3.3,3.64,0.493,lexique,,
5,,restaurée,confiée,verb.part.f.s.consonant.c1,3.28,3.89,0.4623,lexique,,
5,,restée,basée,verb.part.f.s.consonant.c1,4.16,4.26,0.2742,lexique,,
5,,revenue,menée,verb.part.f.s.consonant.c1,3.9,4.24,0.3936,lexique,,
5,,réparée,située,verb.part.f.s.consonant.c1,3.01,4.55,0.3022,lexique,,
5,,suivie,munie,verb.part.f.s.consonant.c1,4.26,3.29,0.2735,lexique,,
5,,baisée,trompée,verb.part.f.s.consonant.c2,3.05,3.46,0.0829,lexique,,
5,,descendue,laissée,verb.part.f.s.consonant.c2,3.19,3.88,0.3519,lexique,,
5,,débarrassée,séchée,verb.part.f.s.consonant.c2,3.01,3.03,0.1592,lexique,,
5,,filmée,stressée,verb.part.f.s.consonant.c2,3.36,3.18,0.0482,lexique,,
5,,garée,franchie,verb.part.f.s.consonant.c2,3.06,3.05,0.1444,lexique,,
5,,piégée,retournée,verb.part.f.s.consonant.c2,3.34,3.49,0.3732,lexique,,
5,,plantée,réveillée,verb.part.f.s.consonant.c2,3.3,3.71,0.3536,lexique,,
5,,pliée,détectée,verb.part.f.s.consonant.c2,3.02,3.13,0.2419,lexique,,
5,,postée,parcourue,verb.part.f.s.consonant.c2,3.33,3.14,0.2885,lexique,,
5,,ramenée,chantée,verb.part.f.s.consonant.c2,3.37,3.18,0.2631,lexique,,
5,,rassurée,lue,verb.part.f.s.consonant.c2,3.21,3.45,0.2648,lexique,,
5,,remarquée,rosie,verb.part.f.s.consonant.c2,3.45,3.14,0.0807,lexique,,
5,,retrouvée,regardée,verb.part.f.s.consonant.c2,4.0,3.43,0.4174,lexique,,
5,,sentie,creusée,verb.part.f.s.consonant.c2,3.52,3.07,0.2685,lexique,,
5,,soulagée,trouvée,verb.part.f.s.consonant.c2,3.17,4.07,0.2686,lexique,,
5,,testée,baissée,verb.part.f.s.consonant.c2,3.2,3.17,0.3053,lexique,,
5,,tuée,collée,verb.part.f.s.consonant.c2,3.78,3.26,0.1174,lexique,,
5,,consultée,traduite,verb.part.f.s.consonant.c3,3.15,3.53,0.3327,lexique,,
5,,contactée,revendiquée,verb.part.f.s.consonant.c3,3.17,3.07,0.2931,lexique,,
5,,décrite,distribuée,verb.part.f.s.consonant.c3,3.79,3.33,0.3354,lexique,,
5,,prisée,mobilisée,verb.part.f.s.consonant.c3,3.07,3.03,0.2873,lexique,,
5,,présentée,critiquée,verb.part.f.s.consonant.c3,4.29,3.42,0.3695,lexique,,
5,,récompensée,parue,verb.part.f.s.consonant.c3,3.28,3.57,0.2144,lexique,,
5,,résumée,dessinée,verb.part.f.s.consonant.c3,3.08,3.87,0.2143,lexique,,
5,,saluée,projetée,verb.part.f.s.consonant.c3,3.03,3.24,0.3237,lexique,,
5,,causée,dépourvue,verb.part.f.s.consonant.c4,3.64,3.24,0.2839,lexique,,
5,,ciblée,mentionnée,verb.part.f.s.consonant.c4,3.32,3.62,0.2879,lexique,,
5,,communiquée,diversifiée,verb.part.f.s.consonant.c4,3.14,3.22,0.2846,lexique,,
5,,compromise,centralisée,verb.part.f.s.consonant.c4,3.26,3.11,0.3242,lexique,,
5,,conseillée,connectée,verb.part.f.s.consonant.c4,3.02,3.6,0.2386,lexique,,
5,,couplée,concernée,verb.part.f.s.consonant.c4,3.02,3.7,0.359,lexique,,
5,,pompée,contaminée,verb.part.f.s.consonant.c4,3.22,3.07,0.1409,lexique,,
5,,pourvue,comparée,verb.part.f.s.consonant.c4,3.09,3.64,0.3087,lexique,,
5,,produite,facilitée,verb.part.f.s.consonant.c4,4.12,3.09,0.3242,lexique,,
5,,recouverte,constatée,verb.part.f.s.consonant.c4,3.56,3.47,0.3824,lexique,,
5,,renforcée,précisée,verb.part.f.s.consonant.c4,3.71,3.11,0.3764,lexique,,
5,,renouvelée,vouée,verb.part.f.s.consonant.c4,3.56,3.28,0.3543,lexique,,
5,,réglementée,confrontée,verb.part.f.s.consonant.c4,3.04,3.39,0.3404,lexique,,
5,,simplifiée,préservée,verb.part.f.s.consonant.c4,3.33,3.2,0.4739,lexique,,
5,,souhaitée,favorisée,verb.part.f.s.consonant.c4,3.3,3.07,0.3108,lexique,,
5,,surveillée,pratiquée,verb.part.f.s.consonant.c4,3.36,3.65,0.4066,lexique,,
5,,accrochée,eue,verb.part.f.s.elides.c0,3.28,3.64,0.1607,lexique,,
5,,approchée,abordée,verb.part.f.s.elides.c0,3.07,3.22,0.3201,lexique,,
5,,assumée,influencée,verb.part.f.s.elides.c0,3.23,3.22,0.2404,lexique,,
5,,empêchée,attirée,verb.part.f.s.elides.c0,3.04,3.44,0.1974,lexique,,
5,,enseignée,embarquée,verb.part.f.s.elides.c0,3.21,3.18,0.223,lexique,,
5,,entamée,embrassée,verb.part.f.s.elides.c0,3.21,3.03,0.1761,lexique,,
5,,imaginée,engendrée,verb.part.f.s.elides.c0,3.27,3.05,0.3326,lexique,,
5,,inversée,aidée,verb.part.f.s.elides.c0,3.33,3.51,0.1636,lexique,,
5,,épargnée,encouragée,verb.part.f.s.elides.c0,3.11,3.23,0.3441,lexique,,
5,,appelée,apaisée,verb.part.f.s.elides.c1,4.37,3.12,0.2121,lexique,,
5,,entourée,éditée,verb.part.f.s.elides.c1,3.88,3.13,0.16,lexique,,
5,,imprimée,adaptée,verb.part.f.s.elides.c1,3.49,3.98,0.3556,lexique,,
5,,unifiée,offerte,verb.part.f.s.elides.c1,3.1,3.87,0.2424,lexique,,
5,,utilisée,ornée,verb.part.f.s.elides.c1,4.43,3.53,0.1883,lexique,,
5,,étalée,encadrée,verb.part.f.s.elides.c1,3.01,3.36,0.2766,lexique,,
5,,aggravée,intervenue,verb.part.f.s.elides.c2,3.07,3.38,0.254,lexique,,
5,,amenée,analysée,verb.part.f.s.elides.c2,3.58,3.04,0.2456,lexique,,
5,,annoncée,instituée,verb.part.f.s.elides.c2,3.92,3.07,0.2973,lexique,,
5,,apparue,accélérée,verb.part.f.s.elides.c2,3.67,3.28,0.262,lexique,,
5,,arrêtée,obtenue,verb.part.f.s.elides.c2,4.0,3.85,0.4119,lexique,,
5,,attaquée,évoquée,verb.part.f.s.elides.c2,3.65,3.54,0.4978,lexique,,
5,,exprimée,alimentée,verb.part.f.s.elides.c2,3.6,3.26,0.335,lexique,,
5,,identifiée,instaurée,verb.part.f.s.elides.c2,3.52,3.07,0.4001,lexique,,
5,,impliquée,adressée,verb.part.f.s.elides.c2,3.62,3.79,0.3779,lexique,,
5,,inaugurée,agressée,verb.part.f.s.elides.c2,3.39,3.32,0.3206,lexique,,
5,,infligée,expliquée,verb.part.f.s.elides.c2,3.1,3.3,0.3171,lexique,,
5,,interrogée,envoyée,verb.part.f.s.elides.c2,3.24,4.01,0.3508,lexique,,
5,,émise,exigée,verb.part.f.s.elides.c2,3.45,3.22,0.3769,lexique,,
5,,érigée,accueillie,verb.part.f.s.elides.c2,3.3,3.5,0.3938,lexique,,
5,,capturés,remplacés,verb.part.m.p.consonant.c0,3.27,3.74,0.4835,lexique,,
5,,dotés,sortis,verb.part.m.p.consonant.c0,3.58,4.14,0.4449,lexique,,
5,,détruits,retournés,verb.part.m.p.consonant.c0,3.73,3.31,0.5144,lexique,,
5,,fixés,restés,verb.part.m.p.consonant.c0,3.78,4.05,0.3868,lexique,,
5,,lancés,fabriqués,verb.part.m.p.consonant.c0,3.63,3.76,0.418,lexique,,
5,,piégés,construits,verb.part.m.p.consonant.c0,3.15,3.83,0.3708,lexique,,
5,,posés,livrés,verb.part.m.p.consonant.c0,3.69,3.78,0.5367,lexique,,
5,,rivés,saisis,verb.part.m.p.consonant.c0,3.01,3.81,0.4198,lexique,,
5,,stockés,recouverts,verb.part.m.p.consonant.c0,3.11,3.33,0.4686,lexique,,
5,,testés,laissés,verb.part.m.p.consonant.c0,3.29,3.87,0.3848,lexique,,
5,,transformés,remontés,verb.part.m.p.consonant.c0,3.6,3.08,0.566,lexique,,
5,,vus,débordés,verb.part.m.p.consonant.c0,4.16,3.0,0.4275,lexique,,
5,,dominés,détectés,verb.part.m.p.consonant.c1,3.22,3.0,0.21,lexique,,
5,,dénoncés,récompensés,verb.part.m.p.consonant.c1,3.09,3.28,0.3392,lexique,,
5,,dévoilés,frappés,verb.part.m.p.consonant.c1,3.11,3.4,0.3685,lexique,,
5,,montrés,trahis,verb.part.m.p.consonant.c1,3.35,3.39,0.1352,lexique,,
5,,parcourus,délivrés,verb.part.m.p.consonant.c1,3.15,3.28,0.2103,lexique,,
5,,plongés,disputés,verb.part.m.p.consonant.c1,3.07,3.5,0.2496,lexique,,
5,,repartis,réagis,verb.part.m.p.consonant.c1,3.2,3.27,0.2465,lexique,,
5,,réjouis,récoltés,verb.part.m.p.consonant.c1,3.47,3.28,0.1688,lexique,,
5,,basés,prélevés,verb.part.m.p.consonant.c2,3.74,3.22,0.3471,lexique,,
5,,gérés,traduits,verb.part.m.p.consonant.c2,3.48,3.53,0.4216,lexique,,
5,,joués,transférés,verb.part.m.p.consonant.c2,3.39,3.45,0.3564,lexique,,
5,,lus,nommés,verb.part.m.p.consonant.c2,3.63,3.94,0.3595,lexique,,
5,,menés,notés,verb.part.m.p.consonant.c2,3.75,3.22,0.3938,lexique,,
5,,recensés,rédigés,verb.part.m.p.consonant.c2,3.39,3.32,0.5027,lexique,,
5,,rémunérés,parus,verb.part.m.p.consonant.c2,3.37,3.42,0.1835,lexique,,
5,,réunis,versés,verb.part.m.p.consonant.c2,4.31,3.52,0.409,lexique,,
5,,causés,mobilisés,verb.part.m.p.consonant.c3,3.74,3.58,0.3245,lexique,,
5,,collectés,pratiqués,verb.part.m.p.consonant.c3,3.14,3.41,0.4364,lexique,,
5,,comparés,renforcés,verb.part.m.p.consonant.c3,3.27,3.24,0.4264,lexique,,
5,,complétés,visités,verb.part.m.p.consonant.c3,3.03,3.24,0.345,lexique,,
5,,comptés,régis,verb.part.m.p.consonant.c3,3.3,3.75,0.2083,lexique,,
5,,constatés,comptabilisés,verb.part.m.p.consonant.c3,3.28,3.01,0.4507,lexique,,
5,,contrôlés,diversifiés,verb.part.m.p.consonant.c3,3.5,3.0,0.3852,lexique,,
5,,demandés,dus,verb.part.m.p.consonant.c3,3.58,3.78,0.3306,lexique,,
5,,destinés,pourvus,verb.part.m.p.consonant.c3,4.18,3.24,0.3652,lexique,,
5,,dépensés,préservés,verb.part.m.p.consonant.c3,3.05,3.02,0.3442,lexique,,
5,,favorisés,ciblés,verb.part.m.p.consonant.c3,3.07,3.29,0.3822,lexique,,
5,,financés,reconnus,verb.part.m.p.consonant.c3,3.48,3.98,0.5331,lexique,,
5,,garantis,contaminés,verb.part.m.p.consonant.c3,3.68,3.21,0.3729,lexique,,
5,,grandis,consultés,verb.part.m.p.consonant.c3,3.3,3.35,0.1912,lexique,,
5,,manipulés,survenus,verb.part.m.p.consonant.c3,3.04,3.42,0.0613,lexique,,
5,,proposés,rattachés,verb.part.m.p.consonant.c3,3.99,3.2,0.4749,lexique,,
5,,prévus,justifiés,verb.part.m.p.consonant.c3,4.03,3.0,0.3661,lexique,,
5,,vaccinés,calculés,verb.part.m.p.consonant.c3,3.01,3.17,0.1214,lexique,,
5,,accueillis,induits,verb.part.m.p.elides.c0,3.61,3.09,0.2493,lexique,,
5,,agressés,allés,verb.part.m.p.elides.c0,3.04,4.01,0.3181,lexique,,
5,,amenés,achetés,verb.part.m.p.elides.c0,3.69,3.69,0.3301,lexique,,
5,,apparus,exigés,verb.part.m.p.elides.c0,3.47,3.01,0.3781,lexique,,
5,,apportés,ornés,verb.part.m.p.elides.c0,3.53,3.19,0.3711,lexique,,
5,,appréciés,aidés,verb.part.m.p.elides.c0,3.51,3.65,0.3779,lexique,,
5,,attirés,annoncés,verb.part.m.p.elides.c0,3.49,3.56,0.4116,lexique,,
5,,augmentés,éduqués,verb.part.m.p.elides.c0,3.04,3.07,0.391,lexique,,
5,,effectués,édités,verb.part.m.p.elides.c0,3.97,3.14,0.4186,lexique,,
5,,entrés,acceptés,verb.part.m.p.elides.c0,3.78,3.49,0.4787,lexique,,
5,,exprimés,épargnés,verb.part.m.p.elides.c0,3.73,3.11,0.432,lexique,,
5,,expédiés,aménagés,verb.part.m.p.elides.c0,3.01,3.24,0.4239,lexique,,
5,,infiltrés,enregistrés,verb.part.m.p.elides.c0,3.02,3.85,0.4131,lexique,,
5,,installés,obtenus,verb.part.m.p.elides.c0,4.04,4.05,0.4424,lexique,,
5,,observés,adaptés,verb.part.m.p.elides.c0,3.59,3.82,0.3969,lexique,,
5,,agis,évalués,verb.part.m.p.elides.c1,3.4,3.26,0.2561,lexique,,
5,,attaqués,encouragés,verb.part.m.p.elides.c1,3.62,3.21,0.3602,lexique,,
5,,embarqués,adressés,verb.part.m.p.elides.c1,3.3,3.16,0.2574,lexique,,
5,,estimés,écoutés,verb.part.m.p.elides.c1,3.44,3.13,0.0854,lexique,,
5,,concocté,rassuré,verb.part.m.s.consonant.c0,3.06,3.66,0.4394,lexique,,
5,,déniché,remercié,verb.part.m.s.consonant.c0,3.0,3.43,0.321,lexique,,
5,,noté,préparé,verb.part.m.s.consonant.c0,4.09,4.27,0.3839,lexique,,
5,,pondu,posé,verb.part.m.s.consonant.c0,3.03,4.5,0.3696,lexique,,
5,,posté,déconné,verb.part.m.s.consonant.c0,4.13,3.0,0.233,lexique,,
5,,redit,capté,verb.part.m.s.consonant.c0,3.01,3.52,0.361,lexique,,
5,,regretté,revu,verb.part.m.s.consonant.c0,3.6,3.95,0.4468,lexique,,
5,,relayé,réfléchi,verb.part.m.s.consonant.c0,3.29,3.9,0.3496,lexique,,
5,,remarqué,soulagé,verb.part.m.s.consonant.c0,4.44,3.46,0.4677,lexique,,
5,,rencontré,souligné,verb.part.m.s.consonant.c0,4.61,3.91,0.5073,lexique,,
5,,repéré,démontré,verb.part.m.s.consonant.c0,3.82,4.1,0.4346,lexique,,
5,,réagi,rajouté,verb.part.m.s.consonant.c0,3.74,3.45,0.3478,lexique,,
5,,révélé,pensé,verb.part.m.s.consonant.c0,4.15,4.66,0.3874,lexique,,
5,,salué,filmé,verb.part.m.s.consonant.c0,3.52,3.85,0.3134,lexique,,
5,,testé,parlé,verb.part.m.s.consonant.c0,4.09,4.82,0.4946,lexique,,
5,,visité,guidé,verb.part.m.s.consonant.c0,3.96,3.53,0.3144,lexique,,
5,,voyagé,répété,verb.part.m.s.consonant.c0,3.58,3.81,0.2019,lexique,,
5,,calculé,propulsé,verb.part.m.s.consonant.c1,3.88,3.33,0.2285,lexique,,
5,,compensé,surveillé,verb.part.m.s.consonant.c1,3.27,3.49,0.4032,lexique,,
5,,cumulé,consulté,verb.part.m.s.consonant.c1,3.3,3.97,0.1229,lexique,,
5,,dispensé,préconisé,verb.part.m.s.consonant.c1,3.16,3.14,0.385,lexique,,
5,,diversifié,renseigné,verb.part.m.s.consonant.c1,3.29,3.46,0.2814,lexique,,
5,,fonctionné,transcrit,verb.part.m.s.consonant.c1,3.76,3.01,0.4605,lexique,,
5,,généré,positionné,verb.part.m.s.consonant.c1,3.55,3.24,0.3794,lexique,,
5,,maintenu,ciblé,verb.part.m.s.consonant.c1,3.93,3.43,0.3213,lexique,,
5,,mandaté,toléré,verb.part.m.s.consonant.c1,3.07,3.28,0.1265,lexique,,
5,,piraté,supervisé,verb.part.m.s.consonant.c1,3.34,3.1,0.2006,lexique,,
5,,simplifié,négocié,verb.part.m.s.consonant.c1,3.41,3.51,0.2443,lexique,,
5,,spécifié,progressé,verb.part.m.s.consonant.c1,3.22,3.59,0.3944,lexique,,
5,,titularisé,détecté,verb.part.m.s.consonant.c1,3.01,3.54,0.1466,lexique,,
5,,censuré,déclaré,verb.part.m.s.consonant.c10,3.33,4.59,0.2352,lexique,,
5,,combattu,démissionné,verb.part.m.s.consonant.c10,3.76,3.65,0.3458,lexique,,
5,,déclenché,lutté,verb.part.m.s.consonant.c10,3.8,3.27,0.4174,lexique,,
5,,démasqué,trahi,verb.part.m.s.consonant.c10,3.13,3.77,0.4047,lexique,,
5,,maltraité,redouté,verb.part.m.s.consonant.c10,3.12,3.03,0.3929,lexique,,
5,,nié,massacré,verb.part.m.s.consonant.c10,3.43,3.27,0.1471,lexique,,
5,,provoqué,statué,verb.part.m.s.consonant.c10,4.08,3.09,0.4942,lexique,,
5,,questionné,violé,verb.part.m.s.consonant.c10,3.05,3.85,0.2913,lexique,,
5,,retranché,craint,verb.part.m.s.consonant.c10,3.19,4.22,0.4238,lexique,,
5,,désactivé,basé,verb.part.m.s.consonant.c11,3.35,4.36,0.2158,lexique,,
5,,sécurisé,projeté,verb.part.m.s.consonant.c11,3.72,3.64,0.1135,lexique,,
5,,débloqué,cuisiné,verb.part.m.s.consonant.c12,3.17,3.06,0.3194,lexique,,
5,,filtré,fouillé,verb.part.m.s.consonant.c12,3.08,3.4,0.0992,lexique,,
5,,frit,copié,verb.part.m.s.consonant.c12,3.03,3.49,0.124,lexique,,
5,,photographié,rouillé,verb.part.m.s.consonant.c12,3.25,3.06,0.2951,lexique,,
5,,collaboré,baptisé,verb.part.m.s.consonant.c13,3.5,3.88,0.3393,lexique,,
5,,cédé,décerné,verb.part.m.s.consonant.c13,3.79,3.64,0.3634,lexique,,
5,,célébré,récolté,verb.part.m.s.consonant.c13,3.68,3.88,0.3004,lexique,,
5,,dessiné,prêté,verb.part.m.s.consonant.c13,3.82,4.06,0.2931,lexique,,
5,,débarqué,terminé,verb.part.m.s.consonant.c13,3.61,4.64,0.2234,lexique,,
5,,démarré,sorti,verb.part.m.s.consonant.c13,3.59,4.87,0.4523,lexique,,
5,,déménagé,réuni,verb.part.m.s.consonant.c13,3.71,4.01,0.3419,lexique,,
5,,dévoilé,revendu,verb.part.m.s.consonant.c13,3.78,3.21,0.4177,lexique,,
5,,fêté,créé,verb.part.m.s.consonant.c13,3.55,4.82,0.3451,lexique,,
5,,gagné,ressorti,verb.part.m.s.consonant.c13,4.81,3.39,0.359,lexique,,
5,,joué,récompensé,verb.part.m.s.consonant.c13,4.85,3.69,0.3995,lexique,,
5,,lancé,disputé,verb.part.m.s.consonant.c13,4.61,3.82,0.3836,lexique,,
5,,loué,paru,verb.part.m.s.consonant.c13,3.79,4.38,0.1895,lexique,,
5,,nominé,quitté,verb.part.m.s.consonant.c13,3.19,4.54,0.3027,lexique,,
5,,parié,rebaptisé,verb.part.m.s.consonant.c13,3.21,3.09,0.2769,lexique,,
5,,publié,séjourné,verb.part.m.s.consonant.c13,5.01,3.39,0.2872,lexique,,
5,,racheté,participé,verb.part.m.s.consonant.c13,3.73,4.46,0.2791,lexique,,
5,,rassemblé,repêché,verb.part.m.s.consonant.c13,3.59,3.2,0.3334,lexique,,
5,,recruté,réalisé,verb.part.m.s.consonant.c13,3.72,4.79,0.4495,lexique,,
5,,travaillé,misé,verb.part.m.s.consonant.c13,4.57,3.24,0.4236,lexique,,
5,,favorisé,convoité,verb.part.m.s.consonant.c14,3.6,3.06,0.2454,lexique,,
5,,joui,ressuscité,verb.part.m.s.consonant.c14,3.02,3.43,0.0257,lexique,,
5,,médiatisé,traduit,verb.part.m.s.consonant.c14,3.11,4.43,0.3033,lexique,,
5,,mérité,redonné,verb.part.m.s.consonant.c14,4.05,3.25,0.2876,lexique,,
5,,plaidé,supporté,verb.part.m.s.consonant.c14,3.24,3.55,0.3633,lexique,,
5,,redevenu,suscité,verb.part.m.s.consonant.c14,3.29,3.68,0.2848,lexique,,
5,,ressenti,considéré,verb.part.m.s.consonant.c14,4.09,4.61,0.4013,lexique,,
5,,régné,reconnu,verb.part.m.s.consonant.c14,3.16,4.6,0.2041,lexique,,
5,,vanté,triomphé,verb.part.m.s.consonant.c14,3.14,3.05,0.2423,lexique,,
5,,failli,déconseillé,verb.part.m.s.consonant.c2,4.2,3.19,0.2131,lexique,,
5,,fini,refusé,verb.part.m.s.consonant.c2,5.02,4.43,0.4423,lexique,,
5,,ravi,laissé,verb.part.m.s.consonant.c2,3.95,4.8,0.2699,lexique,,
5,,semblé,tardé,verb.part.m.s.consonant.c2,3.76,3.23,0.3157,lexique,,
5,,tenté,rentrait,verb.part.m.s.consonant.c2,4.47,3.42,0.4063,lexique,,
5,,balancé,plié,verb.part.m.s.consonant.c3,3.52,3.51,0.5433,lexique,,
5,,chopé,reparti,verb.part.m.s.consonant.c3,3.22,3.76,0.3266,lexique,,
5,,claqué,kidnappé,verb.part.m.s.consonant.c3,3.42,3.06,0.3617,lexique,,
5,,craqué,filé,verb.part.m.s.consonant.c3,3.62,3.49,0.5113,lexique,,
5,,digéré,refait,verb.part.m.s.consonant.c3,3.13,3.99,0.3995,lexique,,
5,,dormi,retombé,verb.part.m.s.consonant.c3,4.04,3.08,0.3763,lexique,,
5,,glissé,volé,verb.part.m.s.consonant.c3,3.68,4.21,0.4313,lexique,,
5,,lassé,cramé,verb.part.m.s.consonant.c3,3.16,3.16,0.3935,lexique,,
5,,lâché,collé,verb.part.m.s.consonant.c3,3.98,3.81,0.3781,lexique,,
5,,mangé,rené,verb.part.m.s.consonant.c3,4.32,4.32,0.0205,lexique,,
5,,menti,merdé,verb.part.m.s.consonant.c3,3.89,3.29,0.2852,lexique,,
5,,niqué,chié,verb.part.m.s.consonant.c3,3.17,3.37,0.1872,lexique,,
5,,piégé,trompé,verb.part.m.s.consonant.c3,3.39,4.15,0.4718,lexique,,
5,,sauté,cru,verb.part.m.s.consonant.c3,3.85,4.8,0.3625,lexique,,
5,,tiré,goûté,verb.part.m.s.consonant.c3,4.51,3.63,0.3549,lexique,,
5,,tombé,pigé,verb.part.m.s.consonant.c3,4.55,3.14,0.187,lexique,,
5,,triché,nui,verb.part.m.s.consonant.c3,3.09,3.22,0.2992,lexique,,
5,,tué,plu,verb.part.m.s.consonant.c3,4.74,4.13,0.2101,lexique,,
5,,viré,cogné,verb.part.m.s.consonant.c3,3.9,3.11,0.5417,lexique,,
5,,bossé,basculé,verb.part.m.s.consonant.c4,3.62,3.29,0.2851,lexique,,
5,,bouffé,pesé,verb.part.m.s.consonant.c4,3.35,3.31,0.225,lexique,,
5,,crié,chu,verb.part.m.s.consonant.c4,3.73,3.91,0.1272,lexique,,
5,,galéré,mêlé,verb.part.m.s.consonant.c4,3.0,3.61,0.0204,lexique,,
5,,senti,baisé,verb.part.m.s.consonant.c4,4.18,3.62,0.1908,lexique,,
5,,surgi,stressé,verb.part.m.s.consonant.c4,3.18,3.48,0.1542,lexique,,
5,,traîné,souri,verb.part.m.s.consonant.c4,3.37,3.34,0.2782,lexique,,
5,,construit,muté,verb.part.m.s.consonant.c5,4.55,3.19,0.4818,lexique,,
5,,daté,fusionné,verb.part.m.s.consonant.c5,3.71,3.13,0.2034,lexique,,
5,,démoli,représenté,verb.part.m.s.consonant.c5,3.28,4.19,0.5024,lexique,,
5,,fabriqué,regroupé,verb.part.m.s.consonant.c5,3.95,3.07,0.226,lexique,,
5,,modifié,recensé,verb.part.m.s.consonant.c5,4.18,3.15,0.2491,lexique,,
5,,pratiqué,renforcé,verb.part.m.s.consonant.c5,3.85,3.76,0.405,lexique,,
5,,prisé,transformé,verb.part.m.s.consonant.c5,3.19,4.14,0.4209,lexique,,
5,,propagé,rénové,verb.part.m.s.consonant.c5,3.0,3.48,0.0994,lexique,,
5,,restauré,centralisé,verb.part.m.s.consonant.c5,3.37,3.16,0.3055,lexique,,
5,,stationné,confondu,verb.part.m.s.consonant.c5,3.04,3.71,0.4551,lexique,,
5,,transféré,comporté,verb.part.m.s.consonant.c5,3.85,3.06,0.3799,lexique,,
5,,bénéficié,pénalisé,verb.part.m.s.consonant.c7,3.81,3.01,0.4669,lexique,,
5,,compté,notifié,verb.part.m.s.consonant.c7,3.92,3.0,0.3674,lexique,,
5,,conclu,renvoyé,verb.part.m.s.consonant.c7,4.2,3.87,0.4723,lexique,,
5,,crédité,sanctionné,verb.part.m.s.consonant.c7,3.22,3.46,0.5356,lexique,,
5,,destitué,taxé,verb.part.m.s.consonant.c7,3.14,3.12,0.337,lexique,,
5,,facturé,dicté,verb.part.m.s.consonant.c7,3.1,3.1,0.2157,lexique,,
5,,financé,remboursé,verb.part.m.s.consonant.c7,3.93,3.71,0.388,lexique,,
5,,fixé,rappelé,verb.part.m.s.consonant.c7,4.3,4.15,0.4427,lexique,,
5,,justifié,prélevé,verb.part.m.s.consonant.c7,3.87,3.34,0.4496,lexique,,
5,,livré,donné,verb.part.m.s.consonant.c7,4.2,5.29,0.4878,lexique,,
5,,lié,concédé,verb.part.m.s.consonant.c7,4.51,3.27,0.2909,lexique,,
5,,payé,rapporté,verb.part.m.s.consonant.c7,4.6,4.08,0.3271,lexique,,
5,,perçu,renouvelé,verb.part.m.s.consonant.c7,3.93,3.71,0.3685,lexique,,
5,,précisé,commandé,verb.part.m.s.consonant.c7,4.04,4.14,0.5,lexique,,
5,,prévenu,dépensé,verb.part.m.s.consonant.c7,4.19,3.86,0.3455,lexique,,
5,,renoncé,précédé,verb.part.m.s.consonant.c7,3.8,3.75,0.4146,lexique,,
5,,reporté,ratifié,verb.part.m.s.consonant.c7,3.5,3.26,0.3999,lexique,,
5,,retiré,confié,verb.part.m.s.consonant.c7,4.19,4.09,0.4923,lexique,,
5,,rédigé,prescrit,verb.part.m.s.consonant.c7,4.0,3.67,0.416,lexique,,
5,,rémunéré,voué,verb.part.m.s.consonant.c7,3.46,3.47,0.0942,lexique,,
5,,rétabli,porté,verb.part.m.s.consonant.c7,3.59,4.65,0.4167,lexique,,
5,,révoqué,supprimé,verb.part.m.s.consonant.c7,3.05,4.07,0.369,lexique,,
5,,souscrit,signalé,verb.part.m.s.consonant.c7,3.47,4.0,0.4505,lexique,,
5,,tenu,décrété,verb.part.m.s.consonant.c7,4.75,3.39,0.3497,lexique,,
5,,voté,mentionné,verb.part.m.s.consonant.c7,4.39,4.29,0.3256,lexique,,
5,,balayé,repassé,verb.part.m.s.consonant.c8,3.18,3.09,0.3388,lexique,,
5,,bousculé,grimpé,verb.part.m.s.consonant.c8,3.06,3.15,0.4125,lexique,,
5,,brandi,parcouru,verb.part.m.s.consonant.c8,3.0,3.83,0.3523,lexique,,
5,,capturé,baigné,verb.part.m.s.consonant.c8,3.64,3.06,0.3762,lexique,,
5,,causé,ménagé,verb.part.m.s.consonant.c8,4.17,3.03,0.3139,lexique,,
5,,chuté,réveillé,verb.part.m.s.consonant.c8,3.47,4.02,0.3227,lexique,,
5,,coûté,frôlé,verb.part.m.s.consonant.c8,3.98,3.02,0.4008,lexique,,
5,,côtoyé,resté,verb.part.m.s.consonant.c8,3.2,4.47,0.4291,lexique,,
5,,duré,ramené,verb.part.m.s.consonant.c8,4.03,3.95,0.2855,lexique,,
5,,déstabilisé,subi,verb.part.m.s.consonant.c8,3.01,4.28,0.4586,lexique,,
5,,détruit,retourné,verb.part.m.s.consonant.c8,4.44,4.0,0.4368,lexique,,
5,,façonné,couru,verb.part.m.s.consonant.c8,3.13,3.8,0.3361,lexique,,
5,,grandi,ramassé,verb.part.m.s.consonant.c8,4.19,3.38,0.3077,lexique,,
5,,marqué,remonté,verb.part.m.s.consonant.c8,4.61,3.66,0.4184,lexique,,
5,,miné,renié,verb.part.m.s.consonant.c8,3.07,3.05,0.4057,lexique,,
5,,percuté,saccagé,verb.part.m.s.consonant.c8,3.3,3.02,0.575,lexique,,
5,,plongé,foulé,verb.part.m.s.consonant.c8,3.71,3.04,0.5001,lexique,,
5,,péri,dominé,verb.part.m.s.consonant.c8,3.63,3.82,0.3788,lexique,,
5,,rompu,fui,verb.part.m.s.consonant.c8,3.75,3.81,0.4178,lexique,,
5,,rongé,baissé,verb.part.m.s.consonant.c8,3.0,3.87,0.3296,lexique,,
5,,récupéré,frappé,verb.part.m.s.consonant.c8,4.07,4.38,0.4482,lexique,,
5,,résisté,crû,verb.part.m.s.consonant.c8,3.58,3.06,0.4157,lexique,,
5,,saigné,succombé,verb.part.m.s.consonant.c8,3.03,3.32,0.6298,lexique,,
5,,sauvé,submergé,verb.part.m.s.consonant.c8,4.19,3.15,0.4906,lexique,,
5,,secouru,gardé,verb.part.m.s.consonant.c8,3.09,4.21,0.5206,lexique,,
5,,souffert,retrouvé,verb.part.m.s.consonant.c8,4.05,4.58,0.5499,lexique,,
5,,survécu,rasé,verb.part.m.s.consonant.c8,3.93,3.53,0.4713,lexique,,
5,,vécu,débordé,verb.part.m.s.consonant.c8,4.67,3.29,0.3863,lexique,,
5,,doté,béni,verb.part.m.s.consonant.c9,4.06,3.58,-0.1112,lexique,,
5,,forgé,revêtu,verb.part.m.s.consonant.c9,3.51,3.18,0.1893,lexique,,
5,,accompagné,applaudi,verb.part.m.s.elides.c0,4.4,3.26,0.3568,lexique,,
5,,adressé,abordé,verb.part.m.s.elides.c0,3.92,3.75,0.3568,lexique,,
5,,agi,essuyé,verb.part.m.s.elides.c0,3.94,3.18,0.3758,lexique,,
5,,agressé,encouragé,verb.part.m.s.elides.c0,3.74,3.68,0.3602,lexique,,
5,,amené,immobilisé,verb.part.m.s.elides.c0,4.28,3.05,0.4346,lexique,,
5,,approché,enquêté,verb.part.m.s.elides.c0,3.54,3.08,0.23,lexique,,
5,,attaqué,escompté,verb.part.m.s.elides.c0,4.23,3.08,0.3864,lexique,,
5,,encerclé,enseigné,verb.part.m.s.elides.c0,3.04,3.78,0.2606,lexique,,
5,,examiné,insisté,verb.part.m.s.elides.c0,3.77,3.79,0.4715,lexique,,
5,,expliqué,amorcé,verb.part.m.s.elides.c0,4.35,3.03,0.4268,lexique,,
5,,exprimé,entamé,verb.part.m.s.elides.c0,4.08,3.57,0.3853,lexique,,
5,,incité,éprouvé,verb.part.m.s.elides.c0,3.33,3.44,0.2544,lexique,,
5,,interpellé,appuyé,verb.part.m.s.elides.c0,3.59,3.83,0.4336,lexique,,
5,,interprété,aidé,verb.part.m.s.elides.c0,3.86,4.33,0.1888,lexique,,
5,,interrogé,annoncé,verb.part.m.s.elides.c0,3.88,4.59,0.4827,lexique,,
5,,opéré,ébranlé,verb.part.m.s.elides.c0,3.8,3.15,0.4204,lexique,,
5,,échangé,arrêté,verb.part.m.s.elides.c0,3.74,4.91,0.2742,lexique,,
5,,échoué,intervenu,verb.part.m.s.elides.c0,4.03,3.59,0.3105,lexique,,
5,,étudié,accepté,verb.part.m.s.elides.c0,4.27,4.47,0.3617,lexique,,
5,,évoqué,ordonné,verb.part.m.s.elides.c0,3.97,4.12,0.4129,lexique,,
5,,abaissé,octroyé,verb.part.m.s.elides.c1,3.14,3.11,0.2991,lexique,,
5,,aligné,effectué,verb.part.m.s.elides.c1,3.3,4.3,0.4895,lexique,,
5,,alloué,avéré,verb.part.m.s.elides.c1,3.28,3.69,0.2068,lexique,,
5,,amplifié,exigé,verb.part.m.s.elides.c1,3.03,3.67,0.0747,lexique,,
5,,annexé,abouti,verb.part.m.s.elides.c1,3.22,3.73,0.1202,lexique,,
5,,excédé,instauré,verb.part.m.s.elides.c1,3.04,3.45,0.3911,lexique,,
5,,injecté,expiré,verb.part.m.s.elides.c1,3.29,3.14,0.2298,lexique,,
5,,obtenu,élargi,verb.part.m.s.elides.c1,4.66,3.5,0.315,lexique,,
5,,évalué,unifié,verb.part.m.s.elides.c1,3.65,3.16,0.3977,lexique,,
5,,accueilli,opté,verb.part.m.s.elides.c2,4.11,3.53,0.3037,lexique,,
5,,accédé,institué,verb.part.m.s.elides.c2,3.15,3.3,0.3403,lexique,,
5,,acheté,embauché,verb.part.m.s.elides.c2,4.64,3.66,0.3527,lexique,,
5,,aménagé,ajouté,verb.part.m.s.elides.c2,3.62,4.53,0.2994,lexique,,
5,,assigné,apparu,verb.part.m.s.elides.c2,3.53,4.03,0.3355,lexique,,
5,,enregistré,utilisé,verb.part.m.s.elides.c2,4.33,4.91,0.4194,lexique,,
5,,implanté,abîmé,verb.part.m.s.elides.c2,3.63,3.25,0.2985,lexique,,
5,,épousé,anéanti,verb.part.m.s.elides.c2,3.85,3.26,0.2818,lexique,,
5,,érigé,édité,verb.part.m.s.elides.c2,3.51,3.91,0.2819,lexique,,
5,,admiré,agrémenté,verb.part.m.s.elides.c3,3.21,3.0,0.2839,lexique,,
5,,orchestré,attiré,verb.part.m.s.elides.c3,3.14,4.08,0.1224,lexique,,
5,,orné,axé,verb.part.m.s.elides.c3,3.57,3.43,0.0556,lexique,,
5,,osé,entouré,verb.part.m.s.elides.c3,4.07,4.21,-0.0382,lexique,,
5,,oublié,imprégné,verb.part.m.s.elides.c3,4.81,3.12,0.3831,lexique,,
5,,écouté,inventé,verb.part.m.s.elides.c3,4.15,4.19,0.2814,lexique,,
5,,affronté,aggravé,verb.part.m.s.elides.c4,3.22,3.21,0.1744,lexique,,
5,,avalé,enfoncé,verb.part.m.s.elides.c4,3.29,3.37,0.2573,lexique,,
5,,enlevé,aveuglé,verb.part.m.s.elides.c4,4.14,3.07,0.2083,lexique,,
5,,explosé,arrangé,verb.part.m.s.elides.c4,3.96,3.48,0.2142,lexique,,
5,,insulté,envahi,verb.part.m.s.elides.c4,3.6,3.72,0.2246,lexique,,
5,,épinglé,allé,verb.part.m.s.elides.c4,3.12,4.66,0.0597,lexique,,
5,,choisisse,croie,verb.sub:pre:1s_sub:pre:3s.consonant.c0,3.11,3.22,0.4105,lexique,,
5,,doive,comprenne,verb.sub:pre:1s_sub:pre:3s.consonant.c0,3.54,3.66,0.2515,lexique,,
5,,finisse,connaisse,verb.sub:pre:1s_sub:pre:3s.consonant.c0,3.72,3.77,0.1233,lexique,,
5,,plaise,reproduise,verb.sub:pre:1s_sub:pre:3s.consonant.c0,3.65,3.14,0.3,lexique,,
5,,puisse,souvienne,verb.sub:pre:1s_sub:pre:3s.consonant.c0,4.97,3.2,0.273,lexique,,
5,,réussisse,paraisse,verb.sub:pre:1s_sub:pre:3s.consonant.c0,3.18,3.15,0.3015,lexique,,
5,,serve,reconnaisse,verb.sub:pre:1s_sub:pre:3s.consonant.c0,3.54,3.25,0.3267,lexique,,
5,,reçoive,prenne,verb.sub:pre:1s_sub:pre:3s.consonant.c1,3.16,4.23,0.3083,lexique,,
